phase,metric,n_skaters,elite_mean,elite_std
start_rest,torso_lean_angle_deg,3,50.98669149619126,26.677579399463994
start_rest,hip_velocity,3,0.048392273461825015,0.057790239284146436
start_rest,hip_acceleration_abs,3,0.035044103530064416,0.04270591423971605
start_rest,right_knee_filtered,3,141.59623667261965,24.62673813290703
start_rest,left_knee_filtered,3,138.01928552182355,34.80537646881488
start_rest,hip_to_ankle_vertical_right,3,2.7785424963106493,2.775999244258234
start_rest,hip_to_ankle_2d_right,3,2.838276146668776,2.840976944117893
start_rest,hip_to_ankle_lateral_right,3,0.5426222250504146,0.6199665024431594
start_acceleration,torso_lean_angle_deg,3,40.50131619884292,24.64134534608825
start_acceleration,hip_velocity,3,0.028084233102733114,0.013401393397865181
start_acceleration,hip_acceleration_abs,3,0.017816688692721423,0.0072491480635218
start_acceleration,right_knee_filtered,3,121.35641009035517,24.488042542612334
start_acceleration,left_knee_filtered,3,117.4732919412573,20.63243649794893
start_acceleration,hip_to_ankle_vertical_right,3,0.9763977540501309,0.30382295984099006
start_acceleration,hip_to_ankle_2d_right,3,1.0630388608815984,0.26691209287009215
start_acceleration,hip_to_ankle_lateral_right,3,0.31022172170583073,0.07933697420132159
corner,torso_lean_angle_deg,3,42.72003124733774,19.869122842090466
corner,hip_velocity,3,0.04165247294481452,0.01310637457180511
corner,hip_acceleration_abs,3,0.02934721300931879,0.005415111908067863
corner,right_knee_filtered,3,149.11034773676758,8.640441494031442
corner,left_knee_filtered,3,139.02842543377605,9.408258906796862
corner,hip_to_ankle_vertical_right,3,1.1717409639561662,0.1498397366018811
corner,hip_to_ankle_2d_right,3,1.3333484399974693,0.1851823696787988
corner,hip_to_ankle_lateral_right,3,0.5274693510942877,0.10146239006361124
straightaway,torso_lean_angle_deg,3,42.385651008775035,13.469463524806617
straightaway,hip_velocity,3,0.03433367560017244,0.024466067627011295
straightaway,hip_acceleration_abs,3,0.028748610021787812,0.02053071389179636
straightaway,right_knee_filtered,3,134.50726553397115,16.506664041641404
straightaway,left_knee_filtered,3,133.90430751746337,10.11210874395632
straightaway,hip_to_ankle_vertical_right,3,1.0667568828686742,0.058432378642346246
straightaway,hip_to_ankle_2d_right,3,1.1773162553140386,0.13058994914292552
straightaway,hip_to_ankle_lateral_right,3,0.40546813790896336,0.17613782606296458
