skater,video_path,phase,start_frame,end_frame,date_confirmed,notes
start_candidate_3,data/start_candidate_3.mp4,start_rest,155,169,2026-09-18,visually confirmed held position
start_candidate_3,data/start_candidate_3.mp4,start_acceleration,193,245,2026-09-18,"visually confirmed post-launch, identity verified via gap-continuity check"
start_candidate_3,data/start_candidate_3.mp4,straightaway,785,884,2026-09-18,visually confirmed straightaway strides
start_candidate_3,data/start_candidate_3.mp4,start_rest,151,187,2026-09-19,"refined range, visually confirmed"
start_candidate_3,data/start_candidate_3.mp4,start_acceleration,195,267,2026-09-19,"refined range, visually confirmed"
start_candidate_3,data/start_candidate_3.mp4,corner,557,578,2026-09-19,"identity-verified (0.7536 similarity), single consistent candidate throughout per frame-by-frame scan, real clean corner segment"
start_candidate_3,data/start_candidate_3.mp4,excluded_superseded,250,625,2026-09-19,"Superseded by the verified 250-430 sub-range logged separately (0.7658 similarity). This broader range is excluded since it still overlaps known-bad zones (482-556 gap/ambiguity, 557-578 which is actually corner)."
start_candidate_3,data/start_candidate_3.mp4,straightaway,749,860,2026-09-19,visually confirmed straightaway strides
start_candidate_2,data/start_candidate_2.mp4,start_rest,1378,1446,2026-09-19,visually confirmed before gun
start_candidate_2,data/start_candidate_2.mp4,start_acceleration,1448,1526,2026-09-19,"visually confirmed after gun, side view"
Sven Kramer,data/sven_kramer_ref.mp4,straightaway,300,750,2026-09-19,"entire reviewed window confirmed straightaway, no corner present in this segment"
start_candidate_3,data/start_candidate_3.mp4,excluded_ambiguous,863,1049,2026-09-19,"identity check inconsistent across multiple sub-range tests (0.5062, then 0.2863 similarity) - tracker appears to swap between two skaters despite scene visually showing corner content throughout for both. NOT used for analysis."
start_candidate_3,data/start_candidate_3.mp4,excluded_ambiguous,482,556,2026-09-19,real detection gaps (0 candidates at frames 482-515) and multi-candidate ambiguity (530-554) confirmed via frame-by-frame scan. NOT used for analysis.
Haralds Silovs,data/silovs.mp4,corner,640,750,2026-09-19,"identity-verified (0.9030 similarity, 11 frames each side), fully clean single-candidate stretch confirmed via frame-by-frame scan, longest and cleanest corner segment so far"
Haralds Silovs,data/silovs.mp4,corner,280,370,2026-09-19,"identity-verified (0.9689 similarity, 11 frames each side), fully clean single-candidate stretch confirmed via frame-by-frame scan, second clean corner segment from this skater"
start_candidate_3,data/start_candidate_3.mp4,straightaway,250,430,2026-09-19,"identity-verified (0.7658 similarity), recovered from the originally-flagged unverified 250-625 range by narrowing to a sub-range that avoids the known gap/ambiguity zone (482-556) and the confirmed corner segment (557-578)"
Patrick Meek,data/patrick_meek_3000m.mp4,start_rest,383,503,2026-09-19,"identity-verified within-phase (0.8125 similarity, 6/8 frames), fully clean single-candidate scan across entire range (70/70 sampled frames). Cross-phase check (rest vs acceleration) came back only moderate (0.6717) but this is attributed to genuine pose/motion-blur change between held crouch and full stride, not an identity swap, given the perfectly clean scan."
Patrick Meek,data/patrick_meek_3000m.mp4,start_acceleration,506,590,2026-09-19,"identity-verified within-phase (0.7237 similarity, 9/11 frames), fully clean single-candidate scan across entire range (70/70 sampled frames)"
Patrick Meek,data/patrick_meek_3000m.mp4,corner,767,815,2026-09-21,"identity-verified within a narrow window (0.8536 similarity, 6/5 frames). A wider comparison (767-893) initially returned LOW similarity (0.3477) but this was determined to be a pose-variability confound, not an identity swap -- corner phase has high natural lean-angle variance (per 9/18 finding), which can exceed appearance-histogram reliability over long spans. Fully clean candidate scan (0/0/0 problem frames) across the whole original range."
Patrick Meek,data/patrick_meek_3000m.mp4,straightaway,746,762,2026-09-21,"identity-verified via narrow-window check on the wider 746-790 range (0.9266 similarity), but visually found that range transitions into corner starting around frame 780; trimmed to 746-762 to stay purely within straightaway phase, confirmed clean via visual check at frame 762 as the cutoff."
Ragne Wiklund,data/ragne_wiklund.mp4,external_test,1065,1080,2026-09-24,"STRAIGHTAWAY segment, held out of the elite reference as the external test subject (use --phase straightaway when comparing). identity-verified (0.8549 similarity) after fixing a real sequential-read bug in check_same_skater_identity.py; confirmed clean single-candidate stretch via frame-by-frame scan"
Sander Eitrem,data/inzell_2026_5000m.mp4,straightaway,7946,7988,2026-09-28,"lap 11, Inzell 2026 5000m (WR race). Identity confirmed visually from dense frame sheet (only red NORGE suit in frame); histogram check unreliable in panning rail-cam shots. Trimmed to exclude camera cuts / phase transitions."
Sander Eitrem,data/inzell_2026_5000m.mp4,corner,1632,1684,2026-09-28,"lap 2, Inzell 2026 5000m (WR race). Phase confirmed by researcher from frame sheet (side rail-cam tracks the curve -- boards look straight but skater is cornering). Identity confirmed visually (only red NORGE suit in frame); histogram check unreliable in panning rail-cam shots. Trimmed to exclude camera cuts."
Sander Eitrem,data/inzell_2026_5000m.mp4,corner,2760,2812,2026-09-28,"lap 4, Inzell 2026 5000m (WR race). Phase confirmed by researcher from frame sheet (side rail-cam tracks the curve -- boards look straight but skater is cornering). Identity confirmed visually (only red NORGE suit in frame); histogram check unreliable in panning rail-cam shots. Trimmed to exclude camera cuts."
Sander Eitrem,data/inzell_2026_5000m.mp4,corner,7254,7330,2026-09-28,"lap 10, first 8 frames (7246-7253) were straightaway and excluded. Inzell 2026 5000m (WR race). Phase confirmed by researcher from frame sheet (side rail-cam tracks the curve -- boards look straight but skater is cornering). Identity confirmed visually (only red NORGE suit in frame); histogram check unreliable in panning rail-cam shots. Trimmed to exclude camera cuts."
Sander Eitrem,data/inzell_2026_5000m.mp4,corner,7342,7372,2026-09-28,"lap 10, Inzell 2026 5000m (WR race). Phase confirmed by researcher from frame sheet (side rail-cam tracks the curve -- boards look straight but skater is cornering). Identity confirmed visually (only red NORGE suit in frame); histogram check unreliable in panning rail-cam shots. Trimmed to exclude camera cuts."
Sander Eitrem,data/inzell_2026_5000m.mp4,corner,8678,8702,2026-09-28,"lap 12, 8658-8674 was straightaway (too short to use) and excluded. Inzell 2026 5000m (WR race). Phase confirmed by researcher from frame sheet (side rail-cam tracks the curve -- boards look straight but skater is cornering). Identity confirmed visually (only red NORGE suit in frame); histogram check unreliable in panning rail-cam shots. Trimmed to exclude camera cuts."
Sander Eitrem,data/inzell_2026_5000m.mp4,corner,8712,8752,2026-09-28,"lap 12, Inzell 2026 5000m (WR race). Phase confirmed by researcher from frame sheet (side rail-cam tracks the curve -- boards look straight but skater is cornering). Identity confirmed visually (only red NORGE suit in frame); histogram check unreliable in panning rail-cam shots. Trimmed to exclude camera cuts."
Sander Eitrem,data/inzell_2026_5000m.mp4,corner,8760,8806,2026-09-28,"lap 12, Inzell 2026 5000m (WR race). Phase confirmed by researcher from frame sheet (side rail-cam tracks the curve -- boards look straight but skater is cornering). Identity confirmed visually (only red NORGE suit in frame); histogram check unreliable in panning rail-cam shots. Trimmed to exclude camera cuts."
Sven Kramer,data/beijing_2022_5000m.mp4,corner,10170,10356,2026-09-29,"lap 3, Beijing 2022 5000m, pair 1 (vs Viktor Hald Thorup). Phase called by researcher from frame sheet (step 6). Identity visual: Kramer in orange NED suit, Thorup in red. Lap from on-screen race clock."
Sven Kramer,data/beijing_2022_5000m.mp4,straightaway,10470,10584,2026-09-29,"lap 3, 10452-10464 excluded (person blocking view). Beijing 2022 5000m, pair 1 (vs Viktor Hald Thorup). Phase called by researcher from frame sheet (step 6). Identity visual: Kramer in orange NED suit, Thorup in red. Lap from on-screen race clock."
Sven Kramer,data/beijing_2022_5000m.mp4,corner,10590,10785,2026-09-29,"lap 3, Beijing 2022 5000m, pair 1 (vs Viktor Hald Thorup). Phase called by researcher from frame sheet (step 6). Identity visual: Kramer in orange NED suit, Thorup in red. Lap from on-screen race clock."
Sven Kramer,data/beijing_2022_5000m.mp4,corner,12378,12534,2026-09-29,"lap 5, Beijing 2022 5000m, pair 1 (vs Viktor Hald Thorup). Phase called by researcher from frame sheet (step 6). Identity visual: Kramer in orange NED suit, Thorup in red. Lap from on-screen race clock."
Sven Kramer,data/beijing_2022_5000m.mp4,corner,13371,13470,2026-09-29,"lap 6, Beijing 2022 5000m, pair 1 (vs Viktor Hald Thorup). Phase called by researcher from frame sheet (step 6). Identity visual: Kramer in orange NED suit, Thorup in red. Lap from on-screen race clock."
Sven Kramer,data/beijing_2022_5000m.mp4,corner,13722,13800,2026-09-29,"lap 6, Beijing 2022 5000m, pair 1 (vs Viktor Hald Thorup). Phase called by researcher from frame sheet (step 6). Identity visual: Kramer in orange NED suit, Thorup in red. Lap from on-screen race clock."
Sven Kramer,data/beijing_2022_5000m.mp4,straightaway,15852,15930,2026-09-29,"lap 9, Beijing 2022 5000m, pair 1 (vs Viktor Hald Thorup). Phase called by researcher from frame sheet (step 6). Identity visual: Kramer in orange NED suit, Thorup in red. Lap from on-screen race clock."
Sven Kramer,data/beijing_2022_5000m.mp4,corner,15936,15981,2026-09-29,"lap 9, Beijing 2022 5000m, pair 1 (vs Viktor Hald Thorup). Phase called by researcher from frame sheet (step 6). Identity visual: Kramer in orange NED suit, Thorup in red. Lap from on-screen race clock."
Sven Kramer,data/beijing_2022_5000m.mp4,corner,15993,16113,2026-09-29,"lap 9, Beijing 2022 5000m, pair 1 (vs Viktor Hald Thorup). Phase called by researcher from frame sheet (step 6). Identity visual: Kramer in orange NED suit, Thorup in red. Lap from on-screen race clock."
Sven Kramer,data/beijing_2022_5000m.mp4,straightaway,16782,16860,2026-09-29,"lap 10, Beijing 2022 5000m, pair 1 (vs Viktor Hald Thorup). Phase called by researcher from frame sheet (step 6). Identity visual: Kramer in orange NED suit, Thorup in red. Lap from on-screen race clock."
Sven Kramer,data/beijing_2022_5000m.mp4,corner,16866,17076,2026-09-29,"lap 10, Beijing 2022 5000m, pair 1 (vs Viktor Hald Thorup). Phase called by researcher from frame sheet (step 6). Identity visual: Kramer in orange NED suit, Thorup in red. Lap from on-screen race clock."
Sven Kramer,data/beijing_2022_5000m.mp4,straightaway,17082,17112,2026-09-29,"lap 10, Beijing 2022 5000m, pair 1 (vs Viktor Hald Thorup). Phase called by researcher from frame sheet (step 6). Identity visual: Kramer in orange NED suit, Thorup in red. Lap from on-screen race clock."
Sven Kramer,data/beijing_2022_5000m.mp4,corner,17742,17796,2026-09-29,"lap 11, 17712-17736 straightaway too short (0.8 s), not logged. Beijing 2022 5000m, pair 1 (vs Viktor Hald Thorup). Phase called by researcher from frame sheet (step 6). Identity visual: Kramer in orange NED suit, Thorup in red. Lap from on-screen race clock."
Sven Kramer,data/beijing_2022_5000m.mp4,straightaway,18603,18693,2026-09-29,"lap 12, Beijing 2022 5000m, pair 1 (vs Viktor Hald Thorup). Phase called by researcher from frame sheet (step 6). Identity visual: Kramer in orange NED suit, Thorup in red. Lap from on-screen race clock."
Sven Kramer,data/beijing_2022_5000m.mp4,corner,18699,18819,2026-09-29,"lap 12, Beijing 2022 5000m, pair 1 (vs Viktor Hald Thorup). Phase called by researcher from frame sheet (step 6). Identity visual: Kramer in orange NED suit, Thorup in red. Lap from on-screen race clock."
Patrick Roest,data/beijing_2022_5000m.mp4,straightaway,67908,67977,2026-09-30,"lap 2, Beijing 2022 5000m, pair 5 (vs Andrea Giovannini). Phase called by researcher from frame sheet (step 6). Identity visual: Roest in orange NED suit. Lap from on-screen race clock."
Patrick Roest,data/beijing_2022_5000m.mp4,corner,68466,68532,2026-09-30,"lap 3, Beijing 2022 5000m, pair 5 (vs Andrea Giovannini). Phase called by researcher from frame sheet (step 6). Identity visual: Roest in orange NED suit. Lap from on-screen race clock."
Patrick Roest,data/beijing_2022_5000m.mp4,straightaway,68853,68901,2026-09-30,"lap 3, 68907-68919 corner too short (0.4 s), not logged. Beijing 2022 5000m, pair 5 (vs Andrea Giovannini). Phase called by researcher from frame sheet (step 6). Identity visual: Roest in orange NED suit. Lap from on-screen race clock."
Patrick Roest,data/beijing_2022_5000m.mp4,straightaway,69585,69663,2026-09-30,"lap 4, Beijing 2022 5000m, pair 5 (vs Andrea Giovannini). Phase called by researcher from frame sheet (step 6). Identity visual: Roest in orange NED suit. Lap from on-screen race clock."
Patrick Roest,data/beijing_2022_5000m.mp4,corner,69834,69954,2026-09-30,"lap 4, Beijing 2022 5000m, pair 5 (vs Andrea Giovannini). Phase called by researcher from frame sheet (step 6). Identity visual: Roest in orange NED suit. Lap from on-screen race clock."
Patrick Roest,data/beijing_2022_5000m.mp4,straightaway,70497,70590,2026-09-30,"lap 5, Beijing 2022 5000m, pair 5 (vs Andrea Giovannini). Phase called by researcher from frame sheet (step 6). Identity visual: Roest in orange NED suit. Lap from on-screen race clock."
Patrick Roest,data/beijing_2022_5000m.mp4,straightaway,70611,70654,2026-09-30,"lap 5, Beijing 2022 5000m, pair 5 (vs Andrea Giovannini). Phase called by researcher from frame sheet (step 6). Identity visual: Roest in orange NED suit. Lap from on-screen race clock."
Patrick Roest,data/beijing_2022_5000m.mp4,corner,70659,70833,2026-09-30,"lap 5, Beijing 2022 5000m, pair 5 (vs Andrea Giovannini). Phase called by researcher from frame sheet (step 6). Identity visual: Roest in orange NED suit. Lap from on-screen race clock."
Patrick Roest,data/beijing_2022_5000m.mp4,corner,71184,71292,2026-09-30,"lap 6, Beijing 2022 5000m, pair 5 (vs Andrea Giovannini). Phase called by researcher from frame sheet (step 6). Identity visual: Roest in orange NED suit. Lap from on-screen race clock."
Patrick Roest,data/beijing_2022_5000m.mp4,straightaway,71298,71370,2026-09-30,"lap 6, Beijing 2022 5000m, pair 5 (vs Andrea Giovannini). Phase called by researcher from frame sheet (step 6). Identity visual: Roest in orange NED suit. Lap from on-screen race clock."
Patrick Roest,data/beijing_2022_5000m.mp4,straightaway,71430,71490,2026-09-30,"lap 6, 71496-71520 corner too short (0.8 s), not logged. Beijing 2022 5000m, pair 5 (vs Andrea Giovannini). Phase called by researcher from frame sheet (step 6). Identity visual: Roest in orange NED suit. Lap from on-screen race clock."
Patrick Roest,data/beijing_2022_5000m.mp4,straightaway,73980,74130,2026-09-30,"lap 9, 74136-74163 corner too short (0.9 s), not logged. Beijing 2022 5000m, pair 5 (vs Andrea Giovannini). Phase called by researcher from frame sheet (step 6). Identity visual: Roest in orange NED suit. Lap from on-screen race clock."
Patrick Roest,data/beijing_2022_5000m.mp4,corner,74175,74295,2026-09-30,"lap 9, Possible person in foreground on scan thumbnail. Beijing 2022 5000m, pair 5 (vs Andrea Giovannini). Phase called by researcher from frame sheet (step 6). Identity visual: Roest in orange NED suit. Lap from on-screen race clock."
Patrick Roest,data/beijing_2022_5000m.mp4,corner,74571,74673,2026-09-30,"lap 9, Beijing 2022 5000m, pair 5 (vs Andrea Giovannini). Phase called by researcher from frame sheet (step 6). Identity visual: Roest in orange NED suit. Lap from on-screen race clock."
Patrick Roest,data/beijing_2022_5000m.mp4,straightaway,74937,74985,2026-09-30,"lap 10, Beijing 2022 5000m, pair 5 (vs Andrea Giovannini). Phase called by researcher from frame sheet (step 6). Identity visual: Roest in orange NED suit. Lap from on-screen race clock."
Patrick Roest,data/beijing_2022_5000m.mp4,corner,74991,75027,2026-09-30,"lap 10, Beijing 2022 5000m, pair 5 (vs Andrea Giovannini). Phase called by researcher from frame sheet (step 6). Identity visual: Roest in orange NED suit. Lap from on-screen race clock."
Patrick Roest,data/beijing_2022_5000m.mp4,corner,75051,75189,2026-09-30,"lap 10, Beijing 2022 5000m, pair 5 (vs Andrea Giovannini). Phase called by researcher from frame sheet (step 6). Identity visual: Roest in orange NED suit. Lap from on-screen race clock."
Patrick Roest,data/beijing_2022_5000m.mp4,straightaway,75756,75888,2026-09-30,"lap 11, Beijing 2022 5000m, pair 5 (vs Andrea Giovannini). Phase called by researcher from frame sheet (step 6). Identity visual: Roest in orange NED suit. Lap from on-screen race clock."
Patrick Roest,data/beijing_2022_5000m.mp4,corner,75894,76020,2026-09-30,"lap 11, Beijing 2022 5000m, pair 5 (vs Andrea Giovannini). Phase called by researcher from frame sheet (step 6). Identity visual: Roest in orange NED suit. Lap from on-screen race clock."
Patrick Roest,data/beijing_2022_5000m.mp4,corner,76818,76890,2026-09-30,"lap 12, Possible person in foreground on scan thumbnail. Beijing 2022 5000m, pair 5 (vs Andrea Giovannini). Phase called by researcher from frame sheet (step 6). Identity visual: Roest in orange NED suit. Lap from on-screen race clock."
Patrick Roest,data/beijing_2022_5000m.mp4,straightaway,77046,77136,2026-09-30,"lap 12, Beijing 2022 5000m, pair 5 (vs Andrea Giovannini). Phase called by researcher from frame sheet (step 6). Identity visual: Roest in orange NED suit. Lap from on-screen race clock."
Jorrit Bergsma,data/beijing_2022_5000m.mp4,corner,121698,121800,2026-09-30,"lap 3, Beijing 2022 5000m, pair 6 (vs Seitaro Ichinohe). Phase called by researcher from frame sheet (step 6). Identity visual: Bergsma in orange NED suit, Ichinohe in white. Lap from on-screen race clock."
Jorrit Bergsma,data/beijing_2022_5000m.mp4,straightaway,122064,122124,2026-09-30,"lap 3, Ichinohe may be far behind on scan thumbnail. Beijing 2022 5000m, pair 6 (vs Seitaro Ichinohe). Phase called by researcher from frame sheet (step 6). Identity visual: Bergsma in orange NED suit, Ichinohe in white. Lap from on-screen race clock."
Jorrit Bergsma,data/beijing_2022_5000m.mp4,corner,122130,122343,2026-09-30,"lap 3, Ichinohe may be far behind on scan thumbnail. Beijing 2022 5000m, pair 6 (vs Seitaro Ichinohe). Phase called by researcher from frame sheet (step 6). Identity visual: Bergsma in orange NED suit, Ichinohe in white. Lap from on-screen race clock."
Jorrit Bergsma,data/beijing_2022_5000m.mp4,corner,122592,122679,2026-09-30,"lap 4, Beijing 2022 5000m, pair 6 (vs Seitaro Ichinohe). Phase called by researcher from frame sheet (step 6). Identity visual: Bergsma in orange NED suit, Ichinohe in white. Lap from on-screen race clock."
Jorrit Bergsma,data/beijing_2022_5000m.mp4,corner,126960,127140,2026-09-30,"lap 9, 127146-127149 straightaway too short, not logged. Beijing 2022 5000m, pair 6 (vs Seitaro Ichinohe). Phase called by researcher from frame sheet (step 6). Identity visual: Bergsma in orange NED suit, Ichinohe in white. Lap from on-screen race clock."
Jorrit Bergsma,data/beijing_2022_5000m.mp4,straightaway,127296,127374,2026-09-30,"lap 9, Beijing 2022 5000m, pair 6 (vs Seitaro Ichinohe). Phase called by researcher from frame sheet (step 6). Identity visual: Bergsma in orange NED suit, Ichinohe in white. Lap from on-screen race clock."
Jorrit Bergsma,data/beijing_2022_5000m.mp4,corner,127380,127602,2026-09-30,"lap 9, 127608-127617 straightaway too short, not logged. Beijing 2022 5000m, pair 6 (vs Seitaro Ichinohe). Phase called by researcher from frame sheet (step 6). Identity visual: Bergsma in orange NED suit, Ichinohe in white. Lap from on-screen race clock."
Jorrit Bergsma,data/beijing_2022_5000m.mp4,straightaway,127707,127803,2026-09-30,"lap 9, Beijing 2022 5000m, pair 6 (vs Seitaro Ichinohe). Phase called by researcher from frame sheet (step 6). Identity visual: Bergsma in orange NED suit, Ichinohe in white. Lap from on-screen race clock."
Jorrit Bergsma,data/beijing_2022_5000m.mp4,corner,128793,128871,2026-09-30,"lap 11, Beijing 2022 5000m, pair 6 (vs Seitaro Ichinohe). Phase called by researcher from frame sheet (step 6). Identity visual: Bergsma in orange NED suit, Ichinohe in white. Lap from on-screen race clock."
Jorrit Bergsma,data/beijing_2022_5000m.mp4,corner,129174,129225,2026-09-30,"lap 11, 129144-129168 straightaway too short (0.8 s), not logged. Beijing 2022 5000m, pair 6 (vs Seitaro Ichinohe). Phase called by researcher from frame sheet (step 6). Identity visual: Bergsma in orange NED suit, Ichinohe in white. Lap from on-screen race clock."
Jorrit Bergsma,data/beijing_2022_5000m.mp4,corner,129270,129384,2026-09-30,"lap 11, Beijing 2022 5000m, pair 6 (vs Seitaro Ichinohe). Phase called by researcher from frame sheet (step 6). Identity visual: Bergsma in orange NED suit, Ichinohe in white. Lap from on-screen race clock."
Ted-Jan Bloemen,data/beijing_2022_5000m.mp4,straightaway,165849,165939,2026-10-01,"lap 1, 165831-165843 corner too short (0.4 s), not logged. Beijing 2022 5000m, pair 9 (vs Ruslan Zakharov). Phase called by researcher from frame sheet (step 6). Identity visual: Bloemen in black/red CAN suit, Zakharov in blue/red. Lap from on-screen race clock."
Ted-Jan Bloemen,data/beijing_2022_5000m.mp4,corner,167856,167946,2026-10-01,"lap 4, 167952-167958 excluded per researcher. Beijing 2022 5000m, pair 9 (vs Ruslan Zakharov). Phase called by researcher from frame sheet (step 6). Identity visual: Bloemen in black/red CAN suit, Zakharov in blue/red. Lap from on-screen race clock."
Ted-Jan Bloemen,data/beijing_2022_5000m.mp4,straightaway,168117,168219,2026-10-01,"lap 4, Zakharov may be far behind on scan thumbnail. Beijing 2022 5000m, pair 9 (vs Ruslan Zakharov). Phase called by researcher from frame sheet (step 6). Identity visual: Bloemen in black/red CAN suit, Zakharov in blue/red. Lap from on-screen race clock."
Ted-Jan Bloemen,data/beijing_2022_5000m.mp4,corner,168225,168261,2026-10-01,"lap 4, Beijing 2022 5000m, pair 9 (vs Ruslan Zakharov). Phase called by researcher from frame sheet (step 6). Identity visual: Bloemen in black/red CAN suit, Zakharov in blue/red. Lap from on-screen race clock."
Ted-Jan Bloemen,data/beijing_2022_5000m.mp4,straightaway,171594,171702,2026-10-01,"lap 8, Beijing 2022 5000m, pair 9 (vs Ruslan Zakharov). Phase called by researcher from frame sheet (step 6). Identity visual: Bloemen in black/red CAN suit, Zakharov in blue/red. Lap from on-screen race clock."
Ted-Jan Bloemen,data/beijing_2022_5000m.mp4,corner,171795,171963,2026-10-01,"lap 8, Beijing 2022 5000m, pair 9 (vs Ruslan Zakharov). Phase called by researcher from frame sheet (step 6). Identity visual: Bloemen in black/red CAN suit, Zakharov in blue/red. Lap from on-screen race clock."
Ted-Jan Bloemen,data/beijing_2022_5000m.mp4,corner,173169,173247,2026-10-01,"lap 10, Beijing 2022 5000m, pair 9 (vs Ruslan Zakharov). Phase called by researcher from frame sheet (step 6). Identity visual: Bloemen in black/red CAN suit, Zakharov in blue/red. Lap from on-screen race clock."
Ted-Jan Bloemen,data/beijing_2022_5000m.mp4,straightaway,175443,175521,2026-10-01,"lap 12, 175527-175539 corner too short (0.4 s), not logged. Person in frame on scan thumbnail. Beijing 2022 5000m, pair 9 (vs Ruslan Zakharov). Phase called by researcher from frame sheet (step 6). Identity visual: Bloemen in black/red CAN suit, Zakharov in blue/red. Lap from on-screen race clock."
Ted-Jan Bloemen,data/beijing_2022_5000m.mp4,corner,175566,175674,2026-10-01,"lap 12, Race clock ~6:07 -- may be near the finish. Beijing 2022 5000m, pair 9 (vs Ruslan Zakharov). Phase called by researcher from frame sheet (step 6). Identity visual: Bloemen in black/red CAN suit, Zakharov in blue/red. Lap from on-screen race clock."
Sven Kramer,data/beijing_2022_5000m.mp4,straightaway,16602,16674,2026-10-01,"lap 10, Beijing 2022 5000m, pair 1 (vs Viktor Hald Thorup). Phase re-checked by researcher 10/1 from frame sheet (step 6): replaces 16590-16632 corner + 16638-16683 straightaway; 16590-16596 corner too short, 16680 excluded (very zoomed out). Identity visual: Kramer in orange NED suit. Lap from on-screen race clock."
Felix Rijhnen,data/beijing_2022_5000m.mp4,corner,24972,25128,2026-10-02,"lap 3, shot: side. Beijing 2022 5000m, pair 2 (vs Emery Lehman). Phase and camera shot type called by researcher from frame sheet (step 6). Identity visual: Rijhnen in black GER suit. Lap from on-screen race clock."
Felix Rijhnen,data/beijing_2022_5000m.mp4,corner,26013,26043,2026-10-02,"lap 4, shot: wide. Beijing 2022 5000m, pair 2 (vs Emery Lehman). Phase and camera shot type called by researcher from frame sheet (step 6). Identity visual: Rijhnen in black GER suit. Lap from on-screen race clock."
Felix Rijhnen,data/beijing_2022_5000m.mp4,corner,26049,26091,2026-10-02,"lap 4, shot: front. Beijing 2022 5000m, pair 2 (vs Emery Lehman). Phase and camera shot type called by researcher from frame sheet (step 6). Identity visual: Rijhnen in black GER suit. Lap from on-screen race clock."
Felix Rijhnen,data/beijing_2022_5000m.mp4,straightaway,27486,27600,2026-10-02,"lap 5, shot: front. 27474-27480 wide straightaway too short, not logged. Beijing 2022 5000m, pair 2 (vs Emery Lehman). Phase and camera shot type called by researcher from frame sheet (step 6). Identity visual: Rijhnen in black GER suit. Lap from on-screen race clock."
Felix Rijhnen,data/beijing_2022_5000m.mp4,straightaway,29271,29385,2026-10-02,"lap 7, shot: front. Beijing 2022 5000m, pair 2 (vs Emery Lehman). Phase and camera shot type called by researcher from frame sheet (step 6). Identity visual: Rijhnen in black GER suit. Lap from on-screen race clock."
Felix Rijhnen,data/beijing_2022_5000m.mp4,corner,29505,29595,2026-10-02,"lap 7, shot: side. Possible person in foreground on scan thumbnail. Beijing 2022 5000m, pair 2 (vs Emery Lehman). Phase and camera shot type called by researcher from frame sheet (step 6). Identity visual: Rijhnen in black GER suit. Lap from on-screen race clock."
Felix Rijhnen,data/beijing_2022_5000m.mp4,straightaway,31917,32007,2026-10-02,"lap 10, shot: front. Beijing 2022 5000m, pair 2 (vs Emery Lehman). Phase and camera shot type called by researcher from frame sheet (step 6). Identity visual: Rijhnen in black GER suit. Lap from on-screen race clock."
Felix Rijhnen,data/beijing_2022_5000m.mp4,straightaway,32457,32613,2026-10-02,"lap 11, shot: front. 32619-32637 front corner and 32643-32661 side corner too short (0.6 s each), not logged. Beijing 2022 5000m, pair 2 (vs Emery Lehman). Phase and camera shot type called by researcher from frame sheet (step 6). Identity visual: Rijhnen in black GER suit. Lap from on-screen race clock."
