skater,phase,metric,n_early_segs,n_late_segs,early,late,pct_change,late_vs_early_effect
Felix Rijhnen,straightaway,torso_lean_angle_deg,1,2,21.06625654420027,27.619152931868854,31.10612639658873,0.16138420585625557
Felix Rijhnen,straightaway,hip_velocity,1,2,0.7503134746139445,0.8614662586008929,14.814179372713431,0.029068322981366412
Felix Rijhnen,straightaway,hip_acceleration_abs,1,2,16.73379909615386,21.11013933019132,26.15269974792114,0.04482697426796811
Felix Rijhnen,straightaway,right_knee_filtered,1,2,167.33119312720942,154.6816676393051,-7.559574070739959,-0.18551907719609584
Felix Rijhnen,straightaway,left_knee_filtered,1,2,162.66536922927511,153.05916788407805,-5.905498749188111,-0.1376752440106478
Felix Rijhnen,straightaway,hip_to_ankle_vertical_right,1,2,1.9416544175160595,1.577661972846967,-18.7465102638988,-0.5168056787932565
Felix Rijhnen,straightaway,hip_to_ankle_2d_right,1,2,2.0822452439068906,1.7394510929017397,-16.462717444462523,-0.46917480035492454
Felix Rijhnen,straightaway,hip_to_ankle_lateral_right,1,2,0.6488526291808699,0.6122343908387369,-5.643537021397444,-0.10580301685891746
Felix Rijhnen,straightaway,knee_angle_asymmetry,1,2,13.276080877100418,23.482519193638307,76.87839815847101,0.23847382431233366
Felix Rijhnen,straightaway,hip_height_asymmetry,1,2,0.11843406749891101,0.15614023198612864,31.837262101602928,0.11354037267080752
Felix Rijhnen,straightaway,torso_lean_lr_diff,1,2,22.232065948537183,21.888123022272048,-1.5470578715504688,-0.0719432120674357
Felix Rijhnen,straightaway,hip_lateral_asymmetry,1,2,0.5694209547697348,0.5048444486459788,-11.340732297052494,-0.4720851818988465
Felix Rijhnen,straightaway,stride_period_s,1,2,0.8083333333333333,0.8444444444444444,4.467353951890032,
Felix Rijhnen,straightaway,rhythm_cv,1,2,0.7057652949633705,0.44117868396370513,-37.48932015896269,
Jorrit Bergsma,corner,torso_lean_angle_deg,3,5,65.28876131276645,49.019135430269145,-24.919489289370194,-0.3630277243496338
Jorrit Bergsma,corner,hip_velocity,3,5,0.571497831990921,0.769762349583144,34.692085690252064,0.11442171319772299
Jorrit Bergsma,corner,hip_acceleration_abs,3,5,13.672971145001853,17.25267883611502,26.18090576766651,0.10559344096675805
Jorrit Bergsma,corner,right_knee_filtered,3,5,123.7096380828756,149.59586615164733,20.924988925624387,0.4527170639777738
Jorrit Bergsma,corner,left_knee_filtered,3,5,125.51231412604058,143.19178063760506,14.08584220175449,0.35252083697616143
Jorrit Bergsma,corner,hip_to_ankle_vertical_right,3,5,1.0939914775246502,1.188829822944365,8.669020496786993,0.39033630588098145
Jorrit Bergsma,corner,hip_to_ankle_2d_right,3,5,1.200791979688484,1.3327549506488312,10.989661256280352,0.45209535466573403
Jorrit Bergsma,corner,hip_to_ankle_lateral_right,3,5,0.43570766360673036,0.522772425266887,19.98238014439455,0.2743098055215558
Jorrit Bergsma,corner,knee_angle_asymmetry,3,5,13.710811708982268,14.769173321948807,7.71917546116677,-0.05233626702414951
Jorrit Bergsma,corner,hip_height_asymmetry,3,5,0.05225123208667476,0.08359660205313482,59.98972409772867,0.32256221950224395
Jorrit Bergsma,corner,torso_lean_lr_diff,3,5,4.231535818586475,11.852765303233976,180.10551750908581,0.4726039905966466
Jorrit Bergsma,corner,hip_lateral_asymmetry,3,5,0.11575528230413627,0.19357085425053705,67.22420817215716,0.48405121330457934
Jorrit Bergsma,corner,stride_period_s,3,5,0.6120634920634921,0.6009920634920635,-1.8088692946058171,
Jorrit Bergsma,corner,rhythm_cv,3,5,0.37893900914203904,0.26703583173234424,-29.53065657269129,
Jorrit Bergsma,straightaway,torso_lean_angle_deg,1,2,29.633989620307638,28.872770316091383,-2.5687371628645126,-0.03583682805947386
Jorrit Bergsma,straightaway,hip_velocity,1,2,1.0208610239758467,1.2092547940829474,18.454399343544548,0.054708349218452135
Jorrit Bergsma,straightaway,hip_acceleration_abs,1,2,19.73909802573921,25.63352374087605,29.86167710120635,-0.02439954250857801
Jorrit Bergsma,straightaway,right_knee_filtered,1,2,159.72773759959924,166.45949931094304,4.214522669956541,0.3553183377811666
Jorrit Bergsma,straightaway,left_knee_filtered,1,2,153.49534504078318,160.8802753960963,4.811175448578565,0.3652306519252764
Jorrit Bergsma,straightaway,hip_to_ankle_vertical_right,1,2,1.4807426316384058,2.0000003802749036,35.0673869679805,0.4860846359130766
Jorrit Bergsma,straightaway,hip_to_ankle_2d_right,1,2,1.6538195904804647,2.237397240239657,35.28665720966895,0.4834159359512009
Jorrit Bergsma,straightaway,hip_to_ankle_lateral_right,1,2,0.6056536356650568,0.8459944738628156,39.682885405921,0.23465497521921463
Jorrit Bergsma,straightaway,knee_angle_asymmetry,1,2,17.14989047627392,12.179959103762105,-28.979376745218783,-0.1942432329393824
Jorrit Bergsma,straightaway,hip_height_asymmetry,1,2,0.06949421861261267,0.12065745475788318,73.62229141746877,0.3633244376667937
Jorrit Bergsma,straightaway,torso_lean_lr_diff,1,2,10.007281805561178,18.584187636368227,85.70664839318056,0.4184140297369425
Jorrit Bergsma,straightaway,hip_lateral_asymmetry,1,2,0.31705003838160634,0.47284436730309615,49.13871946420437,0.6065573770491803
Jorrit Bergsma,straightaway,stride_period_s,1,2,,0.7722222222222221,,
Jorrit Bergsma,straightaway,rhythm_cv,1,2,,0.14440148681267193,,
Patrick Roest,corner,torso_lean_angle_deg,3,6,57.48489736331475,53.19299511075474,-7.466138845885782,-0.21222445924319855
Patrick Roest,corner,hip_velocity,3,6,0.5503956378633694,0.9595596110944182,74.33997384489082,0.2555319338655253
Patrick Roest,corner,hip_acceleration_abs,3,6,12.211811835569078,23.686044707356732,93.96011850073636,0.2735532497031645
Patrick Roest,corner,right_knee_filtered,3,6,131.46086644160494,135.8428067266981,3.3332659396700492,-0.010545285595618514
Patrick Roest,corner,left_knee_filtered,3,6,131.94284830845137,136.4012527441835,3.379042132931236,0.07787179523279875
Patrick Roest,corner,hip_to_ankle_vertical_right,3,6,1.159755452018694,1.1930429120642885,2.8702137151115563,0.0314387486448815
Patrick Roest,corner,hip_to_ankle_2d_right,3,6,1.282433440794898,1.3730642149905983,7.067093800947987,0.07999305428452086
Patrick Roest,corner,hip_to_ankle_lateral_right,3,6,0.4792294919101794,0.6164218837842018,28.627702215734253,0.21766839840248542
Patrick Roest,corner,knee_angle_asymmetry,3,6,16.936571326116006,17.572002286810957,3.751827618823434,0.015060000657027173
Patrick Roest,corner,hip_height_asymmetry,3,6,0.08306621355839601,0.08649728871158831,4.13053033984778,-0.1737320549462411
Patrick Roest,corner,torso_lean_lr_diff,3,6,9.693739575218506,12.088875564295195,24.70807030136974,0.04652221455690553
Patrick Roest,corner,hip_lateral_asymmetry,3,6,0.18237771016636728,0.23790401501867744,30.445773664807152,0.17037183043068138
Patrick Roest,corner,stride_period_s,3,6,0.6544444444444444,0.725,10.780984719864183,
Patrick Roest,corner,rhythm_cv,3,6,0.2643451912683929,0.4471295265389566,69.14607918287439,
Patrick Roest,straightaway,torso_lean_angle_deg,5,4,30.501595990975755,28.035692372765283,-8.08450685314971,-0.09890624086096977
Patrick Roest,straightaway,hip_velocity,5,4,0.9050659293534101,0.9081054152995269,0.3358303353975825,0.013321050476691854
Patrick Roest,straightaway,hip_acceleration_abs,5,4,19.583783552777117,20.516621523668032,4.763318428111571,-0.0019009182897584687
Patrick Roest,straightaway,right_knee_filtered,5,4,161.65203611786882,167.82980636540285,3.8216470363723087,0.3585716792419722
Patrick Roest,straightaway,left_knee_filtered,5,4,160.18960484002227,162.840826088271,1.6550519934776329,0.03600046791834832
Patrick Roest,straightaway,hip_to_ankle_vertical_right,5,4,1.6259078974938852,2.2457515364602436,38.12292442405641,0.5483710592501609
Patrick Roest,straightaway,hip_to_ankle_2d_right,5,4,1.773709000726873,2.4157016177082293,36.19492355951654,0.5255600397730595
Patrick Roest,straightaway,hip_to_ankle_lateral_right,5,4,0.5616568118800049,0.7205139766568932,28.28367099210528,0.15071357548107844
Patrick Roest,straightaway,knee_angle_asymmetry,5,4,13.411692893582204,12.669729180970087,-5.532215198330133,0.024156284728314992
Patrick Roest,straightaway,hip_height_asymmetry,5,4,0.10440681246500785,0.12290839978747076,17.72067060151247,0.17197461542960757
Patrick Roest,straightaway,torso_lean_lr_diff,5,4,18.677708898705422,27.03438251263483,44.74142765180703,0.326723986664327
Patrick Roest,straightaway,hip_lateral_asymmetry,5,4,0.38733314500064264,0.6043134527430228,56.01903956399605,0.5383546821079721
Patrick Roest,straightaway,stride_period_s,5,4,0.6370370370370371,0.6044444444444445,-5.116279069767446,
Patrick Roest,straightaway,rhythm_cv,5,4,0.4024189028878992,0.28850061009822087,-28.308385111176616,
Sander Eitrem,corner,torso_lean_angle_deg,2,5,58.83400789965681,56.72775600477181,-3.5799905022232634,-0.06053103389396397
Sander Eitrem,corner,hip_velocity,2,5,0.5985956979819183,1.0506026131666695,75.51122012881639,0.26722445146418505
Sander Eitrem,corner,hip_acceleration_abs,2,5,11.51491730530065,16.060378706550505,39.474546631415656,0.14650388457269692
Sander Eitrem,corner,right_knee_filtered,2,5,127.52089602238372,132.0718639502724,3.5688017178689155,0.14462562964227788
Sander Eitrem,corner,left_knee_filtered,2,5,121.84852738037854,131.03493244791383,7.539200731460454,0.2297447280799112
Sander Eitrem,corner,hip_to_ankle_vertical_right,2,5,1.2257142922199376,1.2603290025870704,2.824043954357488,0.20823017160420054
Sander Eitrem,corner,hip_to_ankle_2d_right,2,5,1.386696143013825,1.4386617009746312,3.747436539908814,0.10091351489797651
Sander Eitrem,corner,hip_to_ankle_lateral_right,2,5,0.6002073767593019,0.6104533882204871,1.7070785628304774,-0.040211730555792746
Sander Eitrem,corner,knee_angle_asymmetry,2,5,12.701307913670533,13.436345614538874,5.787102445388427,-0.024844190215999262
Sander Eitrem,corner,hip_height_asymmetry,2,5,0.05029071610390252,0.06281161323400652,24.897034880623615,0.0776060787159567
Sander Eitrem,corner,torso_lean_lr_diff,2,5,2.2394811352157564,8.17149354085898,264.88333892893996,0.3015452915563903
Sander Eitrem,corner,hip_lateral_asymmetry,2,5,0.12179066573059669,0.1711681440662177,40.5429086370584,0.11295142149748139
Sander Eitrem,corner,stride_period_s,2,5,0.5066666666666667,0.57,12.49999999999998,
Sander Eitrem,corner,rhythm_cv,2,5,0.12059409723568003,0.19003864377420374,57.58536124932095,
Sven Kramer,corner,torso_lean_angle_deg,5,5,46.28790906676443,49.69575952821729,7.362290779947455,0.22361149702077743
Sven Kramer,corner,hip_velocity,5,5,0.5607211983607256,0.7460303561011437,33.04835955590252,0.2583176396735718
Sven Kramer,corner,hip_acceleration_abs,5,5,12.353099690639763,16.580784729011373,34.223677815658114,0.23292992909553067
Sven Kramer,corner,right_knee_filtered,5,5,135.51662481439104,147.0735531885552,8.528052104303061,0.1448962160270857
Sven Kramer,corner,left_knee_filtered,5,5,133.31192235447156,138.67922730213485,4.026125235364783,0.08653123810111851
Sven Kramer,corner,hip_to_ankle_vertical_right,5,5,1.043703132232627,1.2001728601534507,14.99178483695006,0.2852747162277587
Sven Kramer,corner,hip_to_ankle_2d_right,5,5,1.1890777682147182,1.3548180744201037,13.938558993851855,0.27038889403435107
Sven Kramer,corner,hip_to_ankle_lateral_right,5,5,0.5089803352813969,0.5703137557609862,12.050253463265983,0.09210891914420682
Sven Kramer,corner,knee_angle_asymmetry,5,5,14.54684214243916,17.329797226067885,19.130991155184756,0.04880470912702095
Sven Kramer,corner,hip_height_asymmetry,5,5,0.06818013972115874,0.08482952906271028,24.419705517829314,0.1255698599405184
Sven Kramer,corner,torso_lean_lr_diff,5,5,10.48967143295595,10.296452417636981,-1.8419930171685077,-0.11728052030913938
Sven Kramer,corner,hip_lateral_asymmetry,5,5,0.1833916195084795,0.2163986735110238,17.998125591021438,0.04668477869367016
Sven Kramer,corner,stride_period_s,5,5,0.7352777777777778,0.6716931216931217,-8.647705398744316,
Sven Kramer,corner,rhythm_cv,5,5,0.2973842506777685,0.32848244573117263,10.457243442626234,
Sven Kramer,straightaway,torso_lean_angle_deg,1,5,28.806015429176494,31.711307490533933,10.08571306399698,-0.0065771646754526625
Sven Kramer,straightaway,hip_velocity,1,5,0.7619073635673415,0.7717840682207304,1.2963130592602563,-0.004705012932627151
Sven Kramer,straightaway,hip_acceleration_abs,1,5,16.23744959184218,15.40998386989176,-5.096032583627807,-0.11230447099396479
Sven Kramer,straightaway,right_knee_filtered,1,5,154.5179568313705,148.49131518188605,-3.900285619270438,0.0278113068111836
Sven Kramer,straightaway,left_knee_filtered,1,5,138.84138377987358,153.79883045043047,10.77304638094879,0.4751077718930903
Sven Kramer,straightaway,hip_to_ankle_vertical_right,1,5,1.328577060911681,1.4120850961660132,6.2855243938223895,0.1477768198053948
Sven Kramer,straightaway,hip_to_ankle_2d_right,1,5,1.4811934081609988,1.5638604675195256,5.581111751041582,0.1389579997536643
Sven Kramer,straightaway,hip_to_ankle_lateral_right,1,5,0.5484887868754215,0.5599333636049055,2.0865653051323876,-0.02790984111343764
Sven Kramer,straightaway,knee_angle_asymmetry,1,5,28.283256374423505,25.92038344887671,-8.354317106440181,-0.10008621751447222
Sven Kramer,straightaway,hip_height_asymmetry,1,5,0.08320221519323485,0.08833188556891536,6.165305050793402,0.07949254834339214
Sven Kramer,straightaway,torso_lean_lr_diff,1,5,11.517426999575907,15.93366541000421,38.3439670213748,0.3411996551299421
Sven Kramer,straightaway,hip_lateral_asymmetry,1,5,0.2931533039874656,0.36491860265493054,24.480467281560447,0.3710555487128957
Sven Kramer,straightaway,stride_period_s,1,5,1.2166666666666666,0.8583333333333334,-29.452054794520535,
Sven Kramer,straightaway,rhythm_cv,1,5,0.7942843295520122,0.3433444021110972,-56.77311142412335,
Ted-Jan Bloemen,corner,torso_lean_angle_deg,2,2,53.39823183354886,55.4317266896485,3.808168896749947,-0.0028131868131867632
Ted-Jan Bloemen,corner,hip_velocity,2,2,0.7409717166171703,0.7419849527160851,0.13674423411741252,-0.06329670329670334
Ted-Jan Bloemen,corner,hip_acceleration_abs,2,2,14.232800437336564,15.974968252079382,12.240513189327311,-0.04905494505494501
Ted-Jan Bloemen,corner,right_knee_filtered,2,2,136.1204523728216,142.76085704924733,4.87832986202416,0.2794725274725274
Ted-Jan Bloemen,corner,left_knee_filtered,2,2,135.82602385318012,148.25083793839093,9.147594645516017,0.3451428571428572
Ted-Jan Bloemen,corner,hip_to_ankle_vertical_right,2,2,1.3340726666685159,1.228089754163031,-7.94431331616654,-0.24870329670329672
Ted-Jan Bloemen,corner,hip_to_ankle_2d_right,2,2,1.5368612673516182,1.3944504685717396,-9.266340547789762,-0.3343296703296703
Ted-Jan Bloemen,corner,hip_to_ankle_lateral_right,2,2,0.6856269344471835,0.5826782926232007,-15.015256351763602,-0.25450549450549453
Ted-Jan Bloemen,corner,knee_angle_asymmetry,2,2,17.059407591320273,17.10420990263674,0.26262524695911343,-0.0003516483516483593
Ted-Jan Bloemen,corner,hip_height_asymmetry,2,2,0.11922326434257562,0.08752936451015195,-26.583653792060712,0.005978021978021886
Ted-Jan Bloemen,corner,torso_lean_lr_diff,2,2,9.216544525627498,15.83358083580694,71.79519712382584,0.43243956043956033
Ted-Jan Bloemen,corner,hip_lateral_asymmetry,2,2,0.24664059651589454,0.2837350139730966,15.039866908046312,0.21556043956043958
Ted-Jan Bloemen,corner,stride_period_s,2,2,0.5333333333333334,0.5933333333333334,11.249999999999988,
Ted-Jan Bloemen,corner,rhythm_cv,2,2,0.4352621336620036,0.49838775542060393,14.502897651009445,
Ted-Jan Bloemen,straightaway,torso_lean_angle_deg,2,1,32.51759348463522,30.962595309962396,-4.7820210785511295,-0.07858649789029537
Ted-Jan Bloemen,straightaway,hip_velocity,2,1,0.7250880640962452,0.5523936188959981,-23.817030475531904,0.014767932489451407
Ted-Jan Bloemen,straightaway,hip_acceleration_abs,2,1,14.745139186425659,10.591752966437182,-28.167833260007978,-0.04443565400843885
Ted-Jan Bloemen,straightaway,right_knee_filtered,2,1,165.56113744625208,161.43101605794928,-2.4946200853709426,0.08122362869198319
Ted-Jan Bloemen,straightaway,left_knee_filtered,2,1,168.82338031098539,173.05519423099602,2.5066515740979223,0.3101265822784811
Ted-Jan Bloemen,straightaway,hip_to_ankle_vertical_right,2,1,1.6820532629235396,2.4464321425693223,45.443203047995794,0.7008175105485233
Ted-Jan Bloemen,straightaway,hip_to_ankle_2d_right,2,1,1.8147732733832336,2.5473706423770297,40.36853417110526,0.6500527426160339
Ted-Jan Bloemen,straightaway,hip_to_ankle_lateral_right,2,1,0.5602498900933655,0.5356008588435357,-4.3996494574451415,-0.023470464135021074
Ted-Jan Bloemen,straightaway,knee_angle_asymmetry,2,1,12.316217360965613,18.013934543194896,46.26190830544559,0.053270042194092815
Ted-Jan Bloemen,straightaway,hip_height_asymmetry,2,1,0.11248523473789387,0.1357156229177277,20.651944438720196,0.2087289029535866
Ted-Jan Bloemen,straightaway,torso_lean_lr_diff,2,1,26.64443021676052,27.175775700937127,1.994208470040273,0.02188818565400852
Ted-Jan Bloemen,straightaway,hip_lateral_asymmetry,2,1,0.4710085651291973,0.6996024391079991,48.53284863643588,0.6654799578059072
Ted-Jan Bloemen,straightaway,stride_period_s,2,1,0.9194444444444445,,,
Ted-Jan Bloemen,straightaway,rhythm_cv,2,1,0.5623896072933674,,,
