held_out_fresh_mse,baseline_predict_mean,baseline_flat_window,responsiveness,zeros_vs_noise,collapsed,models_motion,condition,held_out,fresh_loss,fatigued_loss
0.38298267126083374,0.8391533493995667,0.20411182940006256,0.7404446005821228,0.43395790457725525,False,False,unscaled,Sven Kramer,0.38298267126083374,0.25383487343788147
0.393192321062088,0.9036781787872314,0.2933413088321686,0.6837973594665527,0.26513686776161194,False,False,unscaled,Patrick Meek,0.3931922912597656,0.4857276380062103
0.37211915850639343,0.7490589022636414,0.22541427612304688,0.7056541442871094,0.13963857293128967,False,False,unscaled,Haralds Silovs,0.37211915850639343,0.5943625569343567
0.4604880213737488,0.7950530052185059,0.20031122863292694,0.5762335658073425,0.2621927559375763,False,False,scaled,Sven Kramer,0.4604879915714264,0.1627415269613266
0.4349810779094696,0.8485488891601562,0.3073548972606659,0.6489753723144531,0.18431994318962097,False,False,scaled,Patrick Meek,0.434981107711792,0.27765852212905884
0.3317875564098358,0.615817666053772,0.19597779214382172,0.7574682831764221,0.37897413969039917,False,False,scaled,Haralds Silovs,0.33178749680519104,0.5066242218017578
0.24164898693561554,0.7679969668388367,0.1859782636165619,0.7914884090423584,0.40346550941467285,False,False,zscore_only,Sven Kramer,0.24164900183677673,0.1366768330335617
0.3354352116584778,0.6581830978393555,0.24009449779987335,0.7556108832359314,0.3999338448047638,False,False,zscore_only,Patrick Meek,0.3354351818561554,0.2257988154888153
0.21513020992279053,0.48691338300704956,0.15593597292900085,0.7871990203857422,0.2111261934041977,False,False,zscore_only,Haralds Silovs,0.21513020992279053,0.28938958048820496
