skater,phase,stage,lap,segment,view,knee,sit,frames
Sander Eitrem,straightaway,late,11,7946-7988,0.08263422270323521,121.68209872199617,1.1905029943651098,43
Sander Eitrem,corner,early,2,1632-1684,0.08698685579596527,119.5325438750979,1.2041230796944609,53
Sander Eitrem,corner,early,4,2760-2812,0.1481514957556955,129.8368795276643,1.247305504745414,53
Sander Eitrem,corner,late,10,7254-7330,0.09510868641849288,125.31340537337066,1.2537757683641952,77
Sander Eitrem,corner,late,10,7342-7372,0.16542386977252574,129.6454174985893,0.555676900816218,31
Sander Eitrem,corner,late,12,8678-8702,0.07707919016580946,121.32472623640926,1.146247192519358,25
Sander Eitrem,corner,late,12,8712-8752,0.10851769625985906,127.30795591193285,1.3502794922703945,41
Sander Eitrem,corner,late,12,8760-8806,0.2728055027349302,154.17548597516344,1.995665658965186,47
Sven Kramer,corner,early,3,10170-10356,0.15462894657751294,118.41649295058578,1.1635300442097598,184
Sven Kramer,straightaway,early,3,10470-10584,0.3338124008455529,146.679670305622,1.328577060911681,115
Sven Kramer,corner,early,3,10590-10785,0.16870305614623654,151.828748000353,0.8851466888482189,196
Sven Kramer,corner,early,5,12378-12534,0.17419789258413493,130.95575326524505,1.4035242290998768,157
Sven Kramer,corner,early,6,13371-13470,0.20937257594026681,155.27276270033252,0.9472815527047291,100
Sven Kramer,corner,early,6,13722-13800,0.10926524341319932,115.59761100564018,0.8190331463005501,71
Sven Kramer,straightaway,late,9,15852-15930,0.40489409650809816,160.13629759403884,1.3156658617008423,79
Sven Kramer,corner,late,9,15936-15981,0.1621596153143944,148.16953075373866,0.9476372786850508,46
Sven Kramer,corner,late,9,15993-16113,0.2991252626899303,145.44947576162926,1.4239369025109643,121
Sven Kramer,straightaway,late,10,16782-16860,0.19910875948048556,140.73476776527207,1.1597612666262276,79
Sven Kramer,corner,late,10,16866-17076,0.12113849003120505,135.47568191321676,1.3001572240109962,211
Sven Kramer,straightaway,late,10,17082-17112,0.2533049674448401,131.40141574976514,0.9508308636216976,31
Sven Kramer,corner,late,11,17742-17796,0.24776599561498663,144.66336836357266,1.0875315813025777,52
Sven Kramer,straightaway,late,12,18603-18693,0.5701990303153546,159.96421855038375,2.064096905990844,91
Sven Kramer,corner,late,12,18699-18819,0.18002094928137935,140.62389443456777,1.2416013142576643,119
Patrick Roest,straightaway,early,2,67908-67977,0.29212294785826354,169.40428078714555,1.2047338958038762,70
Patrick Roest,corner,early,3,68466-68532,0.09115359578418757,116.93944297459323,1.020610129301986,67
Patrick Roest,straightaway,early,3,68853-68901,0.5232809196027266,167.81461052490155,2.0226317199914403,48
Patrick Roest,straightaway,early,4,69585-69663,0.6956261458150704,170.1429750202861,2.5135267343909256,79
Patrick Roest,corner,early,4,69834-69954,0.28225804349625466,150.14816568149084,1.236922622719464,121
Patrick Roest,straightaway,early,5,70497-70590,0.24290232474483847,150.95132247816852,1.1986420173550285,90
Patrick Roest,straightaway,early,5,70611-70654,0.25870226539069896,146.290913584226,1.1900051199281556,41
Patrick Roest,corner,early,5,70659-70833,0.16254984774755576,128.0179634690004,1.2217336040346318,175
Patrick Roest,straightaway,late,9,73980-74130,0.6115646850315988,168.12804074861316,2.465503362832357,151
Patrick Roest,corner,late,9,74175-74295,0.20390622992257582,135.2615605996747,0.8941183291981237,120
Patrick Roest,corner,late,9,74571-74673,0.12191379801228493,115.89956333688977,1.0316390492687835,103
Patrick Roest,straightaway,late,10,74937-74985,0.7008593520104307,166.94011000663556,2.6403533647865105,49
Patrick Roest,corner,late,10,74991-75027,0.30659674647679824,160.4293811170289,1.3608287823845586,37
Patrick Roest,corner,late,10,75051-75189,0.36228075805838966,143.75872702275205,1.3903531626185457,138
Patrick Roest,straightaway,late,11,75756-75888,0.48451890153569943,168.77438483021598,2.1546618497968058,132
Patrick Roest,corner,late,11,75894-76020,0.2240594094847828,135.44572733674948,1.2033296377984695,122
Patrick Roest,corner,late,12,76818-76890,0.17180851382084864,125.93721899954987,1.2779885111172506,67
Patrick Roest,straightaway,late,12,77046-77136,0.6615449297281414,157.49872932188302,1.7224875684253016,85
Jorrit Bergsma,corner,early,3,121698-121800,0.11653355504407388,116.89857950111022,1.1853263591617953,102
Jorrit Bergsma,straightaway,early,3,122064-122124,0.3307965542743301,156.61154132019126,1.4807426316384058,61
Jorrit Bergsma,corner,early,3,122130-122343,0.11940032242194987,143.48609012839228,0.9151678529842165,209
Jorrit Bergsma,corner,early,4,122592-122679,0.10662589272098297,113.44825868387176,1.1814802204279393,88
Jorrit Bergsma,corner,late,9,126960-127140,0.11860343923963781,121.4974635788489,1.2501581316799824,180
Jorrit Bergsma,straightaway,late,9,127296-127374,0.42735395864225373,157.6270659316068,1.4430012777012824,77
Jorrit Bergsma,corner,late,9,127380-127602,0.33723824864315227,164.6101296437116,1.3735396500702732,223
Jorrit Bergsma,straightaway,late,9,127707-127803,0.61562395601904,169.71270877543253,2.556999482848525,95
Jorrit Bergsma,corner,late,11,128793-128871,0.15720127708618603,147.6316690034556,1.2709499073523942,78
Jorrit Bergsma,corner,late,11,129174-129225,0.12515960172354468,140.98827071372887,0.8684487399851806,50
Jorrit Bergsma,corner,late,11,129270-129384,0.2521740269946296,157.2415840333859,1.1810526856339951,114
Ted-Jan Bloemen,straightaway,early,1,165849-165939,0.6297004638617778,168.17674013488275,2.1521247384303566,90
Ted-Jan Bloemen,corner,early,4,167856-167946,0.17398546977852866,115.00508752152165,1.1951002610371015,88
Ted-Jan Bloemen,straightaway,early,4,168117-168219,0.31502630476825344,166.20777762235468,1.2119817874167225,102
Ted-Jan Bloemen,corner,early,4,168225-168261,0.344318897473974,156.9413887044801,1.4730450722999302,37
Ted-Jan Bloemen,corner,late,10,173169-173247,0.24154982256806543,156.49961126713637,1.1013193008676823,75
Ted-Jan Bloemen,straightaway,late,12,175443-175521,0.6922414660847209,167.24310514447265,2.4464321425693223,79
Ted-Jan Bloemen,corner,late,12,175566-175674,0.2953336427404775,134.51208372050183,1.3548602074583798,107
Sven Kramer,straightaway,late,10,16602-16674,0.46412394325056294,163.4886644213316,1.5700705828904549,73
Felix Rijhnen,corner,early,3,24972-25128,0.13624085023375437,116.88121518985214,1.2570787583124976,154
Felix Rijhnen,corner,early,4,26013-26043,0.1819318698107943,149.11745556885361,1.14717719112117,25
Felix Rijhnen,corner,early,4,26049-26091,0.6369423410398735,171.2849941896095,2.373944907434388,43
Felix Rijhnen,straightaway,early,5,27486-27600,0.5778828654608454,164.99828117824225,1.9416544175160595,115
Felix Rijhnen,straightaway,late,10,31917-32007,0.5771498053874586,165.49230042212167,2.0229872967903413,90
Felix Rijhnen,straightaway,late,11,32457-32613,0.44873169698687937,142.24853510126147,1.1323366489035926,155
