skater,phase,segment,fps,duration_s,unbridged_gap_frames,n_peaks_right,n_peaks_left,cv_sensitivity,stable,n_intervals,stride_period_s,cadence_per_min,rhythm_cv,lr_phase_offset,lr_cycles_used
start_candidate_3,straightaway,785-884,29.97,3.3,0,3,4,0.38/0.33/0.33,True,2,0.8674854210403545,69.16542750429562,0.32635697593225266,0.65625,1
start_candidate_3,start_acceleration,195-267,29.97,2.44,0,4,4,0.06/0.06/0.06,True,3,0.5672020060648472,105.78241853598153,0.05882352941176467,0.411900871459695,3
start_candidate_3,straightaway,749-860,29.97,3.44,10,5,5,0.36/0.35/0.33,True,3,0.767390949381852,78.18700500485592,0.3450979970953814,0.8491421568627451,3
start_candidate_2,start_acceleration,1448-1526,29.97,2.34,0,5,3,0.11/0.11/0.38,False,4,0.4420826725905673,135.72122075811077,0.11320754716981135,0.5833333333333333,2
Sven Kramer,straightaway,300-750,25.0,18.04,0,8,13,0.86/0.45/0.45,False,7,2.388571428571429,25.11961722488038,0.4495316529337048,0.8694852941176471,2
Haralds Silovs,corner,640-750,25.0,4.44,0,4,9,0.28/0.78/0.81,False,3,0.6933333333333334,86.53846153846153,0.7832850713237038,0.6166666666666667,2
Haralds Silovs,corner,280-370,25.0,3.64,0,4,6,0.23/0.23/--,False,3,0.49333333333333335,121.62162162162161,0.23406091994174025,0.7857142857142857,1
start_candidate_3,straightaway,250-430,29.97,6.04,36,7,7,0.14/0.14/0.14,True,5,0.6739694425005831,89.02480767879634,0.1373706626288278,0.553222506393862,5
Patrick Meek,start_acceleration,506-590,29.97,2.84,0,4,2,0.06/0.06/0.06,True,3,0.6228444444444444,96.33223918938205,0.061858957413174175,0.5,2
