held_out_skater,windows,segments,window_acc,segment_acc,baseline_acc
Davide Ghiotto,33,33,0.696969696969697,0.696969696969697,0.6060606060606061
Felix Rijhnen,8,8,1.0,1.0,0.5
Jorrit Bergsma,11,11,0.8181818181818182,0.8181818181818182,0.7272727272727273
Nils van der Poel,42,42,0.8095238095238095,0.8095238095238095,0.7857142857142857
Patrick Roest,21,21,0.7619047619047619,0.7619047619047619,0.47619047619047616
Sander Eitrem,8,8,0.875,0.875,0.875
Sven Kramer,16,16,0.8125,0.8125,0.625
Ted-Jan Bloemen,9,9,0.8888888888888888,0.8888888888888888,0.5555555555555556
Vladimir Semirunny,19,19,0.7368421052631579,0.7368421052631579,0.5789473684210527
