frame,time_s,n_candidates,full_body,body_height_px
0,0.0,1,False,2737.686538696289
2,0.08,1,False,3073.97066116333
4,0.16,1,False,3172.1364212036133
6,0.24,1,False,2929.5523738861084
8,0.32,1,False,2513.8145685195923
10,0.4,1,False,2536.069736480713
12,0.48,1,False,2789.0802812576294
14,0.56,1,False,2656.6917657852173
16,0.64,1,False,2803.8421726226807
18,0.72,1,False,2579.016966819763
20,0.8,1,False,2535.268292427063
22,0.88,1,False,2366.7860198020935
24,0.96,1,False,2636.689009666443
26,1.04,1,False,2557.139024734497
28,1.12,1,False,2688.5513877868652
30,1.2,1,False,2288.149552345276
32,1.28,1,False,1923.3848118782043
34,1.36,1,False,2280.264437198639
36,1.44,1,False,2064.5258688926697
38,1.52,1,False,2311.676151752472
40,1.6,1,False,2130.4093980789185
42,1.68,1,False,2638.2527589797974
44,1.76,1,False,2503.1881284713745
46,1.84,1,False,2726.8519163131714
48,1.92,1,False,2803.560347557068
50,2.0,1,False,2854.5010328292847
52,2.08,1,False,3065.141773223877
54,2.16,1,False,3063.55845451355
56,2.24,1,False,2996.4162397384644
58,2.32,1,False,2974.076099395752
60,2.4,1,False,2998.265676498413
62,2.48,1,False,3149.773750305176
64,2.56,1,False,3133.3814191818237
66,2.64,0,False,
68,2.72,0,False,
70,2.8,1,True,298.52001428604126
72,2.88,1,False,353.05413007736206
74,2.96,1,False,353.1813955307007
76,3.04,1,True,172.8611183166504
78,3.12,2,True,211.03463888168335
80,3.2,2,True,197.06653118133545
82,3.28,2,True,202.22731590270996
84,3.36,2,True,204.0421199798584
86,3.44,2,True,205.44551610946655
88,3.52,2,True,205.88022708892822
90,3.6,1,True,198.07796001434326
92,3.68,2,True,199.70485925674438
94,3.76,1,True,178.6658263206482
96,3.84,2,True,197.62915134429932
98,3.92,2,True,191.69209241867065
100,4.0,2,True,188.77457857131958
102,4.08,1,True,193.79985809326172
104,4.16,1,True,179.3934988975525
106,4.24,1,True,182.52659797668457
108,4.32,1,True,182.65978574752808
110,4.4,1,True,179.8000144958496
112,4.48,2,True,179.4920539855957
114,4.56,2,True,174.60845947265625
116,4.64,2,True,162.49976634979248
118,4.72,2,True,165.57274103164673
120,4.8,2,True,176.38927459716797
122,4.88,2,True,167.3688769340515
124,4.96,2,True,168.32558870315552
126,5.04,2,True,163.60781908035278
128,5.12,2,True,162.192964553833
130,5.2,2,True,159.67353343963623
132,5.28,2,True,155.21055221557617
134,5.36,2,True,155.88189840316772
136,5.44,2,True,145.7013702392578
138,5.52,2,True,146.3510227203369
140,5.6,2,True,147.1162247657776
142,5.68,2,True,141.8711757659912
144,5.76,2,True,142.47557401657104
146,5.84,2,True,137.7838110923767
148,5.92,2,True,136.97766780853271
150,6.0,2,True,137.5485920906067
152,6.08,2,True,132.83912658691406
154,6.16,2,True,128.87474656105042
156,6.24,2,True,121.98647975921631
158,6.32,2,True,119.2391037940979
160,6.4,2,True,117.79051780700684
162,6.48,1,False,144.68801021575928
164,6.56,1,False,154.9929714202881
166,6.64,0,False,
168,6.72,0,False,
170,6.8,0,False,
172,6.88,0,False,
174,6.96,0,False,
176,7.04,0,False,
178,7.12,0,False,
180,7.2,0,False,
182,7.28,0,False,
184,7.36,0,False,
186,7.44,1,False,205.47609329223633
188,7.52,0,False,
190,7.6,1,False,140.00880002975464
192,7.68,1,False,138.26741337776184
194,7.76,1,False,137.1456813812256
196,7.84,1,False,112.12150812149048
198,7.92,1,False,101.5021812915802
200,8.0,1,False,134.621422290802
202,8.08,0,False,
204,8.16,0,False,
206,8.24,1,False,132.32784390449524
208,8.32,1,True,153.6337673664093
210,8.4,1,True,221.92224025726318
212,8.48,1,True,186.1022937297821
214,8.56,1,True,182.99021244049072
216,8.64,1,True,188.1941270828247
218,8.72,1,True,176.7854905128479
220,8.8,2,True,174.3427276611328
222,8.88,1,True,169.0999960899353
224,8.96,2,True,196.40265226364136
226,9.04,1,True,197.08107948303223
228,9.12,1,True,198.14143180847168
230,9.2,2,True,197.70388841629028
232,9.28,1,True,215.3375244140625
234,9.36,2,True,228.01913738250732
236,9.44,1,True,238.56723546981812
238,9.52,1,True,222.67855882644653
240,9.6,1,True,217.0157289505005
242,9.68,1,True,249.6656584739685
244,9.76,1,True,247.5058150291443
246,9.84,1,True,235.65384149551392
248,9.92,2,True,218.74266386032104
250,10.0,1,True,228.0506157875061
252,10.08,1,True,273.20931673049927
254,10.16,1,False,250.03844261169434
256,10.24,1,True,230.01058101654053
258,10.32,1,True,224.6806240081787
260,10.4,1,True,237.81304121017456
262,10.48,1,True,244.44429874420166
264,10.56,2,False,233.10962677001953
266,10.64,2,True,213.32631826400757
268,10.72,2,False,204.72711324691772
270,10.8,2,False,208.08934807777405
272,10.88,2,True,199.60282802581787
274,10.96,2,True,187.9239857196808
276,11.04,2,True,181.35932207107544
278,11.12,2,True,184.96334195137024
280,11.2,2,True,200.90033054351807
282,11.28,1,True,190.4222059249878
284,11.36,1,False,199.03512239456177
286,11.44,1,True,182.26569414138794
288,11.52,1,True,191.33813738822937
290,11.6,1,True,191.2337565422058
292,11.68,1,True,177.0595908164978
294,11.76,1,True,182.954421043396
296,11.84,1,True,183.28343152999878
298,11.92,1,False,196.80916786193848
300,12.0,1,True,187.3234498500824
302,12.08,1,True,192.57960319519043
304,12.16,1,True,138.4225845336914
306,12.24,1,True,139.92167115211487
308,12.32,1,False,118.80355596542358
310,12.4,1,True,118.74137163162231
312,12.48,1,True,161.81876420974731
314,12.56,1,False,121.1086893081665
316,12.64,1,True,110.45920372009277
318,12.72,1,True,129.9261510372162
320,12.8,1,False,144.24856781959534
322,12.88,1,True,148.56658101081848
324,12.96,2,True,159.62592959403992
326,13.04,1,True,162.6510751247406
328,13.12,1,True,216.27543926239014
330,13.2,1,True,158.90105724334717
332,13.28,2,True,175.5402910709381
334,13.36,1,True,171.86182379722595
336,13.44,2,True,170.65911054611206
338,13.52,2,True,167.4473476409912
340,13.6,2,True,172.9898965358734
342,13.68,2,True,179.99667406082153
344,13.76,1,True,178.71899843215942
346,13.84,1,True,166.4061462879181
348,13.92,1,True,168.8635218143463
350,14.0,2,True,158.2203769683838
352,14.08,2,True,163.9757752418518
354,14.16,2,True,187.47527360916138
356,14.24,2,True,182.67430186271667
358,14.32,2,True,150.31800985336304
360,14.4,2,False,120.18149256706238
362,14.48,2,False,125.17468214035034
364,14.56,2,False,148.85368466377258
366,14.64,2,True,179.43270206451416
368,14.72,2,True,180.52334189414978
370,14.8,2,True,161.6920781135559
372,14.88,2,True,180.86702942848206
374,14.96,2,True,188.4079098701477
376,15.04,2,True,190.48474431037903
378,15.12,2,True,185.87013244628906
380,15.2,2,False,183.34770798683167
382,15.28,2,False,217.52846002578735
384,15.36,2,True,204.71069812774658
386,15.44,2,True,208.8291871547699
388,15.52,2,True,209.13717985153198
390,15.6,2,True,213.7981402873993
392,15.68,2,True,194.93263006210327
394,15.76,2,True,219.5060634613037
396,15.84,2,True,229.27260875701904
398,15.92,2,True,230.71765422821045
400,16.0,2,True,232.95979857444763
402,16.08,2,True,178.5758650302887
404,16.16,0,False,
406,16.24,1,True,673.1511425971985
408,16.32,1,True,566.3845038414001
410,16.4,1,True,597.2430610656738
412,16.48,2,True,638.0496311187744
414,16.56,1,False,773.9238166809082
416,16.64,1,True,665.6588637828827
418,16.72,1,True,635.7072579860687
420,16.8,1,True,680.210223197937
422,16.88,1,True,661.1663353443146
424,16.96,1,True,617.319620847702
426,17.04,1,False,562.7884984016418
428,17.12,1,True,627.0303869247437
430,17.2,1,False,628.9434564113617
432,17.28,1,False,538.7968683242798
434,17.36,1,False,625.8344650268555
436,17.44,1,True,623.9925599098206
438,17.52,1,True,585.5011653900146
440,17.6,1,True,602.8365290164948
442,17.68,1,True,564.1402673721313
444,17.76,1,True,674.6908807754517
446,17.84,1,True,571.5416836738586
448,17.92,1,True,638.8831651210785
450,18.0,1,True,586.855251789093
452,18.08,1,True,506.75610065460205
454,18.16,1,True,467.9947257041931
456,18.24,1,True,539.3482232093811
458,18.32,1,True,567.5878608226776
460,18.4,1,True,624.9004125595093
462,18.48,1,True,589.2018735408783
464,18.56,1,True,573.1095850467682
466,18.64,1,True,520.1247024536133
468,18.72,1,True,578.650975227356
470,18.8,1,False,571.142828464508
472,18.88,1,True,640.225921869278
474,18.96,1,False,553.129198551178
476,19.04,1,False,484.2167901992798
478,19.12,1,True,584.6326446533203
480,19.2,1,True,573.37357878685
482,19.28,1,False,528.1509232521057
484,19.36,1,True,584.6948933601379
486,19.44,1,True,527.6909136772156
488,19.52,1,True,504.9172854423523
490,19.6,1,True,517.938723564148
492,19.68,1,True,492.7758586406708
494,19.76,1,True,487.30714559555054
496,19.84,1,False,455.24571418762207
498,19.92,1,True,458.6048913002014
500,20.0,0,False,
502,20.08,0,False,
504,20.16,0,False,
506,20.24,0,False,
508,20.32,0,False,
510,20.4,0,False,
512,20.48,0,False,
514,20.56,0,False,
516,20.64,0,False,
518,20.72,0,False,
520,20.8,0,False,
522,20.88,0,False,
524,20.96,0,False,
526,21.04,0,False,
528,21.12,0,False,
530,21.2,0,False,
532,21.28,0,False,
534,21.36,0,False,
536,21.44,1,True,45.61330318450928
538,21.52,1,True,113.98047208786011
540,21.6,1,True,100.9267508983612
542,21.68,1,True,55.28251647949219
544,21.76,0,False,
546,21.84,0,False,
548,21.92,1,True,157.6332950592041
550,22.0,2,True,214.05411958694458
552,22.08,2,True,221.58499002456665
554,22.16,1,True,219.38987016677856
556,22.24,1,True,224.2125678062439
558,22.32,1,True,221.12736225128174
560,22.4,2,True,183.48302006721497
562,22.48,1,False,229.85286712646484
564,22.56,1,False,211.00576758384705
566,22.64,1,False,162.12595224380493
568,22.72,0,False,
570,22.8,0,False,
572,22.88,0,False,
574,22.96,0,False,
576,23.04,0,False,
578,23.12,0,False,
580,23.2,0,False,
582,23.28,0,False,
584,23.36,0,False,
586,23.44,0,False,
588,23.52,0,False,
590,23.6,0,False,
592,23.68,0,False,
594,23.76,0,False,
596,23.84,0,False,
598,23.92,0,False,
600,24.0,0,False,
602,24.08,0,False,
604,24.16,0,False,
606,24.24,0,False,
608,24.32,0,False,
610,24.4,0,False,
612,24.48,1,True,127.66974806785583
614,24.56,1,True,127.37813830375671
616,24.64,1,True,172.49876260757446
618,24.72,1,False,428.92090022563934
620,24.8,0,False,
622,24.88,0,False,
624,24.96,1,True,566.2667173147202
626,25.04,1,True,514.7417664527893
628,25.12,1,False,457.47966706752777
630,25.2,1,True,343.89140367507935
632,25.28,1,True,457.4642014503479
634,25.36,1,True,517.7628082036972
636,25.44,1,False,476.425901055336
638,25.52,1,False,463.9738744497299
640,25.6,1,True,439.52416598796844
642,25.68,1,False,480.85822463035583
644,25.76,1,False,446.68392598629
646,25.84,1,True,533.4839862585068
648,25.92,1,True,483.6960446834564
650,26.0,1,True,472.2053003311157
652,26.08,1,False,348.30277383327484
654,26.16,1,True,488.827668428421
656,26.24,1,False,459.2769455909729
658,26.32,1,False,421.7962557077408
660,26.4,2,False,390.7471704483032
662,26.48,2,True,320.3309118747711
664,26.56,1,True,396.09660029411316
666,26.64,1,False,367.91287064552307
668,26.72,1,True,316.8063282966614
670,26.8,1,True,378.82491767406464
672,26.88,1,False,426.31519317626953
674,26.96,1,True,381.5019178390503
676,27.04,1,False,386.770076751709
678,27.12,1,True,334.57350611686707
680,27.2,1,False,353.60793113708496
682,27.28,1,False,351.0193634033203
684,27.36,1,False,414.16330575942993
686,27.44,1,False,413.57907235622406
688,27.52,1,False,475.1146548986435
690,27.6,1,False,471.4503335952759
692,27.68,1,False,515.5578875541687
694,27.76,0,False,
696,27.84,0,False,
698,27.92,0,False,
700,28.0,1,False,238.79331350326538
702,28.08,1,False,235.6402587890625
704,28.16,1,False,250.22209882736206
706,28.24,1,True,250.15347719192505
708,28.32,2,True,258.0290651321411
710,28.4,2,False,257.2728753089905
712,28.48,1,False,270.5756878852844
714,28.56,1,False,258.57057094573975
716,28.64,1,False,251.3270616531372
718,28.72,1,False,291.7300772666931
720,28.8,0,False,
722,28.88,0,False,
724,28.96,0,False,
726,29.04,0,False,
728,29.12,0,False,
730,29.2,1,True,183.0714511871338
732,29.28,1,True,173.5491693019867
734,29.36,1,False,85.17773151397705
736,29.44,1,False,76.8421983718872
738,29.52,2,True,85.15223979949951
740,29.6,2,True,48.15613389015198
742,29.68,2,True,114.5543897151947
744,29.76,2,True,124.94570732116699
746,29.84,2,False,30.447728633880615
748,29.92,1,True,57.12615966796875
750,30.0,1,True,65.44952630996704
752,30.08,1,True,59.19102072715759
754,30.16,2,True,257.21635580062866
756,30.24,2,True,199.83473181724548
758,30.32,1,True,146.6183316707611
760,30.4,1,True,168.33160758018494
762,30.48,1,False,139.14230704307556
764,30.56,2,True,177.73386597633362
766,30.64,1,False,164.3995749950409
768,30.72,2,True,142.63084173202515
770,30.8,0,False,
772,30.88,0,False,
774,30.96,0,False,
776,31.04,0,False,
778,31.12,1,True,211.32463932037354
780,31.2,1,True,202.48982906341553
782,31.28,1,False,76.9332218170166
784,31.36,1,False,128.84078979492188
786,31.44,1,False,121.34320020675659
788,31.52,1,True,152.01430320739746
790,31.6,2,True,156.52002811431885
792,31.68,2,False,153.44396352767944
794,31.76,1,False,173.55409383773804
796,31.84,1,False,173.04078340530396
798,31.92,1,False,163.2051658630371
800,32.0,1,False,160.18407583236694
802,32.08,1,False,161.95266008377075
804,32.16,1,True,160.1928949356079
806,32.24,1,True,605.9680509567261
808,32.32,1,True,500.32135784626007
810,32.4,1,True,589.9079006910324
812,32.48,1,True,561.4902073144913
814,32.56,1,True,561.9316291809082
816,32.64,1,True,564.3735551834106
818,32.72,1,True,501.6442394256592
820,32.8,1,True,549.9050438404083
822,32.88,2,True,577.2218298912048
824,32.96,1,True,475.8812892436981
826,33.04,1,True,468.6689043045044
828,33.12,1,True,556.7063426971436
830,33.2,1,True,568.623172044754
832,33.28,1,True,608.5621064901352
834,33.36,1,True,555.2362561225891
836,33.44,1,True,603.8286298513412
838,33.52,2,True,600.9356904029846
840,33.6,2,True,664.0514695644379
842,33.68,2,True,674.59945499897
844,33.76,1,True,697.2640514373779
846,33.84,1,True,667.0083475112915
848,33.92,1,True,663.0729031562805
850,34.0,1,True,713.2527959346771
852,34.08,1,True,651.387494802475
854,34.16,1,True,698.0530232191086
856,34.24,1,True,714.2903923988342
858,34.32,2,True,745.6624853610992
860,34.4,2,True,767.9482626914978
862,34.48,2,True,815.5459606647491
864,34.56,2,True,828.8511228561401
866,34.64,1,True,858.3943140506744
868,34.72,1,True,809.1737723350525
870,34.8,1,False,708.6386668682098
872,34.88,1,True,892.3840391635895
874,34.96,1,True,815.9867870807648
876,35.04,1,True,842.6343512535095
878,35.12,1,True,915.0754952430725
880,35.2,1,False,991.1973917484283
882,35.28,1,True,820.6215476989746
884,35.36,1,True,775.442408323288
886,35.44,1,False,758.4439730644226
888,35.52,1,True,885.3005290031433
890,35.6,1,True,908.5684132575989
892,35.68,1,False,985.8084690570831
894,35.76,1,True,796.4629018306732
896,35.84,1,True,786.0648894309998
898,35.92,1,False,658.3303499221802
900,36.0,1,False,533.5824930667877
902,36.08,1,False,562.5828266143799
904,36.16,1,False,452.31555104255676
906,36.24,1,False,635.8991539478302
908,36.32,1,False,807.9589891433716
910,36.4,1,False,427.20051527023315
912,36.48,0,False,
914,36.56,1,False,207.48639822006226
916,36.64,2,False,268.46084117889404
918,36.72,2,True,299.1815114021301
920,36.8,2,True,336.6454482078552
922,36.88,2,False,238.2527732849121
924,36.96,0,False,
926,37.04,0,False,
928,37.12,0,False,
930,37.2,0,False,
932,37.28,0,False,
934,37.36,0,False,
936,37.44,0,False,
938,37.52,0,False,
940,37.6,0,False,
942,37.68,1,True,196.11355304718018
944,37.76,1,False,166.38319730758667
946,37.84,2,False,97.55700051784515
948,37.92,2,True,130.2901965379715
950,38.0,1,True,168.59875559806824
952,38.08,1,True,166.7643177509308
954,38.16,1,True,176.7501175403595
956,38.24,1,True,190.64998984336853
958,38.32,1,True,202.0384132862091
960,38.4,1,True,188.90882849693298
962,38.48,1,True,165.92099905014038
964,38.56,1,True,189.37125205993652
966,38.64,1,True,172.55730986595154
968,38.72,1,True,203.8336479663849
970,38.8,1,True,202.8610360622406
972,38.88,1,True,204.54084992408752
974,38.96,1,True,209.44076299667358
976,39.04,1,True,191.5453863143921
978,39.12,2,True,200.88397979736328
980,39.2,2,True,199.41370010375977
982,39.28,2,True,204.3868052959442
984,39.36,2,True,202.71246314048767
986,39.44,2,True,213.6625063419342
988,39.52,2,True,198.12495231628418
990,39.6,1,True,194.7209072113037
992,39.68,1,False,197.54733324050903
994,39.76,1,True,206.59328699111938
996,39.84,2,True,182.61221408843994
998,39.92,2,True,181.64304614067078
1000,40.0,2,True,188.00805687904358
1002,40.08,2,True,181.65656447410583
1004,40.16,2,True,183.8175344467163
1006,40.24,2,True,176.62005186080933
1008,40.32,2,True,156.91566467285156
1010,40.4,2,True,152.74744749069214
1012,40.48,2,True,129.7451663017273
1014,40.56,2,True,142.64625906944275
1016,40.64,2,True,145.82120060920715
1018,40.72,2,True,146.72670364379883
1020,40.8,2,True,148.85104537010193
1022,40.88,2,True,140.2788770198822
1024,40.96,2,True,143.30553531646729
1026,41.04,2,False,135.45698404312134
1028,41.12,2,True,139.76778745651245
1030,41.2,2,True,144.83378291130066
1032,41.28,2,True,144.99999403953552
1034,41.36,2,True,150.1798975467682
1036,41.44,2,True,162.28463172912598
1038,41.52,2,True,158.38748931884766
1040,41.6,2,True,161.01806044578552
1042,41.68,2,True,167.82901525497437
1044,41.76,2,True,168.3510160446167
1046,41.84,2,True,162.81876683235168
1048,41.92,2,False,179.03403997421265
1050,42.0,2,True,174.39287424087524
1052,42.08,2,True,180.70921897888184
1054,42.16,2,True,170.9118390083313
1056,42.24,2,True,163.99183630943298
1058,42.32,2,True,174.10409688949585
1060,42.4,2,True,178.6015820503235
1062,42.48,2,True,207.84257411956787
1064,42.56,2,True,186.76987409591675
1066,42.64,2,True,183.14058780670166
1068,42.72,2,True,175.301274061203
1070,42.8,1,True,197.1527910232544
1072,42.88,1,True,209.53754782676697
1074,42.96,1,True,205.41532516479492
1076,43.04,1,True,199.39129829406738
1078,43.12,1,True,197.93810963630676
1080,43.2,1,False,202.1640694141388
1082,43.28,2,False,200.42020440101624
1084,43.36,2,True,208.07933807373047
1086,43.44,2,True,201.2886607646942
1088,43.52,0,False,
1090,43.6,1,True,206.84820413589478
1092,43.68,1,True,198.68670344352722
1094,43.76,2,True,205.80426692962646
1096,43.84,1,True,211.13370895385742
1098,43.92,2,True,211.3246715068817
1100,44.0,2,True,215.497008562088
1102,44.08,1,True,207.09327220916748
1104,44.16,1,True,197.91985988616943
1106,44.24,2,True,192.20475912094116
1108,44.32,2,True,191.51941180229187
1110,44.4,1,True,192.90175795555115
1112,44.48,1,True,198.69819402694702
1114,44.56,1,True,194.0251636505127
1116,44.64,1,True,198.79217863082886
1118,44.72,2,True,194.9886989593506
1120,44.8,1,True,136.43397331237793
1122,44.88,1,True,173.44282507896423
1124,44.96,1,True,128.6032211780548
1126,45.04,1,False,443.0370819568634
1128,45.12,0,False,
1130,45.2,0,False,
1132,45.28,0,False,
1134,45.36,0,False,
1136,45.44,0,False,
1138,45.52,0,False,
1140,45.6,0,False,
1142,45.68,0,False,
1144,45.76,0,False,
1146,45.84,0,False,
1148,45.92,0,False,
1150,46.0,0,False,
1152,46.08,0,False,
1154,46.16,1,False,503.46277713775635
1156,46.24,0,False,
1158,46.32,1,False,310.2997612953186
1160,46.4,1,False,182.91444540023804
1162,46.48,2,False,177.5222396850586
1164,46.56,2,False,182.66364812850952
1166,46.64,2,True,181.0897922515869
1168,46.72,1,True,154.45268869400024
1170,46.8,0,False,
1172,46.88,0,False,
1174,46.96,0,False,
1176,47.04,0,False,
1178,47.12,0,False,
1180,47.2,0,False,
1182,47.28,0,False,
1184,47.36,0,False,
1186,47.44,1,True,385.15618085861206
1188,47.52,1,True,409.4320821762085
1190,47.6,0,False,
1192,47.68,0,False,
1194,47.76,1,True,244.65550661087036
1196,47.84,2,False,239.89840507507324
1198,47.92,1,False,197.15427160263062
1200,48.0,2,False,351.59337759017944
1202,48.08,2,True,331.0891878604889
1204,48.16,0,False,
1206,48.24,1,True,287.04967617988586
1208,48.32,1,False,239.80512857437134
1210,48.4,1,False,197.94338822364807
1212,48.48,1,True,240.57869911193848
1214,48.56,1,True,109.08632040023804
1216,48.64,0,False,
1218,48.72,0,False,
1220,48.8,1,False,127.39728927612305
1222,48.88,1,True,112.71048903465271
1224,48.96,1,True,115.46043992042542
1226,49.04,1,True,117.32651710510254
1228,49.12,1,True,122.83681511878967
1230,49.2,1,True,117.18769669532776
1232,49.28,1,False,120.60323238372803
1234,49.36,1,True,131.9066834449768
1236,49.44,1,False,120.60954093933105
1238,49.52,1,True,124.577397108078
1240,49.6,1,True,124.83237862586975
1242,49.68,1,True,126.15015864372253
1244,49.76,1,True,129.56517934799194
1246,49.84,1,True,129.36645984649658
1248,49.92,1,True,140.6563925743103
1250,50.0,1,True,146.89014673233032
1252,50.08,1,True,146.54678106307983
1254,50.16,1,False,140.9422731399536
1256,50.24,1,False,143.72756481170654
1258,50.32,1,False,141.11099481582642
1260,50.4,1,False,140.01366019248962
1262,50.48,1,True,159.3189024925232
1264,50.56,1,True,157.37615704536438
1266,50.64,1,True,152.7178680896759
1268,50.72,1,True,162.820086479187
1270,50.8,1,True,176.46047115325928
1272,50.88,1,True,193.92165184020996
1274,50.96,1,True,185.9946620464325
1276,51.04,1,False,170.38713455200195
1278,51.12,1,False,161.7357873916626
1280,51.2,1,False,136.99743032455444
1282,51.28,1,False,137.09740161895752
1284,51.36,1,False,130.7195484638214
1286,51.44,1,True,122.43345379829407
1288,51.52,1,True,118.61626267433167
1290,51.6,1,True,117.35822081565857
1292,51.68,1,True,121.20096802711487
1294,51.76,1,True,111.95896625518799
1296,51.84,1,True,118.56997847557068
1298,51.92,1,True,112.76723384857178
1300,52.0,1,True,101.22698664665222
1302,52.08,0,False,
1304,52.16,0,False,
1306,52.24,0,False,
1308,52.32,0,False,
1310,52.4,1,False,490.87455332279205
1312,52.48,1,True,428.3312916755676
1314,52.56,1,True,487.173410654068
1316,52.64,1,True,437.55282282829285
1318,52.72,1,True,431.35683953762054
1320,52.8,1,False,439.63179767131805
1322,52.88,2,False,418.7180668115616
1324,52.96,1,False,504.0224361419678
1326,53.04,1,False,533.234041929245
1328,53.12,1,True,496.47939920425415
1330,53.2,0,False,
1332,53.28,0,False,
1334,53.36,1,True,447.3228120803833
1336,53.44,1,True,514.4330817461014
1338,53.52,1,False,286.08813643455505
1340,53.6,1,False,476.3971424102783
1342,53.68,1,True,510.3415811061859
1344,53.76,1,True,459.01713609695435
1346,53.84,1,True,546.0314297676086
1348,53.92,1,True,523.5630744695663
1350,54.0,1,True,535.0068908929825
1352,54.08,1,True,474.5702040195465
1354,54.16,1,True,450.0771725177765
1356,54.24,1,True,459.6952414512634
1358,54.32,1,True,320.0741922855377
1360,54.4,1,False,369.7257435321808
1362,54.48,1,False,402.61433601379395
1364,54.56,1,False,330.2146804332733
1366,54.64,1,False,429.76830661296844
1368,54.72,1,True,439.886811375618
1370,54.8,1,False,387.59997367858887
1372,54.88,1,True,408.30716371536255
1374,54.96,1,False,467.64044880867004
1376,55.04,1,True,436.057453751564
1378,55.12,1,True,455.75286090373993
1380,55.2,1,True,449.21216011047363
1382,55.28,1,True,451.6408574581146
1384,55.36,1,False,473.6895167827606
1386,55.44,1,False,514.7018069028854
1388,55.52,1,True,404.4935131072998
1390,55.6,1,False,535.6350588798523
1392,55.68,1,True,572.227771282196
1394,55.76,1,False,574.9012470245361
1396,55.84,1,False,545.0608777999878
1398,55.92,1,True,508.3580231666565
1400,56.0,1,True,574.6482610702515
1402,56.08,0,False,
1404,56.16,1,False,266.8281161785126
1406,56.24,1,True,288.3899223804474
1408,56.32,0,False,
1410,56.4,0,False,
1412,56.48,0,False,
1414,56.56,0,False,
1416,56.64,0,False,
1418,56.72,0,False,
1420,56.8,0,False,
1422,56.88,0,False,
1424,56.96,0,False,
1426,57.04,0,False,
1428,57.12,0,False,
1430,57.2,0,False,
1432,57.28,0,False,
1434,57.36,0,False,
1436,57.44,0,False,
1438,57.52,0,False,
1440,57.6,0,False,
1442,57.68,0,False,
1444,57.76,0,False,
1446,57.84,0,False,
1448,57.92,1,False,128.55796694755554
1450,58.0,0,False,
1452,58.08,0,False,
1454,58.16,0,False,
1456,58.24,0,False,
1458,58.32,1,True,68.10017377138138
1460,58.4,0,False,
1462,58.48,0,False,
1464,58.56,0,False,
1466,58.64,0,False,
1468,58.72,0,False,
1470,58.8,0,False,
1472,58.88,0,False,
1474,58.96,0,False,
1476,59.04,0,False,
1478,59.12,0,False,
1480,59.2,0,False,
1482,59.28,0,False,
1484,59.36,0,False,
1486,59.44,1,False,204.88662958145142
1488,59.52,0,False,
1490,59.6,1,True,196.07309460639954
1492,59.68,1,True,203.12457919120789
1494,59.76,1,True,204.43016052246094
1496,59.84,1,True,225.90448379516602
1498,59.92,1,True,208.83395075798035
1500,60.0,1,True,183.0507230758667
1502,60.08,1,True,211.60170078277588
1504,60.16,1,True,218.38043689727783
1506,60.24,1,True,217.27843523025513
1508,60.32,1,True,211.86601638793945
1510,60.4,2,True,234.6947479248047
1512,60.48,2,False,122.69836485385895
1514,60.56,1,False,438.68507981300354
1516,60.64,1,True,587.1645963191986
1518,60.72,1,True,610.4825949668884
1520,60.8,1,True,552.2282981872559
1522,60.88,1,True,588.2543349266052
1524,60.96,1,True,599.660074710846
1526,61.04,1,True,580.8405268192291
1528,61.12,1,True,607.4512374401093
1530,61.2,1,True,618.7192833423615
1532,61.28,1,True,643.7232273817062
1534,61.36,2,True,650.2275896072388
1536,61.44,2,True,684.6093302965164
1538,61.52,2,True,724.5630705356598
1540,61.6,2,True,720.2956223487854
1542,61.68,2,True,739.7919720411301
1544,61.76,2,True,663.9918923377991
1546,61.84,2,True,627.660984992981
1548,61.92,2,False,708.6988234519958
1550,62.0,2,True,777.3398834466934
1552,62.08,2,False,905.2364981174469
1554,62.16,2,False,1070.236737728119
1556,62.24,2,False,1013.3779835700989
1558,62.32,2,False,1140.5461370944977
1560,62.4,2,False,1005.3175485134125
1562,62.48,2,False,967.7394461631775
1564,62.56,2,False,914.1521286964417
1566,62.64,2,False,867.5067973136902
1568,62.72,1,False,847.758572101593
1570,62.8,1,False,909.8564851284027
1572,62.88,1,True,700.8768260478973
1574,62.96,1,True,759.2032206058502
1576,63.04,0,False,
1578,63.12,1,False,591.3866937160492
1580,63.2,1,False,699.1026413440704
1582,63.28,1,True,841.0881114006042
1584,63.36,1,False,533.6440014839172
1586,63.44,1,False,538.9932382106781
1588,63.52,1,False,296.9344747066498
1590,63.6,1,False,536.7775189876556
1592,63.68,1,False,585.963009595871
1594,63.76,1,False,684.0165674686432
1596,63.84,1,False,745.6233143806458
1598,63.92,2,False,471.5289008617401
1600,64.0,2,False,330.8933651447296
1602,64.08,2,False,324.11633491516113
1604,64.16,1,True,488.0821967124939
1606,64.24,0,False,
1608,64.32,1,False,497.8959596157074
1610,64.4,1,False,485.96049427986145
1612,64.48,1,True,431.41128301620483
1614,64.56,1,True,525.4508292675018
1616,64.64,1,True,561.196231842041
1618,64.72,1,True,487.0843505859375
1620,64.8,1,True,518.266704082489
1622,64.88,1,True,516.001900434494
1624,64.96,1,True,507.45561003685
1626,65.04,1,False,490.5491316318512
1628,65.12,1,False,443.35765957832336
1630,65.2,1,False,388.59540581703186
1632,65.28,1,True,289.2751479148865
1634,65.36,1,True,386.3557720184326
1636,65.44,1,True,422.65990018844604
1638,65.52,1,False,373.30987215042114
1640,65.6,1,False,417.0974922180176
1642,65.68,1,True,410.4516863822937
1644,65.76,1,True,419.37066435813904
1646,65.84,1,True,287.2659373283386
1648,65.92,1,True,440.4690170288086
1650,66.0,1,True,439.6931290626526
1652,66.08,1,True,179.2037272453308
1654,66.16,1,True,458.24002504348755
1656,66.24,1,True,586.6437864303589
1658,66.32,1,True,537.550767660141
1660,66.4,0,False,
1662,66.48,0,False,
1664,66.56,1,True,427.9593765735626
1666,66.64,2,True,446.6746401786804
1668,66.72,2,True,446.83846950531006
1670,66.8,1,True,447.95006275177
1672,66.88,1,True,445.2018177509308
1674,66.96,1,False,445.42367935180664
1676,67.04,1,True,436.9022047519684
1678,67.12,1,True,454.4415020942688
1680,67.2,1,True,382.90972352027893
1682,67.28,1,True,457.254763841629
1684,67.36,2,True,420.9845280647278
1686,67.44,0,False,
1688,67.52,1,True,369.60633158683777
1690,67.6,2,True,296.26235604286194
1692,67.68,0,False,
1694,67.76,1,True,303.5615801811218
1696,67.84,1,True,285.176260471344
1698,67.92,1,True,278.1171154975891
1700,68.0,1,True,265.1333999633789
1702,68.08,2,True,235.3259253501892
1704,68.16,1,False,354.61849093437195
1706,68.24,0,False,
1708,68.32,0,False,
1710,68.4,1,False,242.70867347717285
1712,68.48,1,True,257.1960139274597
1714,68.56,1,False,266.6753911972046
1716,68.64,2,False,217.15110540390015
1718,68.72,2,True,194.21738147735596
1720,68.8,1,True,187.84857273101807
1722,68.88,1,False,183.44616651535034
1724,68.96,1,False,137.7532982826233
1726,69.04,1,False,112.66327142715454
1728,69.12,1,False,102.81606674194336
1730,69.2,1,False,97.14364528656006
1732,69.28,1,False,72.61836290359497
1734,69.36,1,False,179.5939564704895
1736,69.44,1,False,156.53077840805054
1738,69.52,1,False,82.01482772827148
1740,69.6,1,False,119.42623615264893
1742,69.68,1,False,112.70073652267456
1744,69.76,1,False,87.72098064422607
1746,69.84,1,False,53.212409019470215
1748,69.92,1,False,91.73991680145264
1750,70.0,2,False,42.91633129119873
1752,70.08,2,False,55.07066488265991
1754,70.16,2,False,56.579954624176025
1756,70.24,2,False,78.6284852027893
1758,70.32,1,False,51.7391037940979
1760,70.4,2,False,101.3939380645752
1762,70.48,2,False,117.94787764549255
1764,70.56,1,True,232.69908785820007
1766,70.64,2,True,252.70277738571167
1768,70.72,1,True,277.5173842906952
1770,70.8,1,True,304.53670263290405
1772,70.88,1,True,314.0760111808777
1774,70.96,1,True,327.4361801147461
1776,71.04,1,True,430.5844759941101
1778,71.12,1,True,485.8831661939621
1780,71.2,1,True,547.9327672719955
1782,71.28,1,True,602.8168469667435
1784,71.36,1,True,527.8298950195312
1786,71.44,1,True,653.5999631881714
1788,71.52,1,True,835.3954607248306
1790,71.6,1,False,966.8388193845749
1792,71.68,1,True,1046.7562454938889
1794,71.76,1,False,87.77553677558899
1796,71.84,2,False,232.32400238513947
1798,71.92,2,False,121.34340941905975
1800,72.0,2,False,186.30027294158936
1802,72.08,1,False,234.55666780471802
1804,72.16,2,False,199.41978335380554
1806,72.24,0,False,
1808,72.32,1,True,176.0820060968399
1810,72.4,1,True,165.6240302324295
1812,72.48,1,True,212.51360893249512
1814,72.56,0,False,
1816,72.64,1,True,151.70526444911957
1818,72.72,1,False,149.03560280799866
1820,72.8,0,False,
1822,72.88,1,True,144.98660445213318
1824,72.96,1,True,144.55398559570312
1826,73.04,1,True,132.7108633518219
1828,73.12,2,True,135.73047280311584
1830,73.2,2,True,182.8919792175293
1832,73.28,2,True,141.43186211585999
1834,73.36,1,True,140.3195285797119
1836,73.44,1,True,151.72089099884033
1838,73.52,1,True,154.95315670967102
1840,73.6,1,True,159.2681121826172
1842,73.68,1,True,167.3722243309021
1844,73.76,1,True,157.57632493972778
1846,73.84,1,True,141.3663625717163
1848,73.92,1,True,143.79283905029297
1850,74.0,1,True,144.41458582878113
1852,74.08,1,True,152.8941535949707
1854,74.16,1,True,158.5864019393921
1856,74.24,1,True,159.53950881958008
1858,74.32,1,True,160.36953449249268
1860,74.4,1,True,173.95283639431
1862,74.48,2,True,185.27777194976807
1864,74.56,2,True,186.20984494686127
1866,74.64,2,True,187.53428757190704
1868,74.72,2,True,184.574094414711
1870,74.8,1,False,406.9767987728119
1872,74.88,1,False,621.6163909435272
1874,74.96,1,True,626.2423968315125
1876,75.04,1,True,626.8381369113922
1878,75.12,1,True,686.5986013412476
1880,75.2,1,True,671.1105179786682
1882,75.28,1,True,628.4922337532043
1884,75.36,1,True,671.88312292099
1886,75.44,1,False,704.4720590114594
1888,75.52,1,False,776.624264717102
1890,75.6,1,True,705.794312953949
1892,75.68,1,True,603.2603931427002
1894,75.76,1,True,625.7352662086487
1896,75.84,1,True,676.3320708274841
1898,75.92,1,True,658.7345159053802
1900,76.0,1,True,607.7146196365356
1902,76.08,1,True,578.9681088924408
1904,76.16,1,False,716.926531791687
1906,76.24,1,False,576.2245631217957
1908,76.32,1,False,588.0023789405823
1910,76.4,1,False,736.9975876808167
1912,76.48,1,False,594.7420084476471
1914,76.56,1,False,600.2316427230835
1916,76.64,1,False,738.6903405189514
1918,76.72,1,False,710.823712348938
1920,76.8,1,True,724.3996596336365
1922,76.88,1,True,730.715811252594
1924,76.96,0,False,
1926,77.04,0,False,
1928,77.12,0,False,
1930,77.2,0,False,
1932,77.28,0,False,
1934,77.36,0,False,
1936,77.44,0,False,
1938,77.52,0,False,
1940,77.6,0,False,
1942,77.68,0,False,
1944,77.76,0,False,
1946,77.84,0,False,
1948,77.92,0,False,
1950,78.0,0,False,
1952,78.08,0,False,
1954,78.16,0,False,
1956,78.24,0,False,
1958,78.32,0,False,
1960,78.4,0,False,
1962,78.48,0,False,
1964,78.56,0,False,
1966,78.64,0,False,
1968,78.72,0,False,
1970,78.8,1,False,39.98549222946167
1972,78.88,1,False,41.54084086418152
1974,78.96,1,False,50.86990714073181
1976,79.04,1,True,50.10010242462158
1978,79.12,2,False,44.73280906677246
1980,79.2,0,False,
1982,79.28,1,True,227.44380354881287
1984,79.36,1,True,246.2117886543274
1986,79.44,1,True,248.93199920654297
1988,79.52,1,True,220.34976840019226
1990,79.6,1,True,231.4293622970581
1992,79.68,1,True,235.2134656906128
1994,79.76,1,True,188.04075837135315
1996,79.84,1,True,180.07279515266418
1998,79.92,1,True,176.78697109222412
2000,80.0,1,True,415.15368461608887
2002,80.08,1,True,408.8285529613495
2004,80.16,1,True,394.08594131469727
2006,80.24,1,True,397.0949935913086
2008,80.32,1,False,317.17650532722473
2010,80.4,1,True,384.1190028190613
2012,80.48,1,True,399.76412415504456
2014,80.56,1,True,372.7433252334595
2016,80.64,1,True,362.20465779304504
2018,80.72,1,True,364.429292678833
2020,80.8,1,True,355.607807636261
2022,80.88,1,True,339.447283744812
2024,80.96,1,True,306.4108908176422
2026,81.04,2,True,316.25529527664185
2028,81.12,1,True,306.1135196685791
2030,81.2,2,True,314.53685760498047
2032,81.28,1,False,265.9560227394104
2034,81.36,2,True,260.9141671657562
2036,81.44,2,True,290.10639667510986
2038,81.52,1,True,289.32613134384155
2040,81.6,1,True,303.6768078804016
2042,81.68,1,True,284.0999436378479
2044,81.76,1,True,261.3302421569824
2046,81.84,2,True,321.6088128089905
2048,81.92,2,True,276.0441756248474
2050,82.0,1,True,259.5725691318512
2052,82.08,1,True,267.00308203697205
2054,82.16,1,True,260.29093980789185
2056,82.24,1,False,263.52742195129395
2058,82.32,1,True,248.12199354171753
2060,82.4,1,True,238.09515595436096
2062,82.48,2,True,233.58428120613098
2064,82.56,2,True,215.16580939292908
2066,82.64,2,True,198.48482966423035
2068,82.72,2,True,181.51092052459717
2070,82.8,2,True,188.55316758155823
2072,82.88,2,True,171.06540083885193
2074,82.96,1,True,175.0412392616272
2076,83.04,1,False,164.09467220306396
2078,83.12,1,True,112.70482420921326
2080,83.2,0,False,
2082,83.28,1,True,384.2254436016083
2084,83.36,0,False,
2086,83.44,0,False,
2088,83.52,0,False,
2090,83.6,0,False,
2092,83.68,0,False,
2094,83.76,0,False,
2096,83.84,0,False,
2098,83.92,0,False,
2100,84.0,0,False,
2102,84.08,0,False,
2104,84.16,0,False,
2106,84.24,0,False,
2108,84.32,0,False,
2110,84.4,0,False,
2112,84.48,0,False,
2114,84.56,0,False,
2116,84.64,0,False,
2118,84.72,0,False,
2120,84.8,0,False,
2122,84.88,0,False,
2124,84.96,0,False,
2126,85.04,0,False,
2128,85.12,0,False,
2130,85.2,0,False,
2132,85.28,0,False,
2134,85.36,0,False,
2136,85.44,0,False,
2138,85.52,0,False,
2140,85.6,0,False,
2142,85.68,0,False,
2144,85.76,0,False,
2146,85.84,0,False,
2148,85.92,0,False,
2150,86.0,0,False,
2152,86.08,0,False,
2154,86.16,0,False,
2156,86.24,0,False,
2158,86.32,0,False,
2160,86.4,0,False,
2162,86.48,0,False,
2164,86.56,0,False,
2166,86.64,0,False,
2168,86.72,0,False,
2170,86.8,0,False,
2172,86.88,0,False,
2174,86.96,0,False,
2176,87.04,0,False,
2178,87.12,0,False,
2180,87.2,0,False,
2182,87.28,0,False,
2184,87.36,0,False,
2186,87.44,0,False,
2188,87.52,0,False,
2190,87.6,0,False,
2192,87.68,0,False,
2194,87.76,0,False,
2196,87.84,1,False,248.28208923339844
2198,87.92,1,True,176.71332836151123
2200,88.0,0,False,
2202,88.08,0,False,
2204,88.16,1,True,419.13370728492737
2206,88.24,1,True,482.3593068122864
2208,88.32,1,True,461.7363166809082
2210,88.4,1,True,442.45025753974915
2212,88.48,0,False,
2214,88.56,1,True,437.8498560190201
2216,88.64,1,True,459.70702171325684
2218,88.72,1,True,492.93115854263306
2220,88.8,1,True,486.7145758867264
2222,88.88,1,True,522.099859714508
2224,88.96,1,True,564.0438365936279
2226,89.04,1,True,520.448659658432
2228,89.12,1,True,568.2653546333313
2230,89.2,1,True,541.5815323591232
2232,89.28,1,True,534.4104266166687
2234,89.36,1,True,579.4582450389862
2236,89.44,1,True,549.2594468593597
2238,89.52,1,True,579.4352477788925
2240,89.6,1,True,568.7729358673096
2242,89.68,1,True,535.8115214109421
2244,89.76,0,False,
2246,89.84,1,True,598.7925356626511
2248,89.92,1,True,567.4545443058014
2250,90.0,1,True,590.6681621074677
2252,90.08,1,True,559.7790437936783
2254,90.16,1,True,530.1916766166687
2256,90.24,2,True,535.7990169525146
2258,90.32,2,True,614.7954261302948
2260,90.4,2,True,597.3099446296692
2262,90.48,2,True,501.22414112091064
2264,90.56,1,True,632.4958491325378
2266,90.64,1,True,658.579216003418
2268,90.72,1,True,690.7211136817932
2270,90.8,1,True,638.4698259830475
2272,90.88,1,False,692.6266193389893
2274,90.96,1,False,749.5138585567474
2276,91.04,1,True,664.6323394775391
2278,91.12,1,True,709.8092257976532
2280,91.2,1,True,750.5832231044769
2282,91.28,2,True,685.165593624115
2284,91.36,2,True,652.2009444236755
2286,91.44,2,False,709.6944808959961
2288,91.52,2,False,506.30056500434875
2290,91.6,2,True,771.4853990077972
2292,91.68,2,False,626.1325764656067
2294,91.76,2,False,664.8406183719635
2296,91.84,2,True,802.6579356193542
2298,91.92,2,True,842.0006310939789
2300,92.0,1,False,938.3139932155609
2302,92.08,1,False,826.1655449867249
2304,92.16,1,False,872.6328206062317
2306,92.24,1,False,495.84831833839417
2308,92.32,1,False,361.2465298175812
2310,92.4,1,False,242.09532737731934
2312,92.48,1,True,447.5146758556366
2314,92.56,1,False,437.2264516353607
2316,92.64,0,False,
2318,92.72,1,False,788.9607417583466
2320,92.8,1,False,944.5834422111511
2322,92.88,1,False,1004.5209002494812
2324,92.96,1,False,1197.9191994667053
2326,93.04,1,False,909.3415331840515
2328,93.12,1,False,957.8022480010986
2330,93.2,2,False,846.2480592727661
2332,93.28,1,False,552.8707408905029
2334,93.36,1,False,942.2909581661224
2336,93.44,1,False,801.8498611450195
2338,93.52,1,False,578.6168575286865
2340,93.6,1,False,899.6203064918518
2342,93.68,2,False,301.79721236228943
2344,93.76,2,True,245.48646569252014
2346,93.84,1,False,195.9987759590149
2348,93.92,1,False,153.61226677894592
2350,94.0,1,True,289.8730444908142
2352,94.08,1,False,386.52114629745483
2354,94.16,2,True,345.43426394462585
2356,94.24,1,True,348.6720013618469
2358,94.32,1,False,210.00277161598206
2360,94.4,1,True,199.11378622055054
2362,94.48,2,False,190.19342422485352
2364,94.56,1,True,238.56466054916382
2366,94.64,2,False,180.09065866470337
2368,94.72,2,False,211.48830771446228
2370,94.8,2,True,165.99380493164062
2372,94.88,2,False,173.81004095077515
2374,94.96,1,True,439.09539341926575
2376,95.04,1,True,422.3376488685608
2378,95.12,1,False,324.5546507835388
2380,95.2,0,False,
2382,95.28,0,False,
2384,95.36,1,False,368.212366104126
2386,95.44,1,False,408.0976939201355
2388,95.52,1,False,406.2699508666992
2390,95.6,0,False,
2392,95.68,0,False,
2394,95.76,0,False,
2396,95.84,0,False,
2398,95.92,0,False,
2400,96.0,1,True,204.6296525001526
2402,96.08,1,False,156.20223462581635
2404,96.16,0,False,
2406,96.24,0,False,
2408,96.32,0,False,
2410,96.4,0,False,
2412,96.48,0,False,
2414,96.56,1,False,136.39451265335083
2416,96.64,1,True,111.64971828460693
2418,96.72,1,True,234.76378798484802
2420,96.8,1,True,217.12677240371704
2422,96.88,1,False,269.7815501689911
2424,96.96,1,False,273.53517293930054
2426,97.04,2,True,286.2985074520111
2428,97.12,0,False,
2430,97.2,1,True,356.5435016155243
2432,97.28,1,True,325.44512271881104
2434,97.36,2,True,308.4351968765259
2436,97.44,1,True,271.5505528450012
2438,97.52,1,True,260.2805757522583
2440,97.6,1,True,263.1415057182312
2442,97.68,1,True,278.6481285095215
2444,97.76,1,True,245.50593852996826
2446,97.84,2,True,240.74960947036743
2448,97.92,1,True,257.45025515556335
2450,98.0,1,False,258.1796336174011
2452,98.08,1,False,175.26586890220642
2454,98.16,1,False,426.6431736946106
2456,98.24,1,False,533.1048613786697
2458,98.32,1,False,281.3530343770981
2460,98.4,1,False,338.8885259628296
2462,98.48,1,False,355.2211833000183
2464,98.56,1,False,421.1944645643234
2466,98.64,0,False,
2468,98.72,0,False,
2470,98.8,1,False,1101.391829252243
2472,98.88,1,False,1210.2577686309814
2474,98.96,1,False,786.2957954406738
2476,99.04,1,False,844.1897642612457
2478,99.12,1,False,860.7320201396942
2480,99.2,1,False,698.5391521453857
2482,99.28,1,False,818.8781654834747
2484,99.36,2,False,546.6648280620575
2486,99.44,2,False,381.6483986377716
2488,99.52,2,False,483.84973526000977
2490,99.6,1,False,467.48077154159546
2492,99.68,1,False,561.5201890468597
2494,99.76,1,False,507.1218681335449
2496,99.84,1,False,554.4105434417725
2498,99.92,1,False,505.95871210098267
2500,100.0,1,False,676.9936001300812
2502,100.08,1,False,566.6563510894775
2504,100.16,0,False,
2506,100.24,0,False,
2508,100.32,0,False,
2510,100.4,0,False,
2512,100.48,1,False,134.13495540618896
2514,100.56,1,False,98.2229232788086
2516,100.64,0,False,
2518,100.72,1,False,144.53975915908813
2520,100.8,0,False,
2522,100.88,0,False,
2524,100.96,0,False,
2526,101.04,0,False,
2528,101.12,0,False,
2530,101.2,0,False,
2532,101.28,0,False,
2534,101.36,0,False,
2536,101.44,0,False,
2538,101.52,1,False,123.24809432029724
2540,101.6,2,False,160.9397828578949
2542,101.68,2,True,144.46743607521057
2544,101.76,1,True,137.82285332679749
2546,101.84,1,True,136.46361708641052
2548,101.92,2,True,140.0233805179596
2550,102.0,2,True,132.2736418247223
2552,102.08,2,True,119.55610871315002
2554,102.16,2,True,125.36715745925903
2556,102.24,1,True,126.08053922653198
2558,102.32,2,False,108.7965452671051
2560,102.4,2,True,137.6040494441986
2562,102.48,2,True,137.53900051116943
2564,102.56,2,True,145.9427046775818
2566,102.64,1,True,155.04475951194763
2568,102.72,1,True,153.96371126174927
2570,102.8,1,True,171.6423761844635
2572,102.88,1,True,173.2183563709259
2574,102.96,1,True,186.83038473129272
2576,103.04,1,True,170.1732873916626
2578,103.12,1,True,146.50246024131775
2580,103.2,1,True,132.0934295654297
2582,103.28,2,False,134.76436257362366
2584,103.36,2,True,151.46851658821106
2586,103.44,2,True,154.1959047317505
2588,103.52,2,True,160.90827226638794
2590,103.6,1,True,156.1424160003662
2592,103.68,2,True,160.03019213676453
2594,103.76,2,True,141.25663876533508
2596,103.84,2,True,138.69118094444275
2598,103.92,2,True,168.66354703903198
2600,104.0,1,True,150.25952696800232
2602,104.08,1,False,155.98454117774963
2604,104.16,1,True,154.73889112472534
2606,104.24,2,True,151.10796332359314
2608,104.32,2,True,147.49274253845215
2610,104.4,2,True,140.11601328849792
2612,104.48,1,True,150.83698511123657
2614,104.56,1,True,161.09662771224976
2616,104.64,1,True,162.0033860206604
2618,104.72,1,True,170.6401526927948
2620,104.8,1,True,171.93260192871094
2622,104.88,2,True,174.20072078704834
2624,104.96,2,False,162.64254570007324
2626,105.04,2,False,126.20571255683899
2628,105.12,2,False,115.6632149219513
2630,105.2,2,True,117.67171740531921
2632,105.28,2,False,120.72032690048218
2634,105.36,2,True,115.06119847297668
2636,105.44,2,True,122.03566074371338
2638,105.52,2,True,126.38952970504761
2640,105.6,2,True,120.3736138343811
2642,105.68,2,True,116.36571764945984
2644,105.76,2,True,108.34529042243958
2646,105.84,2,False,94.15969848632812
2648,105.92,1,True,107.20186471939087
2650,106.0,1,True,96.7780065536499
2652,106.08,1,True,88.74229073524475
2654,106.16,1,True,90.7768964767456
2656,106.24,1,True,98.18175673484802
2658,106.32,2,True,95.37802219390869
2660,106.4,1,True,100.4641342163086
2662,106.48,1,True,94.27248001098633
2664,106.56,1,True,100.9379518032074
2666,106.64,2,True,101.02636814117432
2668,106.72,1,True,91.60595655441284
2670,106.8,1,True,88.70089888572693
2672,106.88,1,False,83.31410050392151
2674,106.96,1,True,99.43352222442627
2676,107.04,0,False,
2678,107.12,0,False,
2680,107.2,0,False,
2682,107.28,0,False,
2684,107.36,0,False,
2686,107.44,0,False,
2688,107.52,0,False,
2690,107.6,0,False,
2692,107.68,0,False,
2694,107.76,0,False,
2696,107.84,0,False,
2698,107.92,0,False,
2700,108.0,0,False,
2702,108.08,0,False,
2704,108.16,0,False,
2706,108.24,0,False,
2708,108.32,0,False,
2710,108.4,0,False,
2712,108.48,0,False,
2714,108.56,0,False,
2716,108.64,0,False,
2718,108.72,0,False,
2720,108.8,0,False,
2722,108.88,0,False,
2724,108.96,0,False,
2726,109.04,1,False,374.24302339553833
2728,109.12,1,True,487.69051909446716
2730,109.2,1,False,504.5961284637451
2732,109.28,1,True,420.94947695732117
2734,109.36,1,False,467.69698441028595
2736,109.44,1,False,132.43006825447083
2738,109.52,1,False,178.57050597667694
2740,109.6,1,True,392.66751408576965
2742,109.68,1,True,336.0639828443527
2744,109.76,1,False,347.78204441070557
2746,109.84,1,True,577.8933370113373
2748,109.92,1,False,502.7374702692032
2750,110.0,1,True,517.4767506122589
2752,110.08,1,False,446.8335771560669
2754,110.16,1,False,392.76486217975616
2756,110.24,0,False,
2758,110.32,1,False,439.7211956977844
2760,110.4,1,True,399.8068195581436
2762,110.48,1,False,438.75189900398254
2764,110.56,1,True,295.0812077522278
2766,110.64,1,True,415.0107443332672
2768,110.72,1,True,468.45003604888916
2770,110.8,1,True,432.1190643310547
2772,110.88,1,False,456.3867259025574
2774,110.96,1,True,451.4655375480652
2776,111.04,1,True,427.73056268692017
2778,111.12,1,True,398.9660918712616
2780,111.2,1,True,376.2679088115692
2782,111.28,1,True,424.3700981140137
2784,111.36,1,True,410.8822453022003
2786,111.44,1,True,437.60604321956635
2788,111.52,1,True,384.67087268829346
2790,111.6,1,True,339.9817407131195
2792,111.68,1,False,267.6679265499115
2794,111.76,1,True,425.6456172466278
2796,111.84,1,True,408.10651302337646
2798,111.92,0,False,
2800,112.0,1,True,446.4749872684479
2802,112.08,1,True,430.2756142616272
2804,112.16,1,True,440.4925936460495
2806,112.24,1,False,316.1584943532944
2808,112.32,1,False,460.0490516424179
2810,112.4,1,True,460.3577524423599
2812,112.48,1,True,477.818820476532
2814,112.56,1,False,405.4449141025543
2816,112.64,1,False,479.448938369751
2818,112.72,1,False,417.57134199142456
2820,112.8,1,True,420.4066514968872
2822,112.88,1,True,483.41602206230164
2824,112.96,1,True,471.8357026576996
2826,113.04,1,True,500.85946798324585
2828,113.12,1,True,496.11882984638214
2830,113.2,0,False,
2832,113.28,1,True,424.2810380458832
2834,113.36,0,False,
2836,113.44,0,False,
2838,113.52,0,False,
2840,113.6,0,False,
2842,113.68,0,False,
2844,113.76,0,False,
2846,113.84,0,False,
2848,113.92,0,False,
2850,114.0,0,False,
2852,114.08,0,False,
2854,114.16,0,False,
2856,114.24,0,False,
2858,114.32,0,False,
2860,114.4,0,False,
2862,114.48,0,False,
2864,114.56,0,False,
2866,114.64,0,False,
2868,114.72,0,False,
2870,114.8,0,False,
2872,114.88,0,False,
2874,114.96,0,False,
2876,115.04,0,False,
2878,115.12,0,False,
2880,115.2,0,False,
2882,115.28,0,False,
2884,115.36,0,False,
2886,115.44,0,False,
2888,115.52,0,False,
2890,115.6,0,False,
2892,115.68,0,False,
2894,115.76,0,False,
2896,115.84,0,False,
2898,115.92,0,False,
2900,116.0,0,False,
2902,116.08,0,False,
2904,116.16,1,True,131.4860701560974
2906,116.24,2,False,237.09872603416443
2908,116.32,2,False,191.1752736568451
2910,116.4,1,True,491.56324803829193
2912,116.48,1,True,458.63340854644775
2914,116.56,1,True,414.91801500320435
2916,116.64,2,True,541.6803288459778
2918,116.72,2,True,545.1664817333221
2920,116.8,2,True,511.61906361579895
2922,116.88,2,True,505.9075355529785
2924,116.96,2,True,487.00201749801636
2926,117.04,2,True,480.6653308868408
2928,117.12,2,True,500.1705801486969
2930,117.2,2,True,550.3244984149933
2932,117.28,2,True,544.4813114404678
2934,117.36,2,True,585.4120087623596
2936,117.44,2,True,609.743737578392
2938,117.52,2,True,590.8407300710678
2940,117.6,2,True,606.4725261926651
2942,117.68,2,True,621.6808605194092
2944,117.76,2,True,627.0169168710709
2946,117.84,2,True,586.8009853363037
2948,117.92,2,True,627.642252445221
2950,118.0,2,True,611.5281414985657
2952,118.08,2,True,626.9177985191345
2954,118.16,2,True,677.882205247879
2956,118.24,2,True,752.8051543235779
2958,118.32,2,False,484.07533049583435
2960,118.4,1,True,551.247832775116
2962,118.48,1,True,596.860556602478
2964,118.56,1,True,601.8636274337769
2966,118.64,1,True,570.9723687171936
2968,118.72,1,True,470.82808792591095
2970,118.8,1,True,453.4948968887329
2972,118.88,1,True,651.4406991004944
2974,118.96,1,False,613.6407351493835
2976,119.04,1,True,587.9202711582184
2978,119.12,1,True,585.6546306610107
2980,119.2,1,True,635.9618854522705
2982,119.28,1,True,686.2621879577637
2984,119.36,1,True,730.0259900093079
2986,119.44,1,True,719.076075553894
2988,119.52,1,True,745.734293460846
2990,119.6,1,True,699.7749853134155
2992,119.68,1,True,674.2861032485962
2994,119.76,1,True,679.081152677536
2996,119.84,1,True,692.8004586696625
2998,119.92,1,True,712.379801273346
3000,120.0,1,True,763.5207509994507
3002,120.08,1,True,743.2073307037354
3004,120.16,1,True,684.603134393692
3006,120.24,1,True,663.6216187477112
3008,120.32,1,True,760.3052544593811
3010,120.4,1,False,701.6922390460968
3012,120.48,1,True,645.9658706188202
3014,120.56,1,True,771.8569278717041
3016,120.64,1,True,783.2670772075653
3018,120.72,1,True,671.4563620090485
3020,120.8,1,True,700.0148713588715
3022,120.88,1,False,772.5985050201416
3024,120.96,1,False,727.0063805580139
3026,121.04,1,False,600.8908545970917
3028,121.12,1,False,664.4811272621155
3030,121.2,1,False,738.3566308021545
3032,121.28,1,False,821.6711819171906
3034,121.36,1,False,787.9935050010681
3036,121.44,1,False,965.6780290603638
3038,121.52,1,False,949.2725658416748
3040,121.6,1,False,1007.7211403846741
3042,121.68,1,False,855.1646876335144
3044,121.76,1,False,795.8631062507629
3046,121.84,1,False,1146.1446905136108
3048,121.92,2,False,630.9660243988037
3050,122.0,2,False,318.71588945388794
3052,122.08,2,False,561.2492752075195
3054,122.16,2,True,450.3224015235901
3056,122.24,2,True,513.6922287940979
3058,122.32,1,False,543.8310956954956
3060,122.4,1,True,520.2894330024719
3062,122.48,1,False,494.7687828540802
3064,122.56,1,True,502.99002170562744
3066,122.64,1,True,480.85278511047363
3068,122.72,1,True,485.3536820411682
3070,122.8,1,True,483.697589635849
3072,122.88,1,True,449.45249676704407
3074,122.96,0,False,
3076,123.04,0,False,
3078,123.12,1,True,451.30956172943115
3080,123.2,1,True,426.81440591812134
3082,123.28,1,True,501.3543999195099
3084,123.36,0,False,
3086,123.44,1,False,376.41406774520874
3088,123.52,1,False,452.6800310611725
3090,123.6,1,False,435.65237045288086
3092,123.68,1,True,143.20446968078613
3094,123.76,1,False,484.77847695350647
3096,123.84,1,False,486.0780715942383
3098,123.92,1,False,446.77422523498535
3100,124.0,1,False,456.4491033554077
3102,124.08,1,False,455.1091146469116
3104,124.16,1,False,453.1493103504181
3106,124.24,1,False,492.113299369812
3108,124.32,1,False,525.3373074531555
3110,124.4,1,True,581.1973142623901
3112,124.48,1,False,488.4985613822937
3114,124.56,1,False,481.06470108032227
3116,124.64,1,False,472.4290931224823
3118,124.72,1,True,454.09778237342834
3120,124.8,1,True,470.0513792037964
3122,124.88,1,True,475.892071723938
3124,124.96,1,True,537.6559209823608
3126,125.04,2,False,580.204553604126
3128,125.12,1,True,532.7795362472534
3130,125.2,1,True,419.3164300918579
3132,125.28,1,True,476.378538608551
3134,125.36,1,True,482.7250099182129
3136,125.44,1,True,525.0709962844849
3138,125.52,1,True,446.3130569458008
3140,125.6,1,True,460.47183752059937
3142,125.68,1,True,479.97055292129517
3144,125.76,1,True,495.6374001502991
3146,125.84,1,True,543.3542847633362
3148,125.92,1,True,578.9335888624191
3150,126.0,1,True,547.6915454864502
3152,126.08,1,True,577.5462698936462
3154,126.16,1,True,568.9441841840744
3156,126.24,1,True,600.4846286773682
3158,126.32,1,True,655.0252461433411
3160,126.4,1,True,711.1698138713837
3162,126.48,1,True,709.7313022613525
3164,126.56,1,False,668.7705910205841
3166,126.64,1,True,731.0870504379272
3168,126.72,1,True,701.1674219369888
3170,126.8,1,True,774.5914453268051
3172,126.88,1,True,878.7125623226166
3174,126.96,1,True,804.3720763921738
3176,127.04,1,True,802.8935247659683
3178,127.12,1,True,937.4294114112854
3180,127.2,1,True,729.5118588209152
3182,127.28,1,True,763.4436643123627
3184,127.36,1,False,682.8884303569794
3186,127.44,1,True,712.7222979068756
3188,127.52,1,False,594.7017109394073
3190,127.6,1,True,683.4428429603577
3192,127.68,1,False,959.6394538879395
3194,127.76,1,False,684.9970006942749
3196,127.84,1,False,290.77342987060547
3198,127.92,1,False,260.96389532089233
3200,128.0,2,False,259.6209454536438
3202,128.08,2,False,275.06744384765625
3204,128.16,1,False,226.60106420516968
3206,128.24,1,False,248.70810985565186
3208,128.32,1,False,241.41661047935486
3210,128.4,0,False,
3212,128.48,1,False,267.0971632003784
3214,128.56,2,False,153.30005764961243
3216,128.64,2,True,270.8927893638611
3218,128.72,1,False,140.1779079437256
3220,128.8,0,False,
3222,128.88,0,False,
3224,128.96,0,False,
3226,129.04,1,True,160.41292190551758
3228,129.12,1,False,153.26693773269653
3230,129.2,1,True,145.0577688217163
3232,129.28,1,False,234.39335346221924
3234,129.36,1,False,99.1032886505127
3236,129.44,1,False,104.41509246826172
3238,129.52,1,False,182.50934600830078
3240,129.6,2,False,97.02680826187134
3242,129.68,1,False,84.5940613746643
3244,129.76,0,False,
3246,129.84,1,False,246.5431809425354
3248,129.92,1,False,408.6378479003906
3250,130.0,1,False,299.438681602478
3252,130.08,1,False,308.3383798599243
3254,130.16,2,True,365.513334274292
3256,130.24,2,False,377.76216745376587
3258,130.32,2,False,357.76578426361084
3260,130.4,2,False,405.95130443573
3262,130.48,1,True,391.29395484924316
3264,130.56,2,True,395.8620250225067
3266,130.64,1,False,342.5271141529083
3268,130.72,1,False,358.4873414039612
3270,130.8,1,True,365.6852102279663
3272,130.88,1,False,345.84930896759033
3274,130.96,0,False,
3276,131.04,0,False,
3278,131.12,0,False,
3280,131.2,1,True,598.5061883926392
3282,131.28,1,False,420.3326225280762
3284,131.36,0,False,
3286,131.44,0,False,
3288,131.52,0,False,
3290,131.6,0,False,
3292,131.68,1,True,267.4397563934326
3294,131.76,0,False,
3296,131.84,0,False,
3298,131.92,0,False,
3300,132.0,0,False,
3302,132.08,0,False,
3304,132.16,0,False,
3306,132.24,0,False,
3308,132.32,0,False,
3310,132.4,1,False,122.77215242385864
3312,132.48,0,False,
3314,132.56,0,False,
3316,132.64,1,True,52.7742862701416
3318,132.72,1,True,233.44256401062012
3320,132.8,0,False,
3322,132.88,1,True,314.2608904838562
3324,132.96,1,True,294.76043701171875
3326,133.04,0,False,
3328,133.12,0,False,
3330,133.2,0,False,
3332,133.28,0,False,
3334,133.36,0,False,
3336,133.44,0,False,
3338,133.52,0,False,
3340,133.6,0,False,
3342,133.68,0,False,
3344,133.76,0,False,
3346,133.84,0,False,
3348,133.92,0,False,
3350,134.0,1,False,99.98988211154938
3352,134.08,0,False,
3354,134.16,0,False,
3356,134.24,0,False,
3358,134.32,0,False,
3360,134.4,0,False,
3362,134.48,0,False,
3364,134.56,0,False,
3366,134.64,0,False,
3368,134.72,0,False,
3370,134.8,0,False,
3372,134.88,0,False,
3374,134.96,0,False,
3376,135.04,0,False,
3378,135.12,0,False,
3380,135.2,0,False,
3382,135.28,0,False,
3384,135.36,1,True,101.60662651062012
3386,135.44,1,True,466.79410457611084
3388,135.52,1,True,436.500324010849
3390,135.6,1,True,434.6541702747345
3392,135.68,1,True,420.0270438194275
3394,135.76,1,True,432.98013389110565
3396,135.84,1,True,435.8621782064438
3398,135.92,1,True,443.19820761680603
3400,136.0,1,True,433.87575566768646
3402,136.08,1,False,305.23640513420105
3404,136.16,0,False,
3406,136.24,1,False,382.54443883895874
3408,136.32,1,True,224.07445549964905
3410,136.4,2,False,64.03528332710266
3412,136.48,2,False,153.65845441818237
3414,136.56,2,False,134.75512504577637
3416,136.64,2,False,201.58654689788818
3418,136.72,1,True,311.4323401451111
3420,136.8,2,True,314.65826511383057
3422,136.88,2,True,322.3043632507324
3424,136.96,2,True,318.03385734558105
3426,137.04,2,True,318.20212841033936
3428,137.12,2,True,318.6476540565491
3430,137.2,2,False,264.9837327003479
3432,137.28,2,True,286.02205753326416
3434,137.36,2,True,285.37375688552856
3436,137.44,2,True,282.7356219291687
3438,137.52,2,True,233.43886256217957
3440,137.6,2,False,219.11544799804688
3442,137.68,2,False,196.35250568389893
3444,137.76,2,False,129.06654596328735
3446,137.84,1,True,240.55867910385132
3448,137.92,1,True,271.58679485321045
3450,138.0,1,True,263.65243434906006
3452,138.08,1,True,255.12439370155334
3454,138.16,0,False,
3456,138.24,0,False,
3458,138.32,0,False,
3460,138.4,0,False,
3462,138.48,0,False,
3464,138.56,0,False,
3466,138.64,0,False,
3468,138.72,0,False,
3470,138.8,0,False,
3472,138.88,0,False,
3474,138.96,0,False,
3476,139.04,0,False,
3478,139.12,0,False,
3480,139.2,0,False,
3482,139.28,0,False,
3484,139.36,0,False,
3486,139.44,0,False,
3488,139.52,1,False,377.869348526001
3490,139.6,0,False,
3492,139.68,0,False,
3494,139.76,0,False,
3496,139.84,0,False,
3498,139.92,0,False,
3500,140.0,0,False,
3502,140.08,0,False,
3504,140.16,0,False,
3506,140.24,0,False,
3508,140.32,0,False,
3510,140.4,0,False,
3512,140.48,0,False,
3514,140.56,0,False,
3516,140.64,0,False,
3518,140.72,0,False,
3520,140.8,0,False,
3522,140.88,0,False,
3524,140.96,0,False,
3526,141.04,0,False,
3528,141.12,0,False,
3530,141.2,0,False,
3532,141.28,0,False,
3534,141.36,1,False,398.2750153541565
3536,141.44,1,False,399.42468523979187
3538,141.52,1,False,417.1629273891449
3540,141.6,1,False,400.8752989768982
3542,141.68,1,False,392.6440501213074
3544,141.76,1,False,157.2034764289856
3546,141.84,1,False,358.35466861724854
3548,141.92,1,False,173.0714249610901
3550,142.0,1,False,386.1409592628479
3552,142.08,1,True,193.07611227035522
3554,142.16,1,False,427.40145564079285
3556,142.24,1,False,424.6893560886383
3558,142.32,1,False,459.1057777404785
3560,142.4,1,False,440.94502329826355
3562,142.48,1,False,174.5541286468506
3564,142.56,1,False,482.2339725494385
3566,142.64,1,False,456.3869512081146
3568,142.72,1,False,493.4690272808075
3570,142.8,1,False,494.30761456489563
3572,142.88,1,False,603.0720376968384
3574,142.96,1,False,572.7197420597076
3576,143.04,1,False,620.7947659492493
3578,143.12,1,False,636.5706932544708
3580,143.2,1,False,583.4681046009064
3582,143.28,1,False,605.8644104003906
3584,143.36,1,False,632.3762118816376
3586,143.44,1,False,629.9780595302582
3588,143.52,1,False,597.8105092048645
3590,143.6,1,False,589.7237455844879
3592,143.68,1,False,637.6739180088043
3594,143.76,1,False,655.5056619644165
3596,143.84,1,False,645.1071345806122
3598,143.92,1,False,650.3332901000977
3600,144.0,1,True,656.1866962909698
3602,144.08,1,False,648.4238255023956
3604,144.16,1,False,644.8907768726349
3606,144.24,1,False,627.5735664367676
3608,144.32,1,False,641.5001857280731
3610,144.4,1,False,618.5512375831604
3612,144.48,1,False,670.0195240974426
3614,144.56,1,False,648.4551429748535
3616,144.64,1,False,643.0063855648041
3618,144.72,1,True,644.0707290172577
3620,144.8,1,False,649.0384590625763
3622,144.88,1,True,635.9972906112671
3624,144.96,1,False,637.0765042304993
3626,145.04,1,False,667.9271113872528
3628,145.12,1,False,649.0652060508728
3630,145.2,1,False,623.1642401218414
3632,145.28,1,False,640.6649136543274
3634,145.36,1,False,681.4207577705383
3636,145.44,1,True,652.4608182907104
3638,145.52,1,True,663.9023172855377
3640,145.6,1,True,667.864283323288
3642,145.68,1,True,670.2665555477142
3644,145.76,1,True,670.9677064418793
3646,145.84,1,True,669.5229828357697
3648,145.92,1,True,683.5257875919342
3650,146.0,1,True,667.2418284416199
3652,146.08,1,True,662.8568351268768
3654,146.16,1,True,667.5442206859589
3656,146.24,1,True,676.3132739067078
3658,146.32,1,True,677.87264585495
3660,146.4,1,True,692.0335185527802
3662,146.48,1,True,675.5649697780609
3664,146.56,1,True,680.9768092632294
3666,146.64,1,True,683.2439625263214
3668,146.72,1,True,660.3628957271576
3670,146.8,1,True,641.455864906311
3672,146.88,1,True,466.1035269498825
3674,146.96,1,True,483.63051295280457
3676,147.04,1,True,546.4211440086365
3678,147.12,1,True,505.2733325958252
3680,147.2,1,True,462.63840794563293
3682,147.28,1,True,433.4992700815201
3684,147.36,1,True,478.39547395706177
3686,147.44,1,True,486.299192905426
3688,147.52,2,True,439.52125310897827
3690,147.6,2,True,531.9795727729797
3692,147.68,2,True,631.2948900461197
3694,147.76,2,True,588.3495908975601
3696,147.84,1,False,411.3635140657425
3698,147.92,2,True,390.1678776741028
3700,148.0,2,True,389.6233141422272
3702,148.08,2,True,385.3700602054596
3704,148.16,2,True,381.20234191417694
3706,148.24,2,True,382.26942121982574
3708,148.32,2,True,382.18143939971924
3710,148.4,2,True,384.3603050708771
3712,148.48,2,True,395.63338816165924
3714,148.56,2,True,386.2661164999008
3716,148.64,2,True,389.84485387802124
3718,148.72,2,True,399.55294847488403
3720,148.8,2,True,390.3719401359558
3722,148.88,2,True,406.1179178953171
3724,148.96,2,True,403.7156295776367
3726,149.04,1,True,689.9207478761673
3728,149.12,1,True,718.6950838565826
3730,149.2,1,True,753.8129460811615
3732,149.28,1,True,752.7468645572662
3734,149.36,1,True,727.9429113864899
3736,149.44,1,True,740.4174363613129
3738,149.52,1,True,786.8064343929291
3740,149.6,1,True,771.8616914749146
3742,149.68,1,True,821.3095343112946
3744,149.76,1,True,832.9699015617371
3746,149.84,1,True,890.4433214664459
3748,149.92,1,True,840.2282810211182
3750,150.0,1,False,808.699826002121
3752,150.08,1,False,918.8955187797546
3754,150.16,1,False,866.1225843429565
3756,150.24,1,False,776.6056609153748
3758,150.32,1,False,652.575112581253
3760,150.4,1,False,826.3119292259216
3762,150.48,1,False,892.4325442314148
3764,150.56,1,False,703.4993827342987
3766,150.64,1,False,365.5616784095764
3768,150.72,0,False,
3770,150.8,0,False,
3772,150.88,0,False,
3774,150.96,0,False,
3776,151.04,0,False,
3778,151.12,0,False,
3780,151.2,0,False,
3782,151.28,0,False,
3784,151.36,0,False,
3786,151.44,0,False,
3788,151.52,1,True,94.1586846113205
3790,151.6,0,False,
3792,151.68,1,False,114.03029680252075
3794,151.76,1,True,125.48267483711243
3796,151.84,1,True,143.13990354537964
3798,151.92,1,True,145.48053860664368
3800,152.0,2,True,154.48120594024658
3802,152.08,1,True,152.0178759098053
3804,152.16,1,True,157.75087237358093
3806,152.24,2,True,153.80184531211853
3808,152.32,2,True,156.31619095802307
3810,152.4,2,True,158.8016653060913
3812,152.48,2,True,162.57041573524475
3814,152.56,2,True,165.84484577178955
3816,152.64,2,True,168.31982731819153
3818,152.72,2,True,173.39580059051514
3820,152.8,2,True,180.51230192184448
3822,152.88,2,True,187.83843398094177
3824,152.96,2,True,183.04019808769226
3826,153.04,2,True,194.77015256881714
3828,153.12,2,True,199.23049449920654
3830,153.2,2,True,199.98713493347168
3832,153.28,2,True,204.7587525844574
3834,153.36,2,True,195.76191544532776
3836,153.44,2,False,197.67974853515625
3838,153.52,2,False,197.44662165641785
3840,153.6,2,False,205.7594633102417
3842,153.68,2,False,189.72845792770386
3844,153.76,2,False,188.45348596572876
3846,153.84,2,True,198.053240776062
3848,153.92,2,True,198.85310769081116
3850,154.0,2,True,185.9408140182495
3852,154.08,2,True,195.18664598464966
3854,154.16,2,True,195.62769770622253
3856,154.24,2,False,200.0838553905487
3858,154.32,2,False,195.51401495933533
3860,154.4,2,True,192.57644891738892
3862,154.48,2,True,189.72028255462646
3864,154.56,2,True,203.26011657714844
3866,154.64,2,True,206.72270894050598
3868,154.72,2,True,203.1517767906189
3870,154.8,2,True,206.89406991004944
3872,154.88,2,True,205.54246187210083
3874,154.96,2,True,200.93863248825073
3876,155.04,2,True,216.9101893901825
3878,155.12,2,True,231.23270273208618
3880,155.2,2,True,235.5891466140747
3882,155.28,2,True,234.03852939605713
3884,155.36,2,True,233.10109734535217
3886,155.44,2,True,237.84371495246887
3888,155.52,1,False,209.22176599502563
3890,155.6,1,False,266.6800904273987
3892,155.68,1,True,252.92869448661804
3894,155.76,2,True,272.5467896461487
3896,155.84,2,True,254.4141983985901
3898,155.92,2,True,229.46263790130615
3900,156.0,2,True,249.3628478050232
3902,156.08,2,True,261.4237439632416
3904,156.16,2,True,273.3829951286316
3906,156.24,2,True,281.6056823730469
3908,156.32,2,True,241.09970211982727
3910,156.4,2,False,251.55980229377747
3912,156.48,0,False,
3914,156.56,0,False,
3916,156.64,1,True,156.26620531082153
3918,156.72,0,False,
3920,156.8,0,False,
3922,156.88,1,True,178.7442970275879
3924,156.96,1,False,160.9857451915741
3926,157.04,1,True,146.1963987350464
3928,157.12,1,True,154.20066833496094
3930,157.2,2,True,155.3886079788208
3932,157.28,2,True,163.6371088027954
3934,157.36,1,True,165.79859375953674
3936,157.44,1,True,159.40751194953918
3938,157.52,1,True,161.25553250312805
3940,157.6,2,True,171.80926322937012
3942,157.68,2,True,168.46962332725525
3944,157.76,2,True,172.22630381584167
3946,157.84,2,True,174.79288816452026
3948,157.92,2,True,165.813946723938
3950,158.0,2,True,165.66234827041626
3952,158.08,2,False,158.686341047287
3954,158.16,2,True,151.44357204437256
3956,158.24,2,True,156.27029299736023
3958,158.32,2,True,164.82945799827576
3960,158.4,2,True,154.4172191619873
3962,158.48,2,True,162.38733887672424
3964,158.56,2,True,168.18869948387146
3966,158.64,2,True,170.48951983451843
3968,158.72,2,True,173.77679228782654
3970,158.8,2,True,176.5815567970276
3972,158.88,2,True,172.15781092643738
3974,158.96,2,True,175.63189387321472
3976,159.04,2,True,165.38766860961914
3978,159.12,2,True,165.48068761825562
3980,159.2,2,True,166.14620804786682
3982,159.28,2,True,170.7446300983429
3984,159.36,2,True,174.7520112991333
3986,159.44,2,True,181.15989446640015
3988,159.52,2,True,183.9749264717102
3990,159.6,2,True,190.6361174583435
3992,159.68,2,True,190.8629035949707
3994,159.76,2,True,179.84996795654297
3996,159.84,2,True,187.3648738861084
3998,159.92,2,False,167.16169238090515
4000,160.0,2,True,163.76282930374146
4002,160.08,2,True,165.05997776985168
4004,160.16,2,True,162.18398451805115
4006,160.24,2,True,154.86129641532898
4008,160.32,2,True,163.90631675720215
4010,160.4,2,True,170.13968467712402
4012,160.48,2,True,174.9656331539154
4014,160.56,2,True,175.22837162017822
4016,160.64,2,True,175.64747214317322
4018,160.72,2,True,179.2323088645935
4020,160.8,2,True,172.0871937274933
4022,160.88,2,True,157.3993957042694
4024,160.96,2,True,164.8171627521515
4026,161.04,2,True,157.87649631500244
4028,161.12,2,True,159.03250694274902
4030,161.2,2,True,160.4712438583374
4032,161.28,2,True,162.42258310317993
4034,161.36,2,True,162.59220600128174
4036,161.44,2,True,165.13316988945007
4038,161.52,2,True,164.614999294281
4040,161.6,2,True,155.32243251800537
4042,161.68,2,True,152.04890370368958
4044,161.76,2,False,137.9764473438263
4046,161.84,2,True,123.95294666290283
4048,161.92,2,True,125.15858888626099
4050,162.0,2,False,125.29328942298889
4052,162.08,2,True,124.38772201538086
4054,162.16,2,True,133.83800268173218
4056,162.24,2,True,132.2001600265503
4058,162.32,2,False,136.4412796497345
4060,162.4,2,True,130.6876516342163
4062,162.48,2,True,136.762855052948
4064,162.56,2,True,132.96481490135193
4066,162.64,2,True,136.03627681732178
4068,162.72,2,True,132.08293676376343
4070,162.8,2,True,152.1560525894165
4072,162.88,2,True,133.0014431476593
4074,162.96,2,True,128.87876987457275
4076,163.04,2,True,133.7092888355255
4078,163.12,2,True,138.45663785934448
4080,163.2,1,True,143.3203411102295
4082,163.28,1,True,137.7915358543396
4084,163.36,1,True,137.55316257476807
4086,163.44,1,True,134.42022442817688
4088,163.52,1,True,138.80666613578796
4090,163.6,1,True,162.80219078063965
4092,163.68,1,True,166.32889866828918
4094,163.76,1,True,176.12727642059326
4096,163.84,1,True,177.69086480140686
4098,163.92,1,True,185.5507457256317
4100,164.0,1,True,192.02657461166382
4102,164.08,1,False,179.60570454597473
4104,164.16,1,False,166.76629722118378
4106,164.24,1,False,166.30171716213226
4108,164.32,1,True,156.39152348041534
4110,164.4,1,True,141.7546284198761
4112,164.48,1,True,138.2011091709137
4114,164.56,1,True,118.88730525970459
4116,164.64,1,False,107.29900360107422
4118,164.72,1,False,103.98810625076294
4120,164.8,1,False,104.77484107017517
4122,164.88,1,False,99.98371839523315
4124,164.96,1,False,91.57570123672485
4126,165.04,0,False,
4128,165.12,0,False,
4130,165.2,0,False,
4132,165.28,0,False,
4134,165.36,0,False,
4136,165.44,0,False,
4138,165.52,0,False,
4140,165.6,0,False,
4142,165.68,0,False,
4144,165.76,0,False,
4146,165.84,0,False,
4148,165.92,0,False,
4150,166.0,0,False,
4152,166.08,1,False,572.8429841995239
4154,166.16,0,False,
4156,166.24,1,False,587.3053479194641
4158,166.32,1,False,207.7741777896881
4160,166.4,1,True,573.5704153776169
4162,166.48,1,False,538.3734226226807
4164,166.56,1,False,596.7355281114578
4166,166.64,1,True,655.8664405345917
4168,166.72,1,True,737.1538853645325
4170,166.8,1,True,614.1706538200378
4172,166.88,1,True,625.399062037468
4174,166.96,1,False,688.6232775449753
4176,167.04,1,False,748.3646231889725
4178,167.12,1,False,681.6471254825592
4180,167.2,1,False,675.7713979482651
4182,167.28,1,True,381.47552490234375
4184,167.36,1,False,651.4189893007278
4186,167.44,1,True,676.30863904953
4188,167.52,1,True,619.8834371566772
4190,167.6,1,False,643.9166843891144
4192,167.68,1,True,677.4203610420227
4194,167.76,1,False,216.27521395683289
4196,167.84,1,False,655.2720683813095
4198,167.92,1,False,701.7229932546616
4200,168.0,1,True,566.3323938846588
4202,168.08,1,False,654.0081202983856
4204,168.16,1,True,566.8112325668335
4206,168.24,1,True,575.6956422328949
4208,168.32,1,False,465.22718489170074
4210,168.4,1,False,556.061646938324
4212,168.48,1,True,592.3315769433975
4214,168.56,1,True,537.4340111017227
4216,168.64,1,False,424.02499437332153
4218,168.72,0,False,
4220,168.8,0,False,
4222,168.88,0,False,
4224,168.96,0,False,
4226,169.04,0,False,
4228,169.12,0,False,
4230,169.2,0,False,
4232,169.28,0,False,
4234,169.36,0,False,
4236,169.44,0,False,
4238,169.52,0,False,
4240,169.6,0,False,
4242,169.68,0,False,
4244,169.76,0,False,
4246,169.84,1,True,187.83910989761353
4248,169.92,1,False,175.10612726211548
4250,170.0,2,True,160.81621885299683
4252,170.08,1,False,145.89526176452637
4254,170.16,1,True,189.67618703842163
4256,170.24,0,False,
4258,170.32,1,False,190.30569076538086
4260,170.4,1,False,159.9910855293274
4262,170.48,1,False,130.02113342285156
4264,170.56,0,False,
4266,170.64,0,False,
4268,170.72,0,False,
4270,170.8,0,False,
4272,170.88,1,False,440.01538038253784
4274,170.96,1,False,353.0225872993469
4276,171.04,0,False,
4278,171.12,1,True,388.8074988126755
4280,171.2,0,False,
4282,171.28,0,False,
4284,171.36,1,False,283.1717652082443
4286,171.44,0,False,
4288,171.52,0,False,
4290,171.6,1,True,295.08667945861816
4292,171.68,1,False,289.61973667144775
4294,171.76,1,True,278.0110287666321
4296,171.84,1,True,275.8409821987152
4298,171.92,1,True,286.15936517715454
4300,172.0,1,False,274.77203607559204
4302,172.08,1,False,265.17070412635803
4304,172.16,1,True,650.8509457111359
4306,172.24,1,True,443.94879698753357
4308,172.32,1,True,505.16772866249084
4310,172.4,2,True,467.2099220752716
4312,172.48,1,True,443.1609356403351
4314,172.56,1,True,391.9672644138336
4316,172.64,1,True,526.5097492933273
4318,172.72,1,True,514.8091167211533
4320,172.8,1,True,515.0254261493683
4322,172.88,1,True,526.4097619056702
4324,172.96,2,True,445.37391901016235
4326,173.04,2,True,454.50748443603516
4328,173.12,1,True,496.72871589660645
4330,173.2,2,True,548.0628490447998
4332,173.28,1,True,559.1592764854431
4334,173.36,2,True,580.050573348999
4336,173.44,2,True,619.2997670173645
4338,173.52,2,True,615.192945599556
4340,173.6,2,True,613.2946336269379
4342,173.68,2,True,620.7938003540039
4344,173.76,2,True,647.0908534526825
4346,173.84,2,True,633.65971326828
4348,173.92,2,True,613.6136662960052
4350,174.0,2,True,606.5461206436157
4352,174.08,2,True,618.6934697628021
4354,174.16,2,True,657.3298001289368
4356,174.24,2,True,693.44731092453
4358,174.32,2,True,692.5032967329025
4360,174.4,2,True,777.0089900493622
4362,174.48,2,True,731.2371039390564
4364,174.56,2,False,680.9473264217377
4366,174.64,1,True,521.13844871521
4368,174.72,1,True,600.655699968338
4370,174.8,1,True,547.7275943756104
4372,174.88,1,True,645.9713101387024
4374,174.96,1,True,637.3476433753967
4376,175.04,1,True,664.3134999275208
4378,175.12,1,True,729.6552014350891
4380,175.2,1,True,746.1195337772369
4382,175.28,1,True,755.867668390274
4384,175.36,1,True,689.2220270633698
4386,175.44,1,True,642.4812626838684
4388,175.52,1,True,671.9988012313843
4390,175.6,1,True,660.4572665691376
4392,175.68,1,True,582.9530882835388
4394,175.76,1,True,679.1684746742249
4396,175.84,1,True,582.9621648788452
4398,175.92,1,False,556.475340127945
4400,176.0,1,True,628.6253249645233
4402,176.08,1,True,678.8864886760712
4404,176.16,1,True,724.5208096504211
4406,176.24,1,True,707.3059523105621
4408,176.32,1,True,669.7925126552582
4410,176.4,1,False,706.5632486343384
4412,176.48,1,False,680.4708695411682
4414,176.56,1,False,837.7325391769409
4416,176.64,1,False,802.5760209560394
4418,176.72,1,False,757.9480111598969
4420,176.8,1,False,741.40749335289
4422,176.88,1,False,832.9299902915955
4424,176.96,1,False,690.3948390483856
4426,177.04,1,False,794.097193479538
4428,177.12,1,True,810.847020149231
4430,177.2,1,True,617.7395904064178
4432,177.28,1,True,836.1647987365723
4434,177.36,1,True,887.656581401825
4436,177.44,1,True,814.7742569446564
4438,177.52,1,False,874.8325753211975
4440,177.6,1,False,801.098724603653
4442,177.68,1,False,738.566712141037
4444,177.76,1,False,872.1333503723145
4446,177.84,1,False,991.8123149871826
4448,177.92,1,False,661.6352927684784
4450,178.0,1,False,841.9399273395538
4452,178.08,1,False,877.9400539398193
4454,178.16,1,False,858.8223624229431
4456,178.24,1,False,1087.7638363838196
4458,178.32,1,False,828.7061870098114
4460,178.4,1,False,993.6611080169678
4462,178.48,0,False,
4464,178.56,1,False,169.8559606075287
4466,178.64,2,False,195.93968152999878
4468,178.72,1,False,366.56461000442505
4470,178.8,0,False,
4472,178.88,1,False,162.2313630580902
4474,178.96,1,False,130.75179934501648
4476,179.04,1,False,129.42001819610596
4478,179.12,1,False,160.80746412277222
4480,179.2,2,False,180.24911284446716
4482,179.28,2,False,163.7025761604309
4484,179.36,1,True,206.27190470695496
4486,179.44,2,False,170.71221828460693
4488,179.52,1,False,159.3588137626648
4490,179.6,1,True,277.54831552505493
4492,179.68,1,True,144.39697980880737
4494,179.76,2,False,142.39089131355286
4496,179.84,2,False,158.7330597639084
4498,179.92,2,False,114.31888103485107
4500,180.0,1,False,117.89085924625397
4502,180.08,1,False,83.13607692718506
4504,180.16,1,False,109.603750705719
4506,180.24,2,False,91.83666944503784
4508,180.32,1,False,71.14843726158142
4510,180.4,1,False,104.12168025970459
4512,180.48,1,False,84.54801857471466
4514,180.56,1,True,521.9306874275208
4516,180.64,1,True,220.49708604812622
4518,180.72,1,True,220.98986148834229
4520,180.8,1,True,237.00264930725098
4522,180.88,1,True,216.3622784614563
4524,180.96,1,True,213.85720252990723
4526,181.04,1,True,230.95171451568604
4528,181.12,1,False,236.14005088806152
4530,181.2,1,True,233.13080549240112
4532,181.28,1,True,223.44414710998535
4534,181.36,1,True,210.90209484100342
4536,181.44,1,True,194.81695175170898
4538,181.52,1,True,199.93293285369873
4540,181.6,1,False,185.63233852386475
4542,181.68,1,False,184.68605518341064
4544,181.76,2,True,188.26751232147217
4546,181.84,2,True,188.65558505058289
4548,181.92,2,True,184.25163388252258
4550,182.0,2,True,188.22386741638184
4552,182.08,2,True,186.92105412483215
4554,182.16,2,True,191.03503704071045
4556,182.24,2,True,192.3025417327881
4558,182.32,2,True,193.68546724319458
4560,182.4,1,True,196.1565864086151
4562,182.48,2,True,191.8739140033722
4564,182.56,1,True,173.98182034492493
4566,182.64,2,True,210.34159898757935
4568,182.72,2,True,210.65490245819092
4570,182.8,1,False,190.52233815193176
4572,182.88,1,True,227.51947402954102
4574,182.96,2,True,256.43621921539307
4576,183.04,2,True,306.7321765422821
4578,183.12,2,True,233.47957849502563
4580,183.2,2,True,236.82922840118408
4582,183.28,2,True,243.4228277206421
4584,183.36,2,True,198.92369270324707
4586,183.44,2,True,280.5817973613739
4588,183.52,2,True,297.4390947818756
4590,183.6,2,True,295.71895122528076
4592,183.68,2,True,308.5361337661743
4594,183.76,2,True,290.64918994903564
4596,183.84,2,True,286.84728741645813
4598,183.92,1,True,283.66201400756836
4600,184.0,1,True,273.76659393310547
