start_frame,end_frame,duration_s,start_time,clean_fraction,median_body_px
592,674,3.28,0:23.68,0.952,373.4
684,786,4.08,0:27.36,0.885,385.1
798,978,7.2,0:31.92,0.879,307.5
1304,1370,2.64,0:52.16,0.853,656.2
1600,1650,2.0,1:04.00,0.808,357.2
1668,1786,4.72,1:06.72,0.833,430.6
1850,1916,2.64,1:14.00,0.794,276.6
3870,3950,3.2,2:34.80,0.805,674.8
4552,4626,2.96,3:02.08,0.737,544.8
4724,4810,3.44,3:08.96,0.795,432.6
5044,5102,2.32,3:21.76,0.967,362.5
5864,5940,3.04,3:54.56,0.769,225.5
6016,6080,2.56,4:00.64,0.697,443.7
6166,6260,3.76,4:06.64,0.75,369.4
6504,6572,2.72,4:20.16,0.771,263.1
7006,7072,2.64,4:40.24,0.941,177.8
7232,7286,2.16,4:49.28,0.786,301.0
7582,7708,5.04,5:03.28,0.797,360.8
8054,8122,2.72,5:22.16,0.886,498.6
8140,8282,5.68,5:25.60,0.833,508.4
8666,8726,2.4,5:46.64,0.871,539.2
9002,9056,2.16,6:00.08,0.714,333.9
9120,9170,2.0,6:04.80,0.808,514.3
9388,9446,2.32,6:15.52,0.9,408.8
9566,9692,5.04,6:22.64,0.859,530.2
9776,9832,2.24,6:31.04,0.724,494.2
10048,10152,4.16,6:41.92,0.962,542.4
