id,skater,video_path,phase,start_frame,end_frame,lap,shot_type,labeler
1,Sven Kramer,data/beijing_2022_5000m.mp4,corner,10170,10356,3,side,claude_provisional_9/30
2,Sven Kramer,data/beijing_2022_5000m.mp4,straightaway,10470,10584,3,wide,claude_provisional_9/30
3,Sven Kramer,data/beijing_2022_5000m.mp4,corner,10590,10785,3,front,claude_provisional_9/30
4,Sven Kramer,data/beijing_2022_5000m.mp4,corner,12378,12534,5,side,claude_provisional_9/30
5,Sven Kramer,data/beijing_2022_5000m.mp4,corner,13371,13470,6,front,claude_provisional_9/30
6,Sven Kramer,data/beijing_2022_5000m.mp4,corner,13722,13800,6,side,claude_provisional_9/30
7,Sven Kramer,data/beijing_2022_5000m.mp4,straightaway,15852,15930,9,front,claude_provisional_9/30
8,Sven Kramer,data/beijing_2022_5000m.mp4,corner,15936,15981,9,front,claude_provisional_9/30
9,Sven Kramer,data/beijing_2022_5000m.mp4,corner,15993,16113,9,side,claude_provisional_9/30
10,Sven Kramer,data/beijing_2022_5000m.mp4,corner,16590,16632,10,front,claude_provisional_9/30
11,Sven Kramer,data/beijing_2022_5000m.mp4,straightaway,16638,16683,10,front,claude_provisional_9/30
12,Sven Kramer,data/beijing_2022_5000m.mp4,straightaway,16782,16860,10,wide,claude_provisional_9/30
13,Sven Kramer,data/beijing_2022_5000m.mp4,corner,16866,17076,10,side,claude_provisional_9/30
14,Sven Kramer,data/beijing_2022_5000m.mp4,straightaway,17082,17112,10,wide,claude_provisional_9/30
15,Sven Kramer,data/beijing_2022_5000m.mp4,corner,17742,17796,11,front,claude_provisional_9/30
16,Sven Kramer,data/beijing_2022_5000m.mp4,straightaway,18603,18693,12,front,claude_provisional_9/30
17,Sven Kramer,data/beijing_2022_5000m.mp4,corner,18699,18819,12,side,claude_provisional_9/30
18,Patrick Roest,data/beijing_2022_5000m.mp4,straightaway,67908,67977,2,front,claude_provisional_9/30
19,Patrick Roest,data/beijing_2022_5000m.mp4,corner,68466,68532,3,side,claude_provisional_9/30
20,Patrick Roest,data/beijing_2022_5000m.mp4,straightaway,68853,68901,3,front,claude_provisional_9/30
21,Patrick Roest,data/beijing_2022_5000m.mp4,straightaway,69585,69663,4,front,claude_provisional_9/30
22,Patrick Roest,data/beijing_2022_5000m.mp4,corner,69834,69954,4,side,claude_provisional_9/30
23,Patrick Roest,data/beijing_2022_5000m.mp4,straightaway,70497,70590,5,wide,claude_provisional_9/30
24,Patrick Roest,data/beijing_2022_5000m.mp4,straightaway,70611,70654,5,wide,claude_provisional_9/30
25,Patrick Roest,data/beijing_2022_5000m.mp4,corner,70659,70833,5,side,claude_provisional_9/30
26,Patrick Roest,data/beijing_2022_5000m.mp4,straightaway,73980,74130,9,front,claude_provisional_9/30
27,Patrick Roest,data/beijing_2022_5000m.mp4,corner,74175,74295,9,side,claude_provisional_9/30
28,Patrick Roest,data/beijing_2022_5000m.mp4,corner,74571,74673,9,side,claude_provisional_9/30
29,Patrick Roest,data/beijing_2022_5000m.mp4,straightaway,74937,74985,10,front,claude_provisional_9/30
30,Patrick Roest,data/beijing_2022_5000m.mp4,corner,74991,75027,10,front,claude_provisional_9/30
31,Patrick Roest,data/beijing_2022_5000m.mp4,corner,75051,75189,10,side,claude_provisional_9/30
32,Patrick Roest,data/beijing_2022_5000m.mp4,straightaway,75756,75888,11,front,claude_provisional_9/30
33,Patrick Roest,data/beijing_2022_5000m.mp4,corner,75894,76020,11,side,claude_provisional_9/30
34,Patrick Roest,data/beijing_2022_5000m.mp4,corner,76818,76890,12,side,claude_provisional_9/30
35,Patrick Roest,data/beijing_2022_5000m.mp4,straightaway,77046,77136,12,front,claude_provisional_9/30
36,Jorrit Bergsma,data/beijing_2022_5000m.mp4,corner,121698,121800,3,side,claude_provisional_9/30
37,Jorrit Bergsma,data/beijing_2022_5000m.mp4,straightaway,122064,122124,3,wide,claude_provisional_9/30
38,Jorrit Bergsma,data/beijing_2022_5000m.mp4,corner,122130,122343,3,front,claude_provisional_9/30
39,Jorrit Bergsma,data/beijing_2022_5000m.mp4,corner,122592,122679,4,side,claude_provisional_9/30
40,Jorrit Bergsma,data/beijing_2022_5000m.mp4,corner,126960,127140,9,side,claude_provisional_9/30
41,Jorrit Bergsma,data/beijing_2022_5000m.mp4,straightaway,127296,127374,9,wide,claude_provisional_9/30
42,Jorrit Bergsma,data/beijing_2022_5000m.mp4,corner,127380,127602,9,front,claude_provisional_9/30
43,Jorrit Bergsma,data/beijing_2022_5000m.mp4,straightaway,127707,127803,9,front,claude_provisional_9/30
44,Jorrit Bergsma,data/beijing_2022_5000m.mp4,corner,128793,128871,11,wide,claude_provisional_9/30
45,Jorrit Bergsma,data/beijing_2022_5000m.mp4,corner,129174,129225,11,front,claude_provisional_9/30
46,Jorrit Bergsma,data/beijing_2022_5000m.mp4,corner,129270,129384,11,front,claude_provisional_9/30
47,Sander Eitrem,data/inzell_2026_5000m.mp4,corner,1632,1684,2,side,claude_provisional_9/30
48,Sander Eitrem,data/inzell_2026_5000m.mp4,corner,2760,2812,4,side,claude_provisional_9/30
49,Sander Eitrem,data/inzell_2026_5000m.mp4,corner,7254,7330,10,side,claude_provisional_9/30
50,Sander Eitrem,data/inzell_2026_5000m.mp4,corner,7342,7372,10,front,claude_provisional_9/30
51,Sander Eitrem,data/inzell_2026_5000m.mp4,straightaway,7946,7988,11,side,claude_provisional_9/30
52,Sander Eitrem,data/inzell_2026_5000m.mp4,corner,8678,8702,12,side,claude_provisional_9/30
53,Sander Eitrem,data/inzell_2026_5000m.mp4,corner,8712,8752,12,side,claude_provisional_9/30
54,Sander Eitrem,data/inzell_2026_5000m.mp4,corner,8760,8806,12,front,claude_provisional_9/30
