start_frame,end_frame,lap,race_clock,stage
2787,2844,2,1:03,early
3489,3564,3,1:31,early
3690,3879,3,1:37,early
4371,4479,4,2:07,early
4866,4938,4,2:26,early
5319,5427,5,2:39,early
5583,5670,5,2:55,early
5868,5928,6,3:06,early
6366,6426,6,3:26,early
6795,6849,7,3:37,early
14688,14739,17,8:59,late
15054,15120,18,9:14,late
15681,15753,19,9:48,late
16359,16425,20,10:14,late
17628,17691,21,11:05,late
17805,17862,22,11:12,late
17940,18057,22,11:19,late
18225,18303,22,11:29,late
18525,18669,23,11:43,late
18921,19032,23,11:58,late
19401,19503,24,12:17,late
19647,19710,24,12:26,late
