frame,right_knee_filtered,left_knee_filtered,norm_right_hip_x,norm_right_hip_y,norm_right_shoulder_x,norm_right_shoulder_y,frame_torso_length_px,scale_used_px
1,7.390336233869736,7.779131842235823,-0.09208507,-0.060828224,0.3399936,-0.841269,42.972023,49.077140982203645
2,43.409692593345476,45.11749527867844,-0.0976523,-0.07266473,0.3417518,-0.85019785,43.569267,49.077140982203645
3,113.04741036200086,116.01188200957664,-0.06311313,-0.05732484,0.38147703,-0.7692336,42.137066,49.077140982203645
4,175.71066143730135,178.31105798258605,-0.03767847,-0.043207772,0.40868452,-0.7334651,41.307556,49.077140982203645
5,190.3492711010019,191.5086259744941,-0.068653,-0.05870219,0.35450053,-0.6789798,38.761757,49.077140982203645
6,169.29838092687942,168.81748427300218,-0.078704864,-0.0683937,0.33686486,-0.6599301,37.681767,49.077140982203645
7,151.98304396114756,149.02091460587138,-0.064879745,-0.06519688,0.36921954,-0.651564,38.477085,49.077140982203645
8,154.1284820781648,147.06511385345135,-0.086803876,-0.06779488,0.31255788,-0.6111467,37.93101,49.077140982203645
9,165.02609842726946,151.54407116172064,-0.086846784,-0.06906341,0.28878537,-0.57980996,34.96936,49.077140982203645
10,172.8949528246705,150.93553361531528,-0.101948515,-0.0654481,0.25194544,-0.56846964,34.447327,49.077140982203645
11,175.91684813724027,146.1688323528332,-0.08350352,-0.05554672,0.26030746,-0.49563143,29.50268,49.077140982203645
12,176.72019883646232,142.6571258195945,-0.11085279,-0.04931164,0.22045945,-0.51583403,30.747574,49.077140982203645
13,176.486795315008,141.88658217539518,-0.1219543,-0.05324222,0.20026307,-0.5237098,31.006138,49.077140982203645
14,174.78272067149538,142.30961191152082,-0.11042497,-0.054197975,0.22044328,-0.5331529,31.163403,49.077140982203645
15,171.24078540175194,142.75010502329866,-0.1467062,-0.042760056,0.19874643,-0.39665556,28.50641,49.077140982203645
16,164.77796680106297,142.8008262193208,-0.14942421,-0.030011322,0.22086053,-0.37771684,27.664576,49.077140982203645
17,154.64976527612671,142.92385105927104,-0.109532654,-0.011646231,0.23610465,-0.3093424,25.439194,49.077140982203645
18,144.04009562588186,145.3989333373923,-0.118993774,-0.019224148,0.21039514,-0.32097557,24.817627,49.077140982203645
19,138.31372049750746,150.74692388765158,-0.1138127,0.007660309,0.27838776,-0.249284,26.389355,49.077140982203645
20,139.57270453392906,153.6695039985052,-0.1244982,0.0054276325,0.27898782,-0.28137037,27.980639,49.077140982203645
21,145.29732682337206,149.59453753173014,-0.12519652,0.002891193,0.2715893,-0.3051976,28.65098,49.077140982203645
22,151.15024291187655,142.19136473756342,-0.1273555,0.009213015,0.2792776,-0.3129972,29.287516,49.077140982203645
23,154.2366110963165,137.27868061617497,-0.10470166,0.04817401,0.34045935,-0.24317205,29.611614,49.077140982203645
24,154.9824399566418,134.03943863068213,-0.1332461,0.041519817,0.25196192,-0.26596332,28.320902,49.077140982203645
25,155.96272889891185,128.36970374651287,-0.13033406,0.025953578,0.23050882,-0.27757597,28.332209,49.077140982203645
26,158.51069850480616,121.64722917560911,-0.1315771,0.015453067,0.21977107,-0.29198375,28.786013,49.077140982203645
27,161.49063142813418,119.83039912662076,-0.1344686,0.0053800624,0.19802697,-0.3003685,27.744812,49.077140982203645
28,162.99022586697396,124.03735252857403,-0.14206362,-0.0057441434,0.2155812,-0.39136815,29.51307,49.077140982203645
29,162.1723511384574,128.13346340057024,-0.14965677,-0.026598725,0.24229309,-0.45837954,32.259773,49.077140982203645
30,159.97480636421935,127.10922753778969,-0.14510685,-0.027840829,0.23160012,-0.4977525,33.232635,49.077140982203645
31,158.1171126464275,123.2266866936123,-0.14901815,-0.00859243,0.21808903,-0.41094828,30.525705,49.077140982203645
32,157.01534652677486,122.17287293673351,-0.14943914,-0.009256854,0.20188977,-0.4248297,30.65593,49.077140982203645
33,155.51111976772617,125.73581513968993,-0.15342319,-0.011133222,0.1970109,-0.43589357,31.10557,49.077140982203645
34,153.1979156674711,130.33656158942395,-0.14907101,-0.0060419994,0.19437186,-0.439595,31.104736,49.077140982203645
35,151.40614890158685,131.61035034202135,-0.13685642,0.0006513656,0.23911741,-0.44735077,32.669086,49.077140982203645
36,151.0691118862798,128.10965094352946,-0.14783606,-0.0022056266,0.2182277,-0.45936823,32.06094,49.077140982203645
37,151.4257666219643,121.80321341153822,-0.14842182,-0.008452208,0.21364358,-0.4737589,32.398308,49.077140982203645
38,151.5395760742905,116.42928998369723,-0.15089607,-0.010147002,0.20664427,-0.4928164,32.681,49.077140982203645
39,151.56563451271825,114.00633068210179,-0.14903183,-0.0044460758,0.22578354,-0.54202515,35.07993,49.077140982203645
40,152.0529210199012,113.30085245276229,-0.14474806,-0.005755647,0.27405736,-0.5764141,35.848312,49.077140982203645
41,152.89161845904906,112.37385997409447,-0.14445144,-0.0063920887,0.26674402,-0.57075393,35.67204,49.077140982203645
42,153.42534930932916,110.99360954638836,-0.14393906,-0.0070938226,0.27078903,-0.58533394,36.03169,49.077140982203645
43,153.46752038356686,109.53338209193248,-0.1489908,-0.015083389,0.30470294,-0.64285034,38.75629,49.077140982203645
44,153.77000128542332,107.07288782340771,-0.15794264,-0.022338888,0.2766,-0.63977164,38.17777,49.077140982203645
45,155.18872498534378,103.13460969999993,-0.16647165,-0.02095563,0.26908457,-0.65823215,38.30236,49.077140982203645
46,157.56963478896034,100.00145020517536,-0.16896269,-0.019719744,0.30018723,-0.6572867,38.730515,49.077140982203645
47,159.9996279131081,99.93504876228927,-0.17343426,-0.0033690683,0.40137306,-0.6809479,41.713932,49.077140982203645
48,162.22012237941172,101.82721189285117,-0.17640287,-0.0041805548,0.35553557,-0.6783328,41.17111,49.077140982203645
49,164.60948550574867,103.26274990185446,-0.17493908,-0.0045483666,0.33995503,-0.670698,40.779396,49.077140982203645
50,166.64972187543185,103.69330997300985,-0.18023893,-0.0044398573,0.3317021,-0.6689976,40.41166,49.077140982203645
51,167.52010846507076,103.97744412136522,-0.19614407,-0.0059624054,0.36194912,-0.6884033,42.412785,49.077140982203645
52,168.1157210137133,104.77881068281937,-0.19778818,-0.019525735,0.34046432,-0.67133784,41.112595,49.077140982203645
53,169.83630062693598,106.38015101524621,-0.19886582,-0.018652687,0.3493036,-0.68607116,41.805473,49.077140982203645
54,171.96694912200473,108.55210250521097,-0.20480925,-0.016559921,0.33555123,-0.68139625,41.708275,49.077140982203645
55,172.94356158717142,110.5498237908962,-0.20646083,-0.028334871,0.42834675,-0.7369725,44.567245,49.077140982203645
56,173.12596495712927,112.27858739944013,-0.22046193,-0.027205631,0.39802328,-0.72924566,43.815037,49.077140982203645
57,173.89619159640222,114.30861255408485,-0.21706861,-0.026549913,0.39007255,-0.71235275,44.016663,49.077140982203645
58,175.22289633020733,116.38721578916613,-0.20945743,-0.023306765,0.38380206,-0.69336396,42.73478,49.077140982203645
59,176.06600689921365,117.71308753047336,-0.2039704,-0.029202634,0.46389484,-0.7330929,45.7107,49.077140982203645
60,176.1822422526935,118.50312618697892,-0.2104567,-0.028443692,0.41007492,-0.7231026,43.87772,49.077140982203645
61,176.1843082828925,119.6526336525201,-0.21652824,-0.027526183,0.40491438,-0.7150303,43.858,49.077140982203645
62,176.47640203299997,121.18055111529063,-0.21252367,-0.022843814,0.40898362,-0.69103456,43.53036,49.077140982203645
63,176.71321274760925,122.31505195959363,-0.21316974,-0.031293843,0.5049847,-0.75330293,45.58275,49.077140982203645
64,176.08143934796777,122.8226012776837,-0.21400735,-0.038462285,0.48880032,-0.7896352,44.246044,49.077140982203645
65,174.3781648227145,123.20531360621844,-0.2136156,-0.0434792,0.46777195,-0.8152903,44.422863,49.077140982203645
66,172.63934091836228,123.74410340500282,-0.21343215,-0.044229437,0.4696001,-0.81165975,44.56781,49.077140982203645
67,171.61904772690025,124.2463797603489,-0.20956749,-0.04353423,0.46261325,-0.7277657,43.66507,49.077140982203645
68,170.13345954252082,124.7293075417284,-0.20602617,-0.043456502,0.46504772,-0.71287256,43.67591,49.077140982203645
69,166.8561055854413,125.41357426630846,-0.20224732,-0.040991884,0.4672844,-0.70000666,43.653378,49.077140982203645
70,162.9967192886068,126.02427712971792,-0.20166528,-0.04035513,0.46554518,-0.69670284,43.60974,49.077140982203645
71,160.31421402475058,125.9586556188424,-0.17303132,-0.040266212,0.56419146,-0.7081529,46.372738,49.077140982203645
72,157.44733491355245,125.0513948322363,-0.1710682,-0.041957274,0.5766168,-0.6925907,45.88167,49.077140982203645
73,152.1063933995789,123.85889271463574,-0.15979445,-0.03869454,0.6469326,-0.6770534,46.609615,49.077140982203645
74,145.71753874362642,123.20147069667901,-0.16783842,-0.039906792,0.61071235,-0.68927574,45.83535,49.077140982203645
75,141.37972425326262,123.38004078870549,-0.15233997,-0.027834922,0.63750756,-0.63238776,46.346886,49.077140982203645
76,138.70585834001577,124.21334446551451,-0.14767314,-0.023467507,0.6584041,-0.62485456,46.88179,49.077140982203645
77,135.16746278723494,125.46293777225013,-0.13854842,-0.023195457,0.6634459,-0.6343916,47.354042,49.077140982203645
78,130.92582751676244,126.70750694558487,-0.14085914,-0.022919053,0.6579334,-0.6256067,47.14874,49.077140982203645
79,127.86816981671242,127.66439504027548,-0.15236421,-0.036330346,0.67363083,-0.6713994,48.623592,49.077140982203645
80,125.15496741390166,128.7325886264682,-0.14892489,-0.028966961,0.6839644,-0.6861069,49.12553,49.077140982203645
81,120.56792405442938,130.31561491024573,-0.14927435,-0.027534578,0.6579962,-0.6729586,48.928867,49.077140982203645
82,115.37935951551013,131.97754972040997,-0.15032773,-0.027342744,0.65344316,-0.6751823,49.061634,49.077140982203645
83,111.78459131934864,133.0147698941725,-0.13570231,-0.022821426,0.7050326,-0.72221774,51.56136,49.077140982203645
84,106.52629127889752,133.40849600033016,-0.13332693,-0.012281118,0.7133819,-0.7234589,50.773193,49.077140982203645
85,95.88590085439063,133.71545950083686,-0.13988723,-0.008353337,0.711295,-0.72412145,51.01474,49.077140982203645
86,85.0720749373692,134.3035956112819,-0.13540445,-0.008713687,0.7192233,-0.72624844,51.195484,49.077140982203645
87,80.2613146696908,135.05836202579133,-0.15370674,-0.028306268,0.701758,-0.7161972,49.695675,49.077140982203645
88,75.5648742887323,135.8991624461599,-0.1525346,-0.0152425775,0.69571817,-0.6573336,49.229847,49.077140982203645
89,63.85193685594656,137.08528067388994,-0.14693938,-0.0033839922,0.68827736,-0.6163595,48.139442,49.077140982203645
90,52.19210466567312,138.5510008626284,-0.15170881,-0.007680829,0.67956495,-0.63381827,48.167362,49.077140982203645
91,48.90940526984142,139.63806815292094,-0.14855863,-0.0016559301,0.7074148,-0.63123924,48.33283,49.077140982203645
92,46.913209223306296,140.08117313284941,-0.15011631,-0.00917726,0.6753322,-0.78046286,49.808304,49.077140982203645
93,36.21353529547802,140.4146488709109,-0.1372544,0.004873272,0.69556147,-0.74483585,50.7556,49.077140982203645
94,21.484703676757935,141.02478924318459,-0.13168158,0.013121209,0.7094059,-0.6969594,50.853493,49.077140982203645
95,13.441184149368162,141.7256471573622,-0.15040731,0.0047308733,0.6357186,-0.7421247,49.372734,49.077140982203645
96,13.067368137150849,142.37520487314407,-0.16539589,0.0057077664,0.641218,-0.7490512,49.5641,49.077140982203645
97,15.653898809861,143.20225438905132,-0.14436439,0.016849384,0.6686842,-0.750168,50.02203,49.077140982203645
98,19.043519582451502,144.38751271639623,-0.15385784,0.014622926,0.6482708,-0.74783397,49.75437,49.077140982203645
99,21.131788562084907,145.52892801504507,-0.17902885,-0.031444017,0.5044884,-0.9222759,47.00625,49.077140982203645
100,23.052667704645785,146.12343721336708,-0.17986646,-0.03231675,0.44613105,-0.99575216,47.691814,49.077140982203645
101,32.978834778498765,146.6084670577209,-0.1890173,-0.029366486,0.45452076,-1.0115267,48.129066,49.077140982203645
102,53.90040441808063,147.92298146102996,-0.19650038,-0.02889172,0.45405874,-1.0196726,48.394436,49.077140982203645
103,76.07857967421845,149.7355521612412,-0.18425159,-0.009859095,0.48152804,-0.94474536,47.505535,49.077140982203645
104,90.27643134254191,150.00403302953748,-0.17999206,0.00013493684,0.48076442,-0.89376664,46.7762,49.077140982203645
105,99.62219038993469,147.68477722923834,-0.17632514,-0.0027372902,0.50117785,-0.9068866,46.59348,49.077140982203645
106,111.47288417008811,144.85192959668422,-0.1851408,-0.0075126244,0.46311754,-0.933434,46.513878,49.077140982203645
107,126.94043247051806,144.2390862545684,-0.19426802,0.009364741,0.36955285,-0.8366293,45.014305,49.077140982203645
108,142.75146837396187,146.49001284365133,-0.18915844,0.035944503,0.3829203,-0.8824823,47.9073,49.077140982203645
109,154.20524530686947,150.40098220388128,-0.18739618,0.023595292,0.33655238,-0.90433866,47.862206,49.077140982203645
110,159.0800676222565,153.9510305235261,-0.1917838,0.018460853,0.303764,-0.9035116,47.218613,49.077140982203645
111,161.0338545543168,156.13967716911702,-0.17247105,0.021478899,0.36050275,-0.8639313,46.628387,49.077140982203645
112,162.95653300209193,158.0189343495373,-0.18681477,0.028768908,0.31011844,-0.8490994,45.169895,49.077140982203645
113,163.17149563238326,159.5442035127831,-0.19330356,0.040974163,0.31587097,-0.8291953,44.80438,49.077140982203645
114,161.6711760089887,158.10484635674732,-0.18654615,0.03833108,0.32692647,-0.8256562,45.211315,49.077140982203645
115,160.76911386521226,153.19408519740017,-0.076583184,0.056705188,0.4487788,-0.62679374,42.880356,49.077140982203645
116,159.24644140971108,148.0772397765084,-0.1267741,0.06960969,0.34062847,-0.6608883,42.35829,49.077140982203645
117,154.02203392591957,145.4941922013367,-0.1497973,0.07683254,0.30414018,-0.6383206,41.554577,49.077140982203645
118,147.23303479459994,146.2035970378426,-0.1537826,0.07865916,0.31434065,-0.6643709,41.66781,49.077140982203645
119,145.3897792665093,150.36149300156447,-0.094429985,0.07326138,0.39621,-0.6183587,40.754528,49.077140982203645
120,150.8651297976785,155.64879866548588,-0.110061206,0.07582363,0.34521073,-0.61595714,40.094543,49.077140982203645
121,158.86315081280193,157.37358016469508,-0.122980945,0.071949005,0.25579175,-0.63365567,38.433712,49.077140982203645
122,163.60885400666575,154.2064905956203,-0.120149136,0.07077997,0.2896261,-0.598069,38.13227,49.077140982203645
123,163.36553269397382,149.76501537372914,-0.112692475,0.044137716,0.31911507,-0.6518482,40.018574,49.077140982203645
124,159.40468675719978,147.57354207238714,-0.10840994,0.045156896,0.3528384,-0.6463848,40.53,49.077140982203645
125,153.95128443643821,147.1045903963484,-0.12718357,0.05497961,0.33838025,-0.65527755,40.844376,49.077140982203645
126,149.20878412579478,145.3025565124207,-0.10145074,0.053228233,0.3686686,-0.62221307,39.835537,49.077140982203645
127,146.45312990749784,141.80372256624878,-0.16663736,0.05499298,0.24437435,-0.60684645,38.469627,49.077140982203645
128,145.7999823251848,139.94592039814046,-0.17606056,0.055392507,0.20621832,-0.5993512,37.781456,49.077140982203645
129,146.649124880033,141.60042511183337,-0.18113406,0.056545377,0.20598607,-0.60093623,37.547,49.077140982203645
130,147.7508912730899,144.49264418367406,-0.18002005,0.058312926,0.1869292,-0.5973822,36.680836,49.077140982203645
131,147.71038430866656,145.6704080533962,-0.17876458,0.04813452,0.16621794,-0.6100585,37.460186,49.077140982203645
132,146.57126251453863,144.688207670944,-0.17241353,0.048516013,0.13901822,-0.57958484,35.141125,49.077140982203645
133,146.12844811770339,142.92879503092638,-0.17903912,0.047894184,0.1185246,-0.5394402,34.09652,49.077140982203645
134,148.01110273528437,142.15295031961378,-0.1797735,0.05571244,0.10974656,-0.526883,33.882484,49.077140982203645
135,151.37579804832606,143.50023108623043,-0.20171472,0.047166333,0.015477629,-0.5233146,33.551357,49.077140982203645
136,153.0482005770199,146.641742995357,-0.19840536,0.041451726,0.015914464,-0.53972346,33.872845,49.077140982203645
137,151.31245038982354,149.9457755006799,-0.21429339,0.04247557,0.034017142,-0.550228,35.83876,49.077140982203645
138,148.29259140194011,151.66650216933124,-0.21119419,0.042248603,0.030486088,-0.5507597,35.474377,49.077140982203645
139,146.7578474401547,151.46933885029276,-0.21413513,0.029211339,0.1394367,-0.5887425,39.613216,49.077140982203645
140,145.98416254040745,150.5234985578738,-0.20665577,0.03280893,0.105464645,-0.5839687,38.221287,49.077140982203645
141,143.22036731165105,150.0155438661799,-0.21488382,0.030705594,0.15038587,-0.58933294,38.343437,49.077140982203645
142,138.8355939522957,150.36316808501792,-0.2099866,0.03564509,0.10787361,-0.5778527,36.924065,49.077140982203645
143,136.5238320807394,151.20547197301653,-0.22361615,0.03785072,0.08664811,-0.5664195,37.55811,49.077140982203645
144,138.11499395816907,152.05145316942708,-0.22844434,0.037806567,0.09071238,-0.6019909,40.027798,49.077140982203645
145,141.50307081278234,153.4908564614429,-0.22125943,0.04166999,0.08931731,-0.6019663,40.01992,49.077140982203645
146,143.96858641150067,156.28004767675344,-0.22103588,0.04178876,0.09573396,-0.6106592,40.374634,49.077140982203645
147,145.09809473902973,159.6914334088429,-0.2347901,0.049760915,0.074464925,-0.638708,40.46367,49.077140982203645
148,146.00336986329125,162.83479669619229,-0.23085144,0.041142058,0.020699436,-0.64816695,39.5607,49.077140982203645
149,147.10193855285846,165.2236905808928,-0.23097955,0.044303745,0.013347555,-0.63948435,40.172436,49.077140982203645
150,147.6756366092456,165.3422818681879,-0.22814275,0.04575323,0.0014519702,-0.6288427,39.94002,49.077140982203645
151,147.65417964208115,162.7451554189767,-0.22230192,0.041034482,0.053262744,-0.5939596,39.400566,49.077140982203645
152,148.15950546799425,159.608412531178,-0.2241242,0.038258325,0.084616594,-0.5773947,39.510178,49.077140982203645
153,149.32336584380874,157.20253091737445,-0.22354962,0.05100426,0.09171788,-0.5555241,39.32854,49.077140982203645
154,149.59112114639555,154.8889817262898,-0.21762016,0.039566033,0.0709233,-0.5941437,39.802273,49.077140982203645
155,148.31170720547425,152.48676330249071,-0.22269492,0.022225715,0.06910072,-0.6279258,40.02036,49.077140982203645
156,147.28895963949176,150.05871312119288,-0.2145014,0.024710543,0.055605795,-0.6320069,39.961636,49.077140982203645
157,148.55437861356873,147.51450048157758,-0.22239861,0.03341397,0.06046725,-0.62795377,40.20953,49.077140982203645
158,151.77547264925767,145.75936983530175,-0.2215694,0.03488646,0.046849202,-0.6162276,40.122307,49.077140982203645
159,154.98574028025584,145.83919671021536,-0.22371688,0.04514477,0.099880934,-0.5937911,41.57777,49.077140982203645
160,156.87320731996363,147.07930216878108,-0.22030306,0.04338033,0.093860075,-0.6255703,41.82247,49.077140982203645
161,157.45188240534077,147.79759280906822,-0.21754618,0.036567885,0.1002873,-0.6558767,43.444786,49.077140982203645
162,157.29669625696366,147.34124532141246,-0.21743579,0.04016703,0.1021674,-0.66063493,43.358677,49.077140982203645
163,156.87390719593515,146.53751257349555,-0.21255662,0.040506236,0.18108836,-0.68137664,44.747684,49.077140982203645
164,156.30598378718773,146.71833582669595,-0.20954044,0.03872283,0.13128608,-0.68063295,44.741516,49.077140982203645
165,155.274813055239,148.57065361634127,-0.21191427,0.0438324,0.17976324,-0.6712887,44.249886,49.077140982203645
166,153.3462734031282,151.84091572862275,-0.21389572,0.045324787,0.17512067,-0.6322652,43.246758,49.077140982203645
167,150.99636916229937,155.5192437682108,-0.19684082,0.043242905,0.21337245,-0.71279794,45.535954,49.077140982203645
168,150.02923067150056,156.74988029012,-0.1973638,0.037782628,0.17311868,-0.7217986,45.196037,49.077140982203645
169,151.7778355591883,152.29666270022756,-0.19788799,0.037507158,0.13822943,-0.74548966,45.388035,49.077140982203645
170,155.0226587793925,144.09028435394958,-0.20097879,0.035610892,0.12853046,-0.7376674,45.489212,49.077140982203645
171,157.08371717364838,137.6310640106759,-0.19986697,0.034816194,0.09190878,-0.7350865,44.82991,49.077140982203645
172,156.9390102371996,135.00441463129525,-0.18235596,0.04415917,0.079406604,-0.76294535,46.581703,49.077140982203645
173,155.8798771297691,136.76175392812473,-0.19718003,0.034932163,0.055932254,-0.76623327,46.116077,49.077140982203645
174,154.96099494150587,143.97945955472505,-0.20485558,0.02998365,0.057091344,-0.78609633,46.551662,49.077140982203645
175,153.01849322933268,153.2850911312595,-0.20417063,0.019563977,0.04021149,-0.77316666,44.869114,49.077140982203645
176,147.15500398312528,159.06441151727552,-0.20882502,-0.0048148204,0.0691685,-0.8005349,45.607845,49.077140982203645
177,136.31248942698988,160.61792718443584,-0.20127851,-0.001325428,0.09941176,-0.8033406,45.10507,49.077140982203645
178,125.53743402915676,160.77113046276966,-0.2020446,-0.002164586,0.105516255,-0.80178416,45.1803,49.077140982203645
179,121.17584972881453,160.9317959286634,-0.21059133,-0.006681861,0.115341775,-0.75642514,41.749912,49.077140982203645
180,120.99846771217825,160.5809850858592,-0.20047386,-0.0055327215,0.1271074,-0.72052234,41.661694,49.077140982203645
181,118.40367681902167,158.84840927729695,-0.19798033,-0.003391765,0.15047728,-0.72224945,42.51179,49.077140982203645
182,113.11156219885643,155.95377119893755,-0.1971561,-0.006315604,0.16509025,-0.74467725,43.66041,49.077140982203645
183,108.03933509207549,152.87605606206372,-0.1824772,0.018049823,0.17151281,-0.718562,43.580162,49.077140982203645
184,104.1870814088192,148.61971259853266,-0.18539917,0.015888346,0.18021718,-0.7274203,44.05692,49.077140982203645
185,104.31314755086473,141.43970230041487,-0.18150933,0.013692981,0.17020261,-0.7367166,44.181328,49.077140982203645
186,110.851339487338,133.77710321155075,-0.18145865,0.010002427,0.15029445,-0.7342545,43.76811,49.077140982203645
187,120.32714489300626,129.93311697653945,-0.18032816,-0.016616197,0.1776941,-0.838565,47.467537,49.077140982203645
188,129.143103089825,129.22191720050037,-0.18428579,-0.013150746,0.18854284,-0.8604223,48.43418,49.077140982203645
189,138.29190790461735,127.93976374812827,-0.18129107,-0.019097917,0.21907556,-0.8633999,49.002537,49.077140982203645
190,146.2805443868078,126.07345619773898,-0.18201208,-0.005857938,0.22702129,-0.84675914,48.14891,49.077140982203645
191,147.93335978629642,126.24117990083462,-0.16521896,-0.011055494,0.32263678,-0.83997875,48.635868,49.077140982203645
192,142.7441765664455,128.05446951330944,-0.17252173,-0.0065923175,0.30517772,-0.7962866,46.766197,49.077140982203645
193,136.7986829037011,127.34105487075557,-0.17615694,-0.006882712,0.31416965,-0.7896616,46.79273,49.077140982203645
194,135.35265096903473,121.58635814946116,-0.16930407,-0.0089692585,0.3186689,-0.7888834,46.78871,49.077140982203645
195,135.38516920377486,115.53975209253987,-0.17969826,-0.01687892,0.32037583,-0.7700202,48.579563,49.077140982203645
196,128.8403728496258,118.23123715263031,-0.18642582,-0.021028074,0.3090977,-0.78524506,49.836933,49.077140982203645
197,115.02043079081854,131.83904176882518,-0.18707967,-0.019416604,0.30241242,-0.79166204,49.88518,49.077140982203645
198,103.37744836390601,146.90549664259655,-0.19335175,-0.009987502,0.26465717,-0.78331584,50.037865,49.077140982203645
199,100.56121941711521,152.577072408,-0.19008933,-0.018855402,0.35006627,-0.71032465,49.659393,49.077140982203645
200,103.00614126278603,147.37636414818232,-0.18791541,-0.022495277,0.3584616,-0.7510401,50.042233,49.077140982203645
201,105.33257864990678,137.78063618959607,-0.19950847,-0.03215321,0.33240634,-0.76990205,51.938866,49.077140982203645
202,106.51438512622587,131.72043153050333,-0.2004036,-0.028968515,0.32425696,-0.765396,51.333084,49.077140982203645
203,106.50753002801747,132.31068826503483,-0.20006067,-0.066833846,0.34998918,-0.87477505,53.661587,49.077140982203645
204,104.41521943477991,135.19593182722556,-0.21480733,-0.06228859,0.33043328,-0.8516116,51.97855,49.077140982203645
205,100.7101847460143,135.55711784711332,-0.21978383,-0.051723406,0.33269984,-0.84520614,51.56059,49.077140982203645
206,98.16989970147195,135.08012818500129,-0.2176152,-0.05258246,0.34073606,-0.8664979,52.347202,49.077140982203645
207,98.38555687588861,136.97816769386083,-0.19073571,-0.07651821,0.36800665,-0.888893,50.889442,49.077140982203645
208,99.26009018185748,138.9274475117205,-0.17995009,-0.06509708,0.38595483,-0.90042454,51.951344,49.077140982203645
209,98.94566163997503,136.5836444943627,-0.18283631,-0.05683515,0.41695422,-0.89313453,52.73058,49.077140982203645
210,98.37041204010448,131.0160902127664,-0.18264572,-0.0625681,0.41034946,-0.87277836,52.057846,49.077140982203645
211,99.11619191648509,126.75082335533716,-0.1921821,-0.06832126,0.48950422,-0.9291428,55.977657,49.077140982203645
212,102.62493286899276,123.88248492886895,-0.19014654,-0.057437703,0.5147188,-0.9356415,56.276142,49.077140982203645
213,108.69470726197952,119.14039652155354,-0.19168524,-0.06556096,0.55199116,-0.9595474,57.24266,49.077140982203645
214,113.37015722812406,113.31329331435603,-0.18939786,-0.07376475,0.5830627,-0.9878894,58.040844,49.077140982203645
215,113.1023240748381,109.99037791475685,-0.15922019,-0.033196952,0.62047565,-0.8900627,57.47845,49.077140982203645
216,109.91008919332721,108.99994996583237,-0.16653818,-0.039108366,0.60039467,-0.9062744,56.510193,49.077140982203645
217,108.22791870535995,107.63512907262593,-0.16336623,-0.037244435,0.61198646,-0.888815,56.709373,49.077140982203645
218,109.34749440081248,105.88819964604767,-0.1622513,-0.033780538,0.6182508,-0.8834953,56.68451,49.077140982203645
219,111.75689619206703,104.21390749867174,-0.17003876,-0.04985481,0.7247993,-0.90612423,58.7999,49.077140982203645
220,114.03514654704402,99.51756595885759,-0.15199392,-0.054415926,0.82895494,-0.93650955,62.24784,49.077140982203645
221,115.66534164999983,90.95676807453177,-0.14480154,-0.05142804,0.83124954,-0.9062296,61.5607,49.077140982203645
222,116.76598084071946,84.49477635419318,-0.1441906,-0.051843107,0.7831868,-0.886827,60.781445,49.077140982203645
223,117.79552572404944,84.50570961200944,-0.14229122,-0.044415053,0.880323,-0.849688,63.073627,49.077140982203645
224,119.16297812853024,87.35709900285086,-0.1473184,-0.070387594,0.89035,-0.87014955,64.12478,49.077140982203645
225,120.91555539736042,87.72287906471915,-0.16021076,-0.070206024,0.9164186,-0.89084774,65.10226,49.077140982203645
226,122.57385808695545,85.42794424700651,-0.16346915,-0.07237372,0.87711,-0.8632205,63.907104,49.077140982203645
227,123.64034169402916,83.57176648701011,-0.1618869,-0.074827455,0.94580156,-0.86334336,64.75401,49.077140982203645
228,124.13416890323973,83.82046968113997,-0.18567403,-0.060073324,0.89118105,-0.89116985,64.64864,49.077140982203645
229,124.00797550056711,85.62887040680377,-0.17041342,-0.056003455,0.97802657,-0.90575737,66.661354,49.077140982203645
230,123.00214909295235,87.73469966621319,-0.16737299,-0.053120654,0.9689504,-0.9126093,66.682816,49.077140982203645
231,121.54965269910988,89.21148715230098,-0.17570238,-0.06828395,0.9311494,-0.9081222,66.31841,49.077140982203645
232,120.56583935767037,90.37783454439167,-0.16951114,-0.06410246,0.95518744,-0.91274077,65.68251,49.077140982203645
233,120.38620562241547,92.0790608883273,-0.16124144,-0.0605142,0.97858685,-0.8934529,65.82234,49.077140982203645
234,120.60433068368441,93.62269518796391,-0.1495632,-0.054905925,1.0223182,-0.8977112,67.10758,49.077140982203645
235,120.55832288094149,93.63822214613901,-0.14469582,-0.0556487,1.0507246,-0.8968067,67.7934,49.077140982203645
236,120.06469122082686,92.94118540548052,-0.18091735,-0.056031436,0.9844737,-0.89316624,67.48346,49.077140982203645
237,119.87234650084139,93.32904609941032,-0.15846,-0.055979826,1.0694734,-0.89298624,69.73993,49.077140982203645
238,120.63410755856754,94.28977225141665,-0.18193218,-0.055214662,1.03546,-0.88674337,69.5639,49.077140982203645
239,121.86029852246425,94.49917876658911,-0.17903383,-0.054069877,1.0098288,-0.879592,67.04285,49.077140982203645
240,122.94332934279485,94.72096709518615,-0.18984556,-0.053409807,1.0453968,-0.8836417,68.22196,49.077140982203645
241,123.97441514060917,96.12645958415592,-0.18689498,-0.052122932,0.9614692,-0.8851378,66.935005,49.077140982203645
242,124.88275503819582,97.83237227062018,-0.17599806,-0.053144597,1.0189971,-0.88342714,68.42256,49.077140982203645
243,125.47479428629194,98.23459043104518,-0.14746669,-0.057157256,1.138214,-0.8868985,71.667755,49.077140982203645
244,126.39245055094607,97.39208183441306,-0.14696425,-0.055735447,1.2388738,-0.89951295,73.901306,49.077140982203645
245,128.24223804974574,96.70621353970463,-0.15858623,-0.049203135,1.1976012,-0.8910377,72.58317,49.077140982203645
246,130.08607856217648,96.95952044233493,-0.1451199,-0.039684802,1.2846559,-0.88068676,74.33976,49.077140982203645
247,131.00054029958622,97.7240151476616,-0.13830343,-0.05113671,1.1781187,-0.8688456,73.07524,49.077140982203645
248,132.51336981178122,98.44972053021927,-0.14780124,-0.052257556,1.197718,-0.8886225,72.829,49.077140982203645
249,136.46339017307358,99.12132015193082,-0.12118199,-0.039949078,1.2548878,-0.87112176,72.775185,49.077140982203645
250,141.3805805959047,99.73840589751508,-0.13568117,-0.041359074,1.1738025,-0.8715962,71.85262,49.077140982203645
251,144.84361709764937,100.2497178183529,-0.08438776,-0.0066333585,1.3402443,-0.75224805,73.17798,49.077140982203645
252,147.99482975086227,101.16542971171812,-0.13452084,-0.04923982,1.192088,-0.8192507,72.72888,49.077140982203645
253,152.8913882262072,102.90242311542674,-0.13166727,-0.061212823,1.2076424,-0.83890176,73.88381,49.077140982203645
254,157.53845294873506,104.48548803367228,-0.13047771,-0.07229661,1.2335814,-0.82372475,74.93036,49.077140982203645
255,158.90535340819477,107.80353712640894,0.0066318037,-0.05947699,1.2731614,-0.82011133,75.789215,49.077140982203645
256,158.41013205754038,122.47531895461373,0.0023044974,-0.054163773,1.2727908,-0.78169006,76.3646,49.077140982203645
257,159.79563825717005,151.5873005037006,-0.03161253,-0.05667565,1.2471932,-0.78382075,75.599625,49.077140982203645
258,163.37704919003102,177.35347190586734,-0.013957568,-0.046281163,1.2536615,-0.79283416,75.67324,49.077140982203645
259,166.16192082338785,179.93884701976395,-0.08105911,-0.04562202,1.2712487,-0.8372536,76.03547,49.077140982203645
260,166.88528249383057,158.3771337215686,-0.10963525,-0.048615817,1.1972449,-0.8251652,74.63416,49.077140982203645
261,167.30197566505018,126.99455220277568,-0.11298878,-0.02526708,1.2329223,-0.79151154,75.08472,49.077140982203645
262,168.60489656772793,104.82043536772356,-0.122163236,-0.031627767,1.1783189,-0.81804687,74.7601,49.077140982203645
263,169.96250274316475,101.3746906197236,-0.098768175,-0.03806991,1.2584242,-0.8081936,77.16732,49.077140982203645
264,170.6040358621469,108.90532939827015,-0.13560095,-0.04951125,1.253082,-0.8380859,77.21591,49.077140982203645
265,170.5518703286551,114.58693424744538,-0.14143123,-0.04616208,1.2446748,-0.8531534,77.15176,49.077140982203645
266,169.79198830553275,114.21768739059668,-0.11909451,-0.041828554,1.2956704,-0.8288919,77.80663,49.077140982203645
267,168.31125598122404,111.65338973565883,-0.1291302,-0.045874175,1.2410079,-0.80302936,76.22101,49.077140982203645
268,165.91757179928538,111.36331525376328,-0.13496234,-0.047081765,1.2550172,-0.7786391,76.14996,49.077140982203645
269,162.53132084088944,113.78930304454877,-0.13662635,-0.047631152,1.2521088,-0.76823246,75.88655,49.077140982203645
270,159.40960243029207,116.19396710630566,-0.13480501,-0.0461341,1.2579179,-0.7650129,76.00088,49.077140982203645
271,157.69269084226397,116.59927836490597,-0.1162428,-0.064672366,1.2496557,-0.80501175,74.53813,49.077140982203645
272,155.9796862268611,115.80586310542503,-0.122544415,-0.05466963,1.2454982,-0.8125415,74.63387,49.077140982203645
273,152.59298317654662,115.62317951083946,-0.11430767,-0.04376151,1.2851758,-0.8057533,76.14866,49.077140982203645
274,148.9974576731873,116.52435596419674,-0.11822209,-0.04317357,1.2894235,-0.7985186,76.113594,49.077140982203645
275,147.0335989473723,117.53861928991823,-0.07758246,-0.036299877,1.2848245,-0.75723356,74.57886,49.077140982203645
276,144.72311241217147,117.65490798328358,-0.087897986,-0.034309093,1.2816128,-0.7466189,74.6139,49.077140982203645
277,139.77889188549418,116.83707848215847,-0.09096795,-0.033539888,1.2660241,-0.7468036,74.32867,49.077140982203645
278,134.6402833851239,115.86113873600475,-0.0849331,-0.030036816,1.2798151,-0.74525464,74.663635,49.077140982203645
279,132.63415403730397,115.45464969764727,-0.07609319,-0.030704971,1.2555798,-0.7529939,73.43037,49.077140982203645
280,132.32470448189721,115.8219144674224,-0.08472293,-0.027956178,1.2913698,-0.77144575,75.45686,49.077140982203645
281,130.41496194862106,116.78162290644964,-0.092273794,-0.029631384,1.2770616,-0.7975072,75.63669,49.077140982203645
282,127.21631015566017,117.95579033507475,-0.09368348,-0.02962268,1.2775683,-0.8007401,75.78608,49.077140982203645
283,125.21658276363726,118.85413431822107,-0.076894104,-0.035824176,1.243637,-0.784983,73.707016,49.077140982203645
284,124.45038080096705,119.0544741190633,-0.092895,-0.04173124,1.2271256,-0.7864887,73.19406,49.077140982203645
285,122.99751266254316,118.63332450607854,-0.09574484,-0.043906707,1.2403799,-0.7824664,73.46539,49.077140982203645
286,120.70326265354021,118.18727668605182,-0.10007277,-0.04597056,1.2316538,-0.7780241,73.32939,49.077140982203645
287,118.77160111948709,118.06798358990386,-0.08438154,-0.042906497,1.2130959,-0.77908057,72.5891,49.077140982203645
288,116.57465615516733,118.06843271214021,-0.095002376,-0.042964946,1.1952537,-0.78616786,72.0975,49.077140982203645
289,112.99547136976622,118.03575229876718,-0.09611918,-0.044152953,1.2238405,-0.7829698,72.74295,49.077140982203645
290,109.866741492395,118.15115784343907,-0.097334236,-0.046428222,1.2262276,-0.7792413,72.68845,49.077140982203645
291,109.33833940934929,118.4800939489593,-0.07081448,-0.025215778,1.2600515,-0.7368276,73.58158,49.077140982203645
292,109.5930821749144,118.76815411318276,-0.079428054,-0.019795297,1.2351366,-0.74271137,72.50382,49.077140982203645
293,107.73735854052673,118.76660359142325,-0.07607764,-0.016421566,1.2321314,-0.7441276,72.534515,49.077140982203645
294,104.52095174867628,118.51993971762424,-0.08596845,-0.016281964,1.2199876,-0.74530345,72.27532,49.077140982203645
295,102.42071296886834,118.25938245583036,-0.09031006,-0.0113116875,1.209784,-0.7238643,71.38805,49.077140982203645
296,101.41779163465517,118.0080205941567,-0.08728175,-0.008098076,1.223034,-0.7039263,71.0271,49.077140982203645
297,99.90834889815719,117.58268610585465,-0.089652166,-0.008188863,1.2188758,-0.70477575,70.442024,49.077140982203645
298,98.13088455121199,117.11897514268047,-0.09295905,-0.00838163,1.2079676,-0.7043296,69.94918,49.077140982203645
299,97.39744491376446,117.04412006822807,-0.10146815,-0.0102237975,1.1828545,-0.7140637,68.60288,49.077140982203645
300,97.03080956525471,117.31811290035918,-0.09834968,-0.011154054,1.1854264,-0.7167074,68.47944,49.077140982203645
301,95.29825442738645,117.45535902031678,-0.09421701,-0.01058166,1.1707916,-0.7069857,67.719536,49.077140982203645
302,93.8976988276868,116.77004167021285,-0.07946909,-0.009694311,1.1501743,-0.70476955,67.07029,49.077140982203645
303,98.99487867731185,114.0225913292824,-0.073804855,-0.010964084,1.1201599,-0.6961939,66.02051,49.077140982203645
304,112.50965740272433,109.98207869074668,-0.073352784,-0.0109218005,1.1106552,-0.6851042,65.55918,49.077140982203645
305,124.54811517394802,110.18612108888449,-0.07672932,-0.013619293,1.0887382,-0.6958034,65.045456,49.077140982203645
306,124.26329099307202,118.69984043363235,-0.07718947,-0.011783655,1.0914109,-0.68299496,65.08167,49.077140982203645
307,113.6004329525005,128.90287387456576,-0.06956709,0.003431562,1.1044282,-0.64526206,65.134796,49.077140982203645
308,101.05504219628456,128.70913240800866,-0.07024613,0.0019233164,1.0968046,-0.64433897,64.96574,49.077140982203645
309,90.39123664041621,116.56039318725281,-0.06756978,-0.0004931102,1.1011008,-0.6574173,64.82071,49.077140982203645
310,83.38429726731185,102.44902938936123,-0.06668367,-0.0013478139,1.0900111,-0.6548967,64.58523,49.077140982203645
311,85.11508745259222,92.80322213754918,-0.059829876,0.002770869,1.0888975,-0.64053243,63.882023,49.077140982203645
312,95.67130420607008,88.0268677523656,-0.054620817,0.0046494137,1.1091529,-0.6399529,64.098045,49.077140982203645
313,104.45247545377603,90.00718126754812,-0.05834868,0.005084383,1.1041739,-0.63279784,64.000496,49.077140982203645
314,104.56505042119237,97.44399886185485,-0.05730836,0.0060367137,1.1142917,-0.6386822,64.353584,49.077140982203645
315,101.01146704475558,103.18214383612052,-0.043867532,0.021942783,1.1276455,-0.61000997,64.02228,49.077140982203645
316,99.32780197165809,103.36156588895074,-0.045949414,0.024087781,1.1328365,-0.5981657,63.869267,49.077140982203645
317,99.19216623220446,100.54949031097202,-0.046472374,0.021192236,1.1233847,-0.6145854,63.663105,49.077140982203645
318,98.7396249574924,98.36616392724277,-0.042121436,0.023231212,1.1279489,-0.60653645,63.70698,49.077140982203645
319,97.97204436932081,98.28999969296456,-0.03900359,0.026888808,1.117976,-0.5901289,62.663525,49.077140982203645
320,98.05294778583017,100.18176353740864,-0.037629347,0.027329685,1.1000773,-0.5694773,61.59327,49.077140982203645
321,99.16292957136375,102.9325199154073,-0.033051442,0.02813029,1.0983697,-0.5647685,61.36978,49.077140982203645
322,100.1634079182085,104.93591823640347,-0.028125316,0.028348241,1.0968761,-0.55930483,61.186607,49.077140982203645
323,100.13723815942734,105.37162488306969,-0.024967046,0.03937109,1.1015162,-0.5295276,60.848053,49.077140982203645
324,99.59870566556883,104.87643927114598,-0.024150586,0.038189612,1.0974681,-0.53942806,60.655857,49.077140982203645
325,99.7645290940326,104.74764154190635,-0.024677897,0.04249267,1.1012189,-0.5340222,60.663982,49.077140982203645
326,100.71540401275463,105.58731343943147,-0.024231423,0.04566586,1.1027635,-0.52499604,60.614372,49.077140982203645
327,101.18485705670801,106.7070042297483,-0.019532885,0.046316914,1.0954894,-0.52304786,59.882595,49.077140982203645
328,100.35428537133494,106.97614687432885,-0.017957171,0.0447981,1.094459,-0.5283135,59.401104,49.077140982203645
329,98.81765393132375,106.12704187546498,-0.01683415,0.044518277,1.0878192,-0.5171725,59.09453,49.077140982203645
330,97.61615436646576,105.04183292457678,-0.018444063,0.046377543,1.0833346,-0.52250564,58.8807,49.077140982203645
331,97.10135669067571,104.66307382812376,-0.017584074,0.045799553,1.0748012,-0.5270456,58.647495,49.077140982203645
332,96.84799651887984,104.8022927388229,-0.018581487,0.045551132,1.0713426,-0.5342812,58.577408,49.077140982203645
333,96.47478368858503,104.55686862384238,-0.016415035,0.0441999,1.0645727,-0.5237869,58.100136,49.077140982203645
334,96.22827103390725,103.6955050349208,-0.016339794,0.041752383,1.062543,-0.5285899,58.030212,49.077140982203645
335,96.32972817426977,102.59033843771083,-0.005648071,0.026850877,1.0590919,-0.5457073,58.27125,49.077140982203645
336,96.25621190279807,101.03915343764585,-0.00915705,0.017040595,1.0461746,-0.56308615,58.602695,49.077140982203645
337,95.57253819233176,98.57986368615482,-0.0122319935,0.012298219,1.0322233,-0.6032504,58.82145,49.077140982203645
338,94.82440737672609,95.64537304280093,-0.016921204,0.014786466,1.020957,-0.60025066,58.631966,49.077140982203645
339,94.58928898561203,93.36570701139264,-0.005421725,0.013075193,1.0219115,-0.5932604,58.50061,49.077140982203645
340,94.66559900062725,92.88797034799232,-0.0018418569,0.027875029,1.0305071,-0.5687178,57.91656,49.077140982203645
341,94.75603289659892,94.88112209046827,0.0010639491,0.019488424,1.0104015,-0.57230043,57.777596,49.077140982203645
342,94.90219971704303,98.24717299416767,0.00870125,0.01858211,1.0066121,-0.567563,57.784622,49.077140982203645
343,95.3261123522398,100.24343949638933,-0.014832482,0.011216236,0.9880455,-0.62695795,58.854992,49.077140982203645
344,96.13539698260547,99.81122371752828,-0.01540643,0.017799227,0.99634755,-0.60879153,59.09023,49.077140982203645
345,96.99574642819877,99.3129262519182,-0.013248062,0.022691464,0.9992104,-0.6022632,59.10614,49.077140982203645
346,97.4881107445928,101.23474593910548,-0.016056241,0.024849521,0.9973524,-0.6126615,59.33094,49.077140982203645
347,97.95576508234896,104.73952990421313,-0.016379591,0.018019976,1.0115905,-0.645952,60.013954,49.077140982203645
348,99.35615643500013,107.275318428579,-0.018928468,0.012410148,1.0089308,-0.6388324,60.226788,49.077140982203645
349,101.52051368436689,108.3050427026803,-0.016443018,0.021701824,1.0094035,-0.6242194,60.227303,49.077140982203645
350,102.72343196322139,109.18966846656188,-0.018402401,0.027190086,1.0125512,-0.61816776,60.39098,49.077140982203645
351,102.22657019145394,110.33751570151338,-0.02114653,0.018759953,1.0046328,-0.62150943,60.346596,49.077140982203645
352,101.40448533244427,111.27551254688868,-0.014754131,0.019606572,1.0269266,-0.63749075,61.295013,49.077140982203645
353,101.47956461026558,112.83209149216181,-0.009147101,0.019276692,1.0355314,-0.6435856,61.53309,49.077140982203645
354,102.06444234314833,115.81278516474032,-0.0070590004,0.018808454,1.03889,-0.64782494,61.613052,49.077140982203645
355,103.90029929555736,118.8489047657302,-0.029770674,0.008294263,0.9657287,-0.65252036,59.978718,49.077140982203645
356,110.8771571433704,121.51615119818085,-0.03855587,-0.012071251,0.95539016,-0.66875476,60.472687,49.077140982203645
357,122.89643699047807,126.38707113720622,-0.04468897,-0.021287065,0.963482,-0.6746963,60.682022,49.077140982203645
358,130.69601118663132,134.13038217693344,-0.026621733,0.0046108603,0.992925,-0.62704283,59.580147,49.077140982203645
359,127.19703495700391,140.29975254314124,-0.04085788,-0.006104804,0.87692845,-0.6640223,57.97615,49.077140982203645
360,117.90563119570356,140.84584802016144,-0.014812583,0.0040565,0.9438652,-0.64868057,58.762894,49.077140982203645
361,112.72134768298544,139.30194564385351,-0.017278135,0.00018001943,0.9224749,-0.6437687,58.15466,49.077140982203645
362,113.7215695284291,142.23282305157682,-0.01761019,-0.0014696923,0.9239393,-0.63969296,58.121086,49.077140982203645
363,115.84732724673087,148.67764274094102,-0.019290373,-0.0010791839,0.93214744,-0.6689407,58.07169,49.077140982203645
364,115.34688288499954,152.93764859830458,-0.01830353,-0.004510435,0.943701,-0.6781814,58.71548,49.077140982203645
365,113.29124643373815,153.7491419153661,-0.012264951,-0.0030914217,0.9525565,-0.6769632,58.88916,49.077140982203645
366,112.07897800392651,153.60037440770338,-0.013290968,-0.004535308,0.9444945,-0.6715732,58.666935,49.077140982203645
367,112.02622432250172,153.62429340872868,-0.02812345,-0.004053391,0.9485028,-0.658239,58.78128,49.077140982203645
368,112.09382827772242,152.7097435093528,-0.020124866,-0.0048316093,0.9694783,-0.6672154,59.315796,49.077140982203645
369,111.7659806561656,149.98183863744086,-0.017477741,-0.0030562885,0.97883123,-0.665248,59.4561,49.077140982203645
370,111.30547102019932,146.4378394354992,-0.017058007,-0.0015110439,0.98450917,-0.6629248,59.528652,49.077140982203645
371,111.15404338745051,143.54344187282095,-0.008869144,0.008956822,1.0115126,-0.6447783,59.246258,49.077140982203645
372,111.60046710818509,141.08806502243942,-0.0073518814,0.003083027,1.0089333,-0.6437517,59.52469,49.077140982203645
373,112.58072426357853,137.61500819357292,-0.00835116,0.0006398618,0.99904937,-0.64519334,59.405605,49.077140982203645
374,113.55905825685575,133.00532974284874,-0.010162547,-0.003105413,0.9986054,-0.6434215,59.511703,49.077140982203645
375,114.01832804047264,129.261687243121,-0.010919935,0.0012949584,1.0267171,-0.6312529,59.66964,49.077140982203645
376,114.04328729519592,127.77976185094016,-0.0049112034,-0.002109865,1.029144,-0.63897073,60.27667,49.077140982203645
377,114.0536127719294,127.18226110081746,-0.0056281723,-0.0017115837,1.0259553,-0.6325665,60.385418,49.077140982203645
378,114.25211584361422,125.43736563320824,-0.004464109,-0.0034952995,1.0182036,-0.6385333,60.14567,49.077140982203645
379,114.64798682151999,122.99979502334908,-0.014442595,-0.0016260822,1.0268644,-0.66889375,60.794186,49.077140982203645
380,115.20396308192859,121.78563371763603,-0.00027422648,0.0014320717,1.0539929,-0.65791786,61.38837,49.077140982203645
381,115.70168399827139,121.93011896613734,0.0008935679,0.0015495972,1.050484,-0.65330577,61.031315,49.077140982203645
382,115.82762511687089,121.86625414848116,0.0011441649,0.0013372428,1.0512936,-0.6534671,61.06513,49.077140982203645
383,115.5340690218159,120.8771311318405,-0.014132302,-0.004734604,1.0547497,-0.6885983,61.91622,49.077140982203645
384,115.0851173358295,119.71271723873052,-0.019351311,-0.011416154,1.0649172,-0.6815663,62.341125,49.077140982203645
385,114.77961336817471,119.31943550603089,-0.023168096,-0.019968165,1.051661,-0.6916017,62.38743,49.077140982203645
386,114.76994100242035,119.8404988521029,-0.025432797,-0.020524392,1.0648805,-0.68784523,62.677696,49.077140982203645
387,115.01584610061335,120.50370905169379,-0.026245527,-0.021053879,1.0772145,-0.68697655,63.327606,49.077140982203645
388,115.2763201333167,120.39776149629304,-0.019571438,-0.023586588,1.092897,-0.6836706,63.495483,49.077140982203645
389,115.26944093202705,119.40377079105778,-0.022212967,-0.025532288,1.0747987,-0.68552893,63.128937,49.077140982203645
390,115.03782081910613,118.26249198541768,-0.016934885,-0.0255839,1.0805855,-0.6810079,63.03359,49.077140982203645
391,114.98285516994879,117.75714613193978,-0.013826363,-0.025453627,1.0889584,-0.68251085,63.103542,49.077140982203645
392,115.30747726762947,117.8406179291522,-0.009769551,-0.02402591,1.0956964,-0.6704875,63.114147,49.077140982203645
393,115.66872452729051,117.58720190219141,-0.0085793715,-0.018340528,1.1011437,-0.6707182,63.222725,49.077140982203645
394,115.60485124456075,116.35237202639361,-0.008625387,-0.01680772,1.107196,-0.6637207,63.274284,49.077140982203645
395,115.06786857669897,114.64072939268225,-0.009867179,-0.016438976,1.1228449,-0.65732026,63.934483,49.077140982203645
396,114.26383792996054,113.071594373992,-0.020551441,-0.020338153,1.0709128,-0.6623201,62.928238,49.077140982203645
397,113.36808402607187,111.52474572254462,-0.02317618,-0.02021068,1.0500617,-0.6638165,62.50491,49.077140982203645
398,112.72741104999446,109.94799373405714,-0.024146233,-0.020223115,1.0554872,-0.65390795,62.55666,49.077140982203645
399,112.66508383519816,108.60824488916198,-0.02282236,-0.029649729,1.0591722,-0.67961127,63.01705,49.077140982203645
400,112.86809411635612,107.38095629313709,-0.024875017,-0.025667848,1.073328,-0.6727062,63.464832,49.077140982203645
401,112.74577905169781,106.05133340109361,-0.025418494,-0.023327595,1.0815574,-0.666199,63.610413,49.077140982203645
402,112.33656765498293,105.10006241860617,-0.024592085,-0.022902885,1.0858269,-0.66227436,63.731873,49.077140982203645
403,112.17180174627659,104.76849928911362,-0.015780149,-0.015986595,1.09857,-0.6712834,64.13866,49.077140982203645
404,112.58841985177527,103.88621294988175,-0.01700826,-0.026810458,1.0935842,-0.67504615,64.10005,49.077140982203645
405,113.61393362726668,101.72796620014888,-0.013565195,-0.020856448,1.100219,-0.6610839,63.982975,49.077140982203645
406,114.92738660025566,99.8122852764432,-0.010304946,-0.017522823,1.1034936,-0.65756774,63.757652,49.077140982203645
407,114.80152742367822,99.85509390613258,-0.025138672,-0.018149938,1.1059455,-0.6601023,63.598953,49.077140982203645
408,110.0956270042382,102.05857351561367,-0.030242642,-0.02564111,1.1008887,-0.6754686,63.79129,49.077140982203645
409,100.78096705037498,106.34853559770477,-0.035531297,-0.028161071,1.0874989,-0.6989589,64.013145,49.077140982203645
410,91.56057366703506,112.9245663093807,-0.035468493,-0.026863003,1.0884379,-0.69383097,63.877457,49.077140982203645
411,85.27807713802505,119.44009936266539,-0.04001779,-0.018046714,1.0978506,-0.68571234,64.05642,49.077140982203645
412,81.13749170264836,120.28656068241538,-0.04268295,-0.015918506,1.1005635,-0.68167543,63.981937,49.077140982203645
413,79.32140797739117,114.15659457423571,-0.04670929,-0.023020724,1.0830516,-0.70089054,63.896793,49.077140982203645
414,80.2091250685957,107.80352912263545,-0.048026945,-0.025290398,1.0856191,-0.6979599,64.062096,49.077140982203645
415,82.49782043788025,106.71581886661878,-0.038642928,-0.018584285,1.0638508,-0.6955988,62.544003,49.077140982203645
416,85.80273051248722,108.61389669210621,-0.044263016,-0.017171802,1.0473785,-0.7078078,62.37364,49.077140982203645
417,90.67724224672514,109.01725024479789,-0.046239186,-0.02182308,1.041567,-0.71787024,62.30315,49.077140982203645
418,95.4260733865623,107.34015790987888,-0.045034707,-0.020467494,1.0360059,-0.7232347,62.227203,49.077140982203645
419,97.6627056948565,105.89028303680573,-0.049638726,-0.020413706,1.0191661,-0.71962565,61.689438,49.077140982203645
420,98.31316144907308,105.92740141274734,-0.045131087,-0.025473526,1.0241886,-0.727216,61.833134,49.077140982203645
421,99.61826803430395,106.20579108207188,-0.047908798,-0.026507627,1.0128285,-0.73311,61.426556,49.077140982203645
422,101.07189842484432,105.09570572732234,-0.051501725,-0.027282115,0.98706055,-0.73884916,60.9502,49.077140982203645
423,101.11571779786982,103.10363324086047,-0.05005162,-0.01293808,0.9993702,-0.7196126,60.71454,49.077140982203645
424,100.53103863267062,101.99888388487825,-0.05563067,-0.012308478,0.9853878,-0.7143606,60.17903,49.077140982203645
425,101.07130064406333,102.01328001860507,-0.054467846,-0.008880337,0.9809274,-0.7130635,59.78199,49.077140982203645
426,102.50111322175714,101.60135121528515,-0.054903127,-0.008699073,0.9751438,-0.7192367,59.622932,49.077140982203645
427,103.50213011657259,100.23178076498819,-0.04580888,-0.04599823,0.9278568,-0.7658107,59.90521,49.077140982203645
428,104.35756449436771,100.00933844135483,-0.04892611,-0.029393535,0.9411913,-0.7457375,59.46795,49.077140982203645
429,106.3591800523961,102.96190905535047,-0.0500112,-0.027850468,0.92331624,-0.75286084,59.088673,49.077140982203645
430,109.28495239254532,107.26438063016653,-0.035362158,-0.05308024,0.89742327,-0.78532654,57.65648,49.077140982203645
431,111.71027972492736,108.77254364877174,-0.038478144,-0.06516766,0.8954378,-0.80042297,58.35124,49.077140982203645
432,113.41916269156836,106.94103697949393,-0.041084226,-0.07100041,0.8914637,-0.8175472,58.909237,49.077140982203645
433,115.39762889510621,105.61328433040872,-0.041181855,-0.0702539,0.89875025,-0.8174673,58.182167,49.077140982203645
434,117.7688915176435,106.88965292476811,-0.044629272,-0.07039817,0.88682795,-0.82647884,58.5575,49.077140982203645
435,119.55761169680757,108.7022863867413,-0.027593652,-0.06476036,0.8997446,-0.79720813,57.947926,49.077140982203645
436,119.93464417981632,108.7227122119351,-0.011015696,-0.053671595,0.9342909,-0.78161544,59.290157,49.077140982203645
437,119.09195706726771,106.77998879348205,-0.018763684,-0.048323248,0.9438092,-0.7769461,59.80509,49.077140982203645
438,118.45765477464181,104.38547585854946,-0.02629403,-0.010641356,0.9419313,-0.7412364,58.75392,49.077140982203645
439,119.34785803171467,104.02228038577121,-0.011563527,-0.023119282,0.93863124,-0.73465556,57.675957,49.077140982203645
440,121.37838332920174,107.13338366264017,-0.024503162,0.000936785,0.92012626,-0.7147751,57.084003,49.077140982203645
441,123.02055665697824,111.69604641686742,-0.03031664,-0.026635725,0.8821916,-0.78511757,57.92713,49.077140982203645
442,123.28010286513488,113.81537788458228,-0.036082238,-0.040093966,0.85881084,-0.80577725,57.817417,49.077140982203645
443,122.85702043897149,113.24572581648665,-0.03989156,-0.04183384,0.8751631,-0.7479957,55.68697,49.077140982203645
444,123.92898634389965,114.76887912295898,-0.053411983,-0.0071196286,0.87150854,-0.7199726,55.024086,49.077140982203645
445,127.47989717298968,120.62265210786884,-0.046843603,0.0010882004,0.8816375,-0.69877946,54.70904,49.077140982203645
446,131.4378313056776,125.63939556862387,-0.047254633,-0.0023091612,0.8803342,-0.6999603,54.89115,49.077140982203645
447,134.04859724902954,125.73004755444276,-0.04085726,-0.013609655,0.9248155,-0.64549494,54.49797,49.077140982203645
448,137.28057981216486,125.46726177783324,-0.04547869,-0.017497329,0.9040713,-0.6334141,53.833065,49.077140982203645
449,142.96766137224023,130.0355983500884,-0.047806818,-0.02092205,0.87234616,-0.6633517,53.648148,49.077140982203645
450,148.15948271912674,136.01209101437414,-0.04876381,-0.01737545,0.861647,-0.67650056,53.722473,49.077140982203645
451,149.79233984534045,136.8992801668387,-0.05870623,-0.019439612,0.84102964,-0.6417055,50.952213,49.077140982203645
452,150.95192489041884,132.61079427313362,-0.060784385,-0.030323168,0.842522,-0.62946016,50.984634,49.077140982203645
453,155.81069809604645,129.2901613027006,-0.0748458,-0.033351164,0.79728276,-0.6531254,50.970837,49.077140982203645
454,162.0443311238314,131.44419197136241,-0.07301576,-0.033484858,0.8067924,-0.6636284,51.416553,49.077140982203645
455,164.76113928301498,135.8389974973124,-0.05058639,-0.03681195,0.8616918,-0.6457623,51.268852,49.077140982203645
456,163.9508342697365,135.05917321912256,-0.06103809,-0.03362104,0.8355936,-0.6138563,50.07761,49.077140982203645
457,163.20727150440308,128.18444192180417,-0.0708804,-0.034068443,0.8103374,-0.6138513,49.986225,49.077140982203645
458,164.25650472580293,123.90820626061061,-0.06325553,-0.033811938,0.8442401,-0.6077829,50.775463,49.077140982203645
459,165.7277191330096,129.35518837715375,-0.035449214,-0.03486563,0.8557887,-0.6251257,50.481842,49.077140982203645
460,165.6615226499092,141.27780719742452,-0.043315347,-0.04685542,0.84512186,-0.6291561,50.8413,49.077140982203645
461,163.91456839648254,149.3797942427125,-0.05339395,-0.03763432,0.82415444,-0.6267596,50.311382,49.077140982203645
462,162.26242232258437,145.4103760597749,-0.062148675,-0.035444863,0.82135,-0.62156695,50.084213,49.077140982203645
463,161.50705849633513,132.3463151305105,-0.037911657,-0.040365703,0.83288926,-0.6414378,49.66484,49.077140982203645
464,159.7682462163504,121.09643335744941,-0.04668628,-0.03437998,0.8283555,-0.6285495,50.3461,49.077140982203645
465,156.03676335782058,118.04988546028419,-0.057407852,-0.03407746,0.83225065,-0.63080645,50.885128,49.077140982203645
466,152.7862794122821,122.81372850084517,-0.05237664,-0.031747468,0.8395074,-0.62900406,51.235413,49.077140982203645
467,151.61171166836579,131.49281733581708,-0.03678988,-0.036996946,0.8294916,-0.63077843,49.708603,49.077140982203645
468,149.57608117580213,136.3181237000986,-0.0492078,-0.03572095,0.82003236,-0.62522334,50.370426,49.077140982203645
469,144.01704535587533,131.47474013688034,-0.055619475,-0.036286507,0.8170115,-0.62232685,50.69714,49.077140982203645
470,137.81720627700912,121.65502824410689,-0.056408577,-0.034770176,0.8131916,-0.6250066,50.744965,49.077140982203645
471,135.05029613567868,117.49739440556334,-0.029995155,-0.033738565,0.84153765,-0.60382867,49.90153,49.077140982203645
472,134.31046359324154,123.70816862306849,-0.050519858,-0.030394057,0.80735326,-0.60675126,50.556583,49.077140982203645
473,131.67425837634264,133.33627071272588,-0.05703538,-0.039277814,0.7817233,-0.59283787,49.79753,49.077140982203645
474,127.54291108833128,134.83974695113668,-0.0557513,-0.042796433,0.77243507,-0.5876627,49.360584,49.077140982203645
475,125.0888700177912,126.76292216246956,-0.042121436,-0.028707348,0.81476235,-0.5784596,49.397617,49.077140982203645
476,124.51199670543294,118.90719334736191,-0.046363555,-0.020218452,0.75602067,-0.5645061,48.746185,49.077140982203645
477,124.06149641122107,119.05159754150617,-0.03654985,-0.017763782,0.79547757,-0.5793246,50.486805,49.077140982203645
478,124.36912184928946,126.27827012370346,-0.038890414,-0.02160513,0.81702703,-0.58694726,50.728996,49.077140982203645
479,127.73541478105375,135.00639286513226,-0.017411206,-0.022801839,0.8280129,-0.562168,49.372658,49.077140982203645
480,133.23750365510733,140.12938652651033,-0.026068928,-0.03793995,0.82850665,-0.5713941,50.221306,49.077140982203645
481,135.62708220162452,141.24600050281654,-0.024014406,-0.031920645,0.86691695,-0.5667033,51.245872,49.077140982203645
482,132.72933407315205,142.25794803955154,-0.019790322,-0.023789614,0.84549063,-0.54641896,49.748386,49.077140982203645
483,128.93887723852131,144.04603823021893,-0.036901496,-0.022966312,0.84945387,-0.55038035,50.607666,49.077140982203645
484,126.82899556244183,143.37303238999522,-0.03652871,-0.021591138,0.8343686,-0.5492909,49.792274,49.077140982203645
485,123.9658156041831,139.04618685039028,-0.019270474,-0.021389045,0.8698197,-0.5868531,51.76584,49.077140982203645
486,120.18406099211063,133.1055338076757,-0.017132316,-0.021643994,0.8796791,-0.58245957,51.999283,49.077140982203645
487,117.51855260770863,127.69979386403003,-0.03722547,-0.019886395,0.81858474,-0.56200665,50.207844,49.077140982203645
488,115.24378234707723,122.94482416200373,-0.025111932,-0.02097957,0.83368456,-0.56122005,50.69698,49.077140982203645
489,114.10169138228399,119.06283115033125,-0.02712075,-0.020647202,0.83332485,-0.55067354,50.360928,49.077140982203645
490,118.24007947120127,118.91834864656879,-0.022800596,-0.021232344,0.8243074,-0.5419648,49.908367,49.077140982203645
491,127.26970569626637,124.46476573772095,-0.021654565,-0.017625114,0.884595,-0.5376431,51.563793,49.077140982203645
492,134.46437442080645,133.3735262364254,-0.0071908277,-0.014305482,0.8764042,-0.5295727,51.376957,49.077140982203645
493,136.1649833650853,140.45951684610404,-0.0075915963,-0.010091349,0.8760069,-0.5720231,53.376587,49.077140982203645
494,135.6617260053679,141.7231894053477,-0.0070614875,-0.008163368,0.8516001,-0.57449764,52.294785,49.077140982203645
495,134.50873740243864,138.0243963290065,-0.033582173,-0.006024588,0.80423045,-0.53203297,50.874203,49.077140982203645
496,130.8941418138662,133.56299092112798,-0.023806093,-0.0050790976,0.79216444,-0.536988,49.68309,49.077140982203645
497,130.436804320403,131.5802967013748,-0.020613624,-0.0047231005,0.7984493,-0.53843844,49.420826,49.077140982203645
498,141.43120808755606,131.61460412266746,-0.02461105,-0.0060559902,0.80969846,-0.54624486,49.668934,49.077140982203645
499,157.26407588439338,130.6533287029635,-0.047038548,-0.009817744,0.7121108,-0.5141986,46.051857,49.077140982203645
500,162.52664238118945,128.05530805869526,-0.045136996,-0.026030997,0.7101776,-0.509053,45.911633,49.077140982203645
501,153.92621547349472,126.24364157431435,-0.026791181,-0.027999396,0.73525095,-0.5086149,46.536705,49.077140982203645
502,141.8173876051251,126.56157056053249,-0.022843191,-0.03410482,0.75901073,-0.5155539,46.213245,49.077140982203645
503,133.8305245240067,127.62831002819436,-0.047071192,-0.0129685495,0.7239635,-0.48728523,45.457336,49.077140982203645
504,126.11802697028135,127.39795315926878,-0.0591981,-0.008425469,0.72858495,-0.48107442,45.317043,49.077140982203645
505,114.86341220491937,125.68665398077107,-0.05193172,-0.0086309835,0.7376388,-0.48861998,45.65231,49.077140982203645
506,107.19589497598554,123.30964756636182,-0.046710223,-0.010211672,0.7174623,-0.48413008,44.96139,49.077140982203645
507,111.01632983107106,120.4767201749305,-0.06335347,-0.005635945,0.6787712,-0.47933483,44.74499,49.077140982203645
508,119.51656209763479,117.86693165682925,-0.050784446,-0.005825603,0.72225785,-0.4546557,45.348274,49.077140982203645
509,119.59819517064527,115.94681596585642,-0.04512829,-0.0030376336,0.7234474,-0.4581793,45.636997,49.077140982203645
510,112.17347769619798,114.50362923967265,-0.043644607,-0.0011326611,0.7245984,-0.45913878,45.758923,49.077140982203645
511,106.8388905684928,114.4481741789869,-0.042834055,0.001881343,0.7581554,-0.46265677,45.618874,49.077140982203645
512,104.61421176815297,115.55449078927442,-0.039282788,0.0014877253,0.7744706,-0.41920245,44.555946,49.077140982203645
513,100.60507898702654,114.82241496546543,-0.028002193,-0.00013027313,0.76475054,-0.41983703,44.999485,49.077140982203645
514,94.65040185524447,110.83886605372591,-0.018608537,-0.0021574348,0.78089195,-0.38405916,44.767334,49.077140982203645
515,90.6637032349199,105.47402980715522,-0.009165134,0.0058206283,0.7707207,-0.3771233,43.97493,49.077140982203645
516,90.06507298379543,100.52112290608702,-0.008095589,0.00770166,0.76531017,-0.36913094,43.7806,49.077140982203645
517,90.93474587997976,96.54910805031453,-0.012186911,0.006012773,0.7767238,-0.38138002,43.19222,49.077140982203645
518,91.7602164580906,94.2736499362471,-0.010560829,0.007414686,0.78267753,-0.3791122,43.07176,49.077140982203645
519,92.46549583677053,94.00315438008681,0.0047420664,0.015414514,0.81648916,-0.37814465,44.337147,49.077140982203645
520,92.76837902814779,94.47654535482545,0.017600553,0.016208278,0.8391243,-0.35487333,44.978233,49.077140982203645
521,92.15558138583225,94.19379159979776,0.0065469244,0.017465616,0.8302555,-0.34631044,44.217083,49.077140982203645
522,91.03659250282841,93.40012121362156,0.0011671726,0.019997392,0.82850724,-0.33847445,44.290653,49.077140982203645
523,90.15524509411571,93.4631192565092,-0.0051409695,0.024489794,0.83730334,-0.3359265,44.500687,49.077140982203645
524,89.31465951957017,94.59030265231196,-0.005128222,0.0262903,0.8371861,-0.32817668,44.178055,49.077140982203645
525,87.95343667210915,95.44797175757105,-0.005425456,0.026146034,0.8364741,-0.32894057,43.930447,49.077140982203645
526,86.46930119851184,94.99372355627936,-0.0065497225,0.02616842,0.83383137,-0.32654032,43.774612,49.077140982203645
527,85.86256477844148,93.56965097606032,0.00010477815,0.031102942,0.8330046,-0.34575546,43.94457,49.077140982203645
528,86.2596640575737,92.03982815224117,-0.0007766641,0.03203351,0.824489,-0.35856387,44.11121,49.077140982203645
529,86.42097926260465,90.65404396402185,-0.002121369,0.025129344,0.801865,-0.38398767,43.84774,49.077140982203645
530,85.24046476568434,89.24068390087099,-0.002971409,0.02389408,0.7952528,-0.39081907,43.86715,49.077140982203645
531,83.70238236128337,89.04500762051124,-0.00051363057,0.020686999,0.79321474,-0.40338686,43.903057,49.077140982203645
532,84.05298364158479,93.278505870173,-0.0013260499,0.009100464,0.77159405,-0.44009963,43.58938,49.077140982203645
533,86.70286377933218,102.4710292264978,-0.0017858922,0.004593449,0.7695492,-0.44049293,43.634834,49.077140982203645
534,89.47528437511893,111.21661619408428,-0.002553229,0.0020619843,0.76775146,-0.44043696,43.615955,49.077140982203645
535,90.48264073294082,114.96743504959836,-0.0010415632,0.002443476,0.7707101,-0.43726036,43.499172,49.077140982203645
536,90.41829043138529,116.5078135451663,-0.0010002116,-0.0001793976,0.77188444,-0.43733373,43.324768,49.077140982203645
537,91.19194070849728,119.49391660862152,0.00057830074,-0.0026707547,0.7737857,-0.43764403,43.169987,49.077140982203645
538,92.9501272135047,121.87982011743401,-0.0022861534,-0.004688589,0.76354414,-0.4453292,43.02571,49.077140982203645
539,93.38009125451768,121.94358111239168,-0.010121196,-0.00982334,0.75633657,-0.44493902,43.087105,49.077140982203645
540,90.63131941794235,122.03869120490131,-0.010366197,-0.010009889,0.75934494,-0.44782305,43.169487,49.077140982203645
541,86.1470239455128,122.40079323328467,-0.007978996,-0.009772039,0.77382827,-0.44697395,43.551483,49.077140982203645
542,83.13934013848431,120.34148892107575,-0.0087419795,-0.013548405,0.7736122,-0.44365618,43.576523,49.077140982203645
543,84.54075725239753,115.90035464495153,-0.026166555,-0.003606607,0.7756269,-0.42878887,43.25784,49.077140982203645
544,92.68782636809996,111.93437043440906,-0.017551117,-0.003508047,0.7811842,-0.4229636,43.29722,49.077140982203645
545,106.0149672929456,112.25047101671564,-0.014646865,-0.0012812782,0.782177,-0.42530912,43.60069,49.077140982203645
546,119.64152434822822,120.25412822950874,-0.0087550385,0.00039144122,0.7856278,-0.42224255,43.66108,49.077140982203645
547,131.33077505457766,134.07662842186113,-0.0025557163,-0.004812333,0.7603747,-0.41939366,43.161545,49.077140982203645
548,139.7413041543902,147.66821047424588,-0.0009778257,-0.00646391,0.76725554,-0.4167456,43.37095,49.077140982203645
549,142.0829910095102,157.55226425982414,0.0004132052,-0.006915047,0.77226126,-0.4163694,43.59019,49.077140982203645
550,139.2427701414174,163.21328956370942,0.0004520695,-0.007254876,0.77156264,-0.41799548,43.752193,49.077140982203645
551,136.19595366708035,164.29283200362374,-0.01010223,-0.011597106,0.74679554,-0.44033593,43.344315,49.077140982203645
552,135.4439827641772,160.40155873418416,-0.018166728,-0.0145318275,0.74094445,-0.4507046,43.253326,49.077140982203645
553,134.49013235771235,153.43282665073323,-0.022272352,-0.017582208,0.7381114,-0.45751673,43.59571,49.077140982203645
554,130.50031219847574,147.96567060147896,-0.020035323,-0.017369853,0.7410442,-0.45722976,44.0147,49.077140982203645
555,123.06064261278267,146.98676381603775,0.0021919464,0.0050756773,0.76159257,-0.42887843,44.089207,49.077140982203645
556,113.48945509517577,151.38351089595682,0.009638968,0.009296962,0.7587797,-0.41781795,43.538895,49.077140982203645
557,105.91630414806455,161.31404994784074,0.01009881,0.006455826,0.7611069,-0.4143472,43.49732,49.077140982203645
558,104.17955118284016,172.64478790224328,0.012547261,0.009202133,0.76025534,-0.408382,43.234146,49.077140982203645
559,106.43275043918283,178.37650937037043,0.018504692,0.016040385,0.76742125,-0.41150016,43.57341,49.077140982203645
560,108.1461263215143,175.86112852789722,0.02559385,0.0246723,0.7715353,-0.40448657,43.339024,49.077140982203645
561,107.87021028954881,168.8363986993644,0.026802374,0.025256509,0.76973915,-0.41277087,43.337513,49.077140982203645
562,106.81474078220388,163.34034607626782,0.0295179,0.023865167,0.77418643,-0.41325435,43.469013,49.077140982203645
563,106.20414458823872,162.03809065069342,0.02954433,0.023881024,0.77448153,-0.41280228,43.53277,49.077140982203645
564,106.72503861854797,162.55404906730303,0.02944328,0.026883213,0.7762391,-0.41316512,43.461754,49.077140982203645
565,108.26453570569113,161.82038203256835,0.030644344,0.02783772,0.7784824,-0.41501877,43.489643,49.077140982203645
566,109.7522459106914,159.9231846407328,0.031018684,0.028322125,0.77721447,-0.41399774,43.39826,49.077140982203645
567,110.37437311424335,158.39640192040815,0.01853827,0.02574651,0.7902679,-0.42139688,44.043602,49.077140982203645
568,110.41167289044809,156.9052835556775,0.014838078,0.024565345,0.7964495,-0.42528176,44.374435,49.077140982203645
569,110.4053141027963,154.06342514865108,0.011441339,0.022266444,0.7958196,-0.42628726,44.518635,49.077140982203645
570,110.40431720126509,150.46027606901723,0.013142662,0.021352045,0.7974065,-0.42844126,44.601173,49.077140982203645
571,110.4637007665663,147.9473946078237,0.008063254,0.016910011,0.8005355,-0.45135504,45.26281,49.077140982203645
572,110.98030107488528,146.43054332499744,0.009135908,0.015899539,0.8012873,-0.4681609,45.719273,49.077140982203645
573,111.85938832876518,144.284002706248,0.010884491,0.01600836,0.80839545,-0.4651932,45.85486,49.077140982203645
574,112.19938270859859,141.4067827412739,0.010888222,0.015444051,0.8127103,-0.46545157,45.946423,49.077140982203645
575,111.67797804646281,139.1075426031823,0.013095714,0.009351683,0.8258091,-0.4739899,46.7263,49.077140982203645
576,111.3041608810722,137.47771521164213,0.008670159,0.009266492,0.8237751,-0.47807842,46.800682,49.077140982203645
577,111.84392240253233,135.36032343056831,0.007853386,0.0058520306,0.8268283,-0.48358598,47.0411,49.077140982203645
578,112.61257930731504,132.62311958144937,0.007534699,0.005374777,0.82356745,-0.4848567,46.94771,49.077140982203645
579,112.8444666359497,130.34010877329757,0.0052056396,-0.002208425,0.8252616,-0.4926535,47.232487,49.077140982203645
580,113.1006794837224,128.79677986632643,0.005771504,0.00028417574,0.8220511,-0.49035645,47.092583,49.077140982203645
581,114.22639345941123,127.18057393421778,0.010423715,0.0006569621,0.82788664,-0.48804885,47.301216,49.077140982203645
582,115.73790875793125,125.33588558666331,0.009795669,0.00018561589,0.8272667,-0.48545116,47.218666,49.077140982203645
583,116.33043501820255,124.01771276745681,0.0067418674,-0.0018888048,0.82429934,-0.4868058,47.205154,49.077140982203645
584,115.86186413698738,123.12031017237186,0.001321697,-0.0034203692,0.81990457,-0.4873832,47.042976,49.077140982203645
585,115.79459252443375,121.57263550232402,0.0011855166,-0.00245156,0.83561474,-0.47012028,47.205326,49.077140982203645
586,117.08118479586727,119.4468714787902,0.0032422151,-0.0023153794,0.83622754,-0.4700761,47.21701,49.077140982203645
587,118.72112478057451,117.94131276098292,5.5031847e-05,-0.0064552044,0.83926517,-0.47429773,47.333576,49.077140982203645
588,119.36638904752263,117.07443798503934,-0.0009355414,-0.01028256,0.8424844,-0.47796932,47.534626,49.077140982203645
589,119.12138547394575,116.03451164336289,-0.0022852207,-0.010975589,0.8446561,-0.47858864,47.586014,49.077140982203645
590,118.90509140373867,115.23645271331445,-0.0029798034,-0.0121464925,0.8432775,-0.4798808,47.569294,49.077140982203645
591,119.84261139341557,116.43390551720822,-0.009951748,-0.012731944,0.8349239,-0.47435617,47.444798,49.077140982203645
592,122.84793816816938,121.49455685404683,-0.00598106,-0.006621544,0.8401693,-0.4698162,47.476036,49.077140982203645
593,126.57897058681377,129.65536942369027,-0.0070254216,-0.004374876,0.8394154,-0.46344712,47.444122,49.077140982203645
594,129.65435659412293,136.24133938225398,-0.005966758,-0.0037611313,0.8386518,-0.46142307,47.467983,49.077140982203645
595,132.84423695135862,137.2084894763252,-0.03916713,-0.030309489,0.78770095,-0.52379096,46.80359,49.077140982203645
596,133.55853902990148,132.4144822153432,-0.031634293,-0.027629718,0.7709228,-0.52653664,46.404583,49.077140982203645
597,127.98200522175044,121.75513954847091,-0.021232033,-0.02739249,0.7814656,-0.52704406,46.740482,49.077140982203645
598,119.57993133734597,106.31860084658553,-0.021898633,-0.026123026,0.77892107,-0.5293616,46.76195,49.077140982203645
599,114.78978077025536,94.98627174073363,-0.029933283,-0.03327468,0.7451539,-0.5637316,46.035515,49.077140982203645
600,114.41977629411642,96.67770926674827,-0.020372042,-0.025707023,0.7820759,-0.5546713,46.57136,49.077140982203645
601,114.66537723739657,106.62591472329648,-0.017332233,-0.024102394,0.7771386,-0.5605454,46.58573,49.077140982203645
602,113.32824712650935,111.87412931649962,-0.019733425,-0.026404714,0.78586286,-0.5585459,47.008114,49.077140982203645
603,111.92122327105515,107.05895154534512,-0.010855265,-0.0124857,0.78866667,-0.55537826,46.92693,49.077140982203645
604,112.30667636567406,96.9017969490439,-0.014723661,-0.020781206,0.8048386,-0.57612526,47.58253,49.077140982203645
605,113.85408488357574,88.15629980270093,-0.011798579,-0.02264203,0.8199465,-0.5823234,48.10393,49.077140982203645
606,114.08673533336712,84.71269995492132,-0.008555742,-0.022087669,0.82279885,-0.5807352,48.236973,49.077140982203645
607,111.00864317781804,87.00760528883335,-0.023363661,-0.009367851,0.77952236,-0.5961659,47.99005,49.077140982203645
608,103.97775024757652,93.81911527341975,-0.026538718,-0.017030025,0.7781655,-0.62868166,48.47954,49.077140982203645
609,93.95121896954629,102.88678675637868,-0.027558519,-0.022858737,0.7606692,-0.63606244,48.179207,49.077140982203645
610,84.41409398775937,109.72290449883084,-0.026812635,-0.022000302,0.77134967,-0.62940013,48.341705,49.077140982203645
611,79.47281036209395,110.6791572500414,-0.0056266175,-0.0122064985,0.7665103,-0.6132777,46.791157,49.077140982203645
612,80.82483715742715,106.97442775596834,0.0020784626,-0.013394814,0.79344976,-0.5945634,46.77823,49.077140982203645
613,87.8362101738331,103.41122507314006,-0.0062814034,-0.0117354635,0.7923457,-0.59210503,46.870712,49.077140982203645
614,97.21687635107625,103.53051322438048,-0.017981112,-0.01727316,0.75910026,-0.5979819,46.22353,49.077140982203645
615,103.15100631970502,106.12864036921854,-0.03398916,-0.0268857,0.6763911,-0.6113556,43.54399,49.077140982203645
616,102.93957688277278,107.72110020627392,-0.016591946,-0.021523358,0.709164,-0.6053534,44.356438,49.077140982203645
617,100.38819956481721,107.19788764765248,-0.016419388,-0.020007651,0.71589994,-0.6041732,44.78671,49.077140982203645
618,99.966907851339,105.94537258566953,-0.019625226,-0.015569971,0.73189557,-0.59591687,44.990192,49.077140982203645
619,101.74185206830316,105.49635823333392,-0.032001797,-0.015996234,0.6762108,-0.58796275,43.281586,49.077140982203645
620,103.93340471619237,106.30488024577262,-0.023878846,-0.010417498,0.71142745,-0.5804943,44.072777,49.077140982203645
621,105.64012552869724,107.50890583562156,-0.015475453,-0.0097011505,0.71578896,-0.57500726,43.95951,49.077140982203645
622,106.28468834540011,107.84903737268888,-0.019062161,-0.0079115275,0.733133,-0.57187045,44.53845,49.077140982203645
623,106.37154224578009,107.64177752588637,-0.0336285,-0.011925432,0.66846406,-0.579499,42.136158,49.077140982203645
624,108.39081228385501,109.39004215485657,-0.03132027,-0.013429636,0.6447469,-0.5848185,41.945267,49.077140982203645
625,113.33690405995289,114.54616922382318,-0.025616236,-0.011866358,0.6390478,-0.58624274,41.968834,49.077140982203645
626,117.91180645032968,120.12697981274542,-0.022678096,-0.020012315,0.6513221,-0.60235435,42.525204,49.077140982203645
627,119.08479020993181,122.4073603544536,-0.05804212,-0.008985115,0.59396154,-0.6195535,41.382973,49.077140982203645
628,118.57281505955783,122.84950142477707,-0.04164014,-0.024849832,0.5854518,-0.61510646,41.36363,49.077140982203645
629,119.19736713698877,124.6986466937259,-0.032007392,-0.03324763,0.5956846,-0.6240064,41.84854,49.077140982203645
630,120.41755491333056,126.73561284071596,-0.041632056,-0.040433794,0.5855786,-0.6331706,41.38527,49.077140982203645
631,120.55748639437978,126.65577763445536,-0.04362564,-0.034263697,0.5992135,-0.6314895,42.025063,49.077140982203645
632,120.17956029548824,125.9094098760087,-0.036458444,-0.026173394,0.62607896,-0.62674683,41.991226,49.077140982203645
633,120.51370807908182,126.57182917707512,-0.04401988,-0.02479138,0.596105,-0.62666506,41.250103,49.077140982203645
634,121.0880041779557,128.00183224064017,-0.035244633,-0.03480935,0.5877053,-0.6358706,41.72236,49.077140982203645
635,121.286623931129,128.43124595564367,-0.04102826,-0.032732446,0.5510914,-0.63775164,40.9732,49.077140982203645
636,122.04181430440997,127.03280852476168,-0.02161912,-0.030612942,0.5773158,-0.63457036,41.47992,49.077140982203645
637,123.83369358259681,124.65632414000501,-0.027457472,-0.032257367,0.57422405,-0.6354052,41.45576,49.077140982203645
638,125.17277402714652,123.1038655189869,-0.027329374,-0.032831315,0.5623832,-0.63357514,41.29605,49.077140982203645
639,124.96238964766297,123.11758474748095,-0.020124244,-0.0018387476,0.61868167,-0.598883,40.792747,49.077140982203645
640,124.55573318375222,124.2551872054818,-0.03720961,-0.0019080816,0.57151103,-0.5784665,39.262413,49.077140982203645
641,125.87635089887328,126.11379628452875,-0.023745153,-0.013131158,0.5718188,-0.57655716,39.19966,49.077140982203645
642,128.4596769002674,127.97777928184765,-0.036518138,-0.0093457755,0.54294294,-0.5803183,38.8926,49.077140982203645
643,130.31669698421882,128.6320136694753,-0.034863453,-0.00092403754,0.60039806,-0.56744176,39.70879,49.077140982203645
644,131.40622698471782,127.68601272818832,-0.02759987,-0.013695157,0.58966345,-0.5713537,39.213943,49.077140982203645
645,133.24752515583478,126.46972204312367,-0.0342211,-0.024850765,0.54515415,-0.5734359,37.99527,49.077140982203645
646,135.65620158050356,126.56494569059488,-0.03075876,-0.02296196,0.54552543,-0.5813595,37.71492,49.077140982203645
647,137.62667693085976,127.58573330362823,-0.023708466,-0.012448079,0.6037895,-0.5297947,37.828236,49.077140982203645
648,140.21985371830186,128.243910035748,-0.029765699,-0.017166516,0.56790006,-0.542813,37.904427,49.077140982203645
649,144.2935391596755,127.9767648057233,-0.044671558,-0.018466448,0.5506978,-0.5549551,38.061745,49.077140982203645
650,147.35219133057305,126.19616268429922,-0.038890414,-0.018132215,0.54457337,-0.55942076,37.673363,49.077140982203645
651,147.53327542085808,123.5245203149931,-0.061730187,-0.013429325,0.5181289,-0.5211814,36.467346,49.077140982203645
652,147.76948966455126,122.6785887295742,-0.070200115,0.00079003343,0.5081821,-0.48971567,36.03547,49.077140982203645
653,151.1929379643685,124.47030456264444,-0.07197171,-0.0024537363,0.5107975,-0.49536124,36.249355,49.077140982203645
654,156.06412693432014,126.31807110931301,-0.06880038,0.0009722293,0.51727945,-0.50411505,36.347694,49.077140982203645
655,159.32807614643323,127.46595243940381,-0.051721852,-0.002465551,0.57144386,-0.49006358,36.463066,49.077140982203645
656,161.2407843260928,131.02503698776155,-0.034946777,-0.0014740451,0.59572875,-0.49314785,37.248604,49.077140982203645
657,162.92424619066864,137.87360259059614,-0.032151658,-0.0010866458,0.6019725,-0.4793563,36.793106,49.077140982203645
658,163.49883829421387,143.60833613181578,-0.0324321,-0.0033448169,0.5951386,-0.48855966,37.089817,49.077140982203645
659,162.3675640468437,144.17384461719118,-0.029283782,-0.016969085,0.57731205,-0.5061282,35.497154,49.077140982203645
660,160.57587697295997,140.25729234502214,-0.029500179,-0.0194393,0.5525235,-0.492272,34.29297,49.077140982203645
661,158.98646328193408,136.39783437732228,-0.024236398,-0.018367577,0.55397666,-0.4824157,34.115158,49.077140982203645
662,157.71512576655624,137.28713348903273,-0.025016794,-0.018846698,0.55236614,-0.48036647,34.060146,49.077140982203645
663,156.42056383522518,141.707165721523,-0.05189907,-0.02999391,0.523601,-0.48935685,33.92343,49.077140982203645
664,153.73481287772267,142.36629235312304,-0.038702,-0.026548669,0.5339177,-0.4695964,32.848476,49.077140982203645
665,148.68698068573423,136.29400759036454,-0.03403393,-0.024708366,0.5489865,-0.46591142,33.10633,49.077140982203645
666,143.24699226507423,130.18106535095512,-0.03744404,-0.02818439,0.5415793,-0.46772686,32.83934,49.077140982203645
667,140.22598601419946,130.21926227428025,-0.035769455,-0.027046442,0.5309715,-0.47545338,33.72696,49.077140982203645
668,138.80181816555046,133.35164090033274,-0.032151658,-0.02728709,0.54765207,-0.4721577,33.436455,49.077140982203645
669,136.08790391141787,133.6961076859274,-0.03096583,-0.028360056,0.5448625,-0.46964052,32.950127,49.077140982203645
670,132.3820538875898,131.2203332349674,-0.029686106,-0.028360056,0.550265,-0.47056425,33.11678,49.077140982203645
671,130.06960426591678,129.30914483405462,-0.02806935,-0.032743637,0.5130896,-0.48357293,31.912642,49.077140982203645
672,128.38349046032297,128.37532336485214,-0.027156506,-0.03180934,0.52797055,-0.48629963,32.56965,49.077140982203645
673,124.64981321964957,126.83315313337715,-0.024117628,-0.03345159,0.52623755,-0.48481253,32.551617,49.077140982203645
674,119.62704129935794,125.42782882338408,-0.020371111,-0.032392304,0.5305219,-0.48389813,32.565063,49.077140982203645
675,116.4014967894081,125.75026426675399,-0.021638397,-0.033025015,0.5079962,-0.4641109,31.423954,49.077140982203645
676,115.20104014929707,127.20729586576519,-0.026031617,-0.030592732,0.5124926,-0.46426824,32.355324,49.077140982203645
677,113.58814795353749,129.36290419737296,-0.020113051,-0.03197288,0.50614685,-0.46561325,32.10235,49.077140982203645
678,111.0256593132759,134.514751165503,-0.017356485,-0.032014545,0.50891584,-0.4650135,32.341843,49.077140982203645
679,109.79799119999701,144.21385408571916,-0.0053253416,-0.03218399,0.5141436,-0.46170413,31.823515,49.077140982203645
680,110.84444887404082,153.90582517082393,0.0018816539,-0.033980764,0.51586294,-0.46733573,31.856472,49.077140982203645
681,112.43102752242332,156.47435173291254,-0.0013518557,-0.03345159,0.511946,-0.47587904,31.876345,49.077140982203645
682,113.60289091890483,153.12571243254735,-0.00027360464,-0.032623626,0.51408076,-0.4743658,32.219307,49.077140982203645
683,116.61254033156862,149.9748291835677,0.014193864,-0.024970155,0.5006779,-0.47551152,31.998266,49.077140982203645
684,125.61011504669628,144.00612020950973,0.018334622,-0.021519007,0.50775117,-0.47884732,32.08609,49.077140982203645
685,138.6320444020019,132.3584772202639,0.021376608,-0.019490601,0.5169878,-0.4771376,31.93161,49.077140982203645
686,144.94572993022544,126.38306899290357,0.022364073,-0.01933017,0.52130765,-0.47638458,31.864597,49.077140982203645
687,140.54491789893154,132.59587626239178,0.030769331,-0.012482591,0.5087971,-0.45964277,30.756054,49.077140982203645
688,136.15586035846144,138.65255197009014,0.039137904,-0.013096335,0.5073059,-0.45794797,30.559288,49.077140982203645
689,140.14772519314056,136.13118422062507,0.039040897,-0.016223824,0.49902877,-0.45724687,30.340815,49.077140982203645
690,146.48411105898109,133.89783066169545,0.03908691,-0.017459707,0.49425066,-0.4571287,30.149517,49.077140982203645
691,146.75178196058945,138.2134426582506,0.011579695,-0.0131016215,0.47599375,-0.46526068,31.223015,49.077140982203645
692,142.2185636900413,140.77224262764986,0.010053106,-0.01540301,0.47610444,-0.4700811,31.398897,49.077140982203645
693,138.74664922744856,134.1496351382117,0.0048857084,-0.01648064,0.47366127,-0.46752352,31.53312,49.077140982203645
694,138.32279740805183,124.02168924632367,0.0055678547,-0.017275024,0.47371972,-0.46935046,31.536112,49.077140982203645
695,139.54913013055761,119.60240082310177,0.0050828285,-0.0078642685,0.47415003,-0.39423603,29.63357,49.077140982203645
696,141.2756064040941,123.04886654923162,0.013494928,0.0030242642,0.5294437,-0.37347564,29.81187,49.077140982203645
697,141.93055457218156,132.99138728216468,0.018260002,0.0067393803,0.53727996,-0.37505728,29.839733,49.077140982203645
698,139.90603287379992,146.3942544428312,0.018583354,0.006587654,0.52908176,-0.37609914,29.684973,49.077140982203645
699,136.4997689306931,155.06382973547548,0.02256741,0.008029986,0.5520123,-0.35544696,29.566021,49.077140982203645
700,132.6693405628004,153.1701453499005,0.023863923,0.010518855,0.56571496,-0.33804727,29.467756,49.077140982203645
701,126.14766034222512,145.97703810012672,0.02808241,0.012922535,0.56446755,-0.32911313,29.018929,49.077140982203645
702,117.2298985226455,141.84580123309757,0.025586389,0.010677421,0.55761063,-0.32823947,29.210075,49.077140982203645
703,111.18274119963291,141.4212798931594,0.03224866,0.013561775,0.5648108,-0.2928683,28.501842,49.077140982203645
704,111.94684282907555,139.92719926040613,0.032460704,0.0150069045,0.5803105,-0.28146675,28.622335,49.077140982203645
705,117.72361764970869,135.21079960730808,0.035034455,0.018412039,0.58201,-0.27476373,28.477192,49.077140982203645
706,123.60727642831779,130.10189378817694,0.041556817,0.019918108,0.5800649,-0.27007735,28.218254,49.077140982203645
707,126.20262054950477,127.37321355790826,0.030373227,0.014799836,0.57973593,-0.2537388,28.444708,49.077140982203645
708,124.63839569458975,125.40704774126444,0.023061763,0.015958302,0.5713294,-0.25401053,28.127888,49.077140982203645
709,120.00248269949036,122.03260596998825,0.015087431,0.013070219,0.55765855,-0.25279018,27.648558,49.077140982203645
710,115.45462826355241,119.22631865467964,0.012054151,0.0073195463,0.5330273,-0.26275778,27.150784,49.077140982203645
711,113.71627128569642,119.30668625488899,0.006920954,0.0035428694,0.4972777,-0.25803936,27.096313,49.077140982203645
712,113.88004970206819,120.21110843188325,0.00923851,0.0038031049,0.49734548,-0.25474492,26.836044,49.077140982203645
713,113.20242624561818,119.17200006569841,0.0074401814,0.006434995,0.49217126,-0.2525968,26.663866,49.077140982203645
714,111.24049764359584,117.48821949626344,0.00801102,0.00673596,0.49010366,-0.25399312,26.646149,49.077140982203645
715,110.14466878578749,118.99357085259928,-0.006697096,0.00010788729,0.45774618,-0.24464267,26.215914,49.077140982203645
716,112.01746107787102,127.31009274085551,-0.001289051,0.010434598,0.45168024,-0.23879966,25.858917,49.077140982203645
717,116.695786838421,142.18801581721013,0.00050430314,0.016796216,0.44926322,-0.23387384,25.825886,49.077140982203645
718,121.78187595603322,156.19037775815272,-0.004280669,0.015769888,0.44572315,-0.23678368,25.732924,49.077140982203645
719,124.99496203046783,161.29530529064363,-0.004339743,-0.00012592033,0.4383619,-0.24795796,25.60024,49.077140982203645
720,124.33157555844436,157.52645276314425,-0.0040754657,-0.0013039749,0.43912676,-0.25186428,25.707384,49.077140982203645
721,118.69244702090803,150.6715129240103,-0.0021347383,-0.000980624,0.44814453,-0.25057366,25.884007,49.077140982203645
722,111.73844091332225,145.81833097010127,-0.00039237394,-0.0013188989,0.45151734,-0.24896066,25.818895,49.077140982203645
723,108.75759161713151,144.5410113813037,-0.0064067016,-0.0064844303,0.4319285,-0.2634822,25.786823,49.077140982203645
724,109.38097799136054,145.5167446518697,0.0033672028,-0.0019525423,0.4500579,-0.25744736,25.744928,49.077140982203645
725,109.60360035353632,146.83052569392007,0.009339868,0.003399227,0.45030975,-0.25650063,25.657347,49.077140982203645
726,107.98275107110945,147.41018550691052,0.010454807,0.0063594426,0.4485251,-0.25548676,25.674187,49.077140982203645
727,106.0543949583766,147.64866602424726,0.0180007,0.008741358,0.43720904,-0.24975038,25.178268,49.077140982203645
728,105.5580387215944,149.51624235908008,0.020008584,-0.0020402202,0.44239634,-0.26151413,25.214283,49.077140982203645
729,106.8298068453744,154.02019517480764,0.024008187,-0.0016360315,0.44962323,-0.26330096,25.280424,49.077140982203645
730,108.77103048552726,158.66575526957055,0.027760923,-0.0015150858,0.4474792,-0.26334044,25.043106,49.077140982203645
731,109.97133108367294,160.17689287423985,0.02409711,0.0012243808,0.45844325,-0.2589245,26.053528,49.077140982203645
732,109.87812859861411,158.9337429491469,0.034051344,0.00314863,0.491726,-0.24788396,26.126812,49.077140982203645
733,109.06199237665486,157.84802148662206,0.038549654,0.005595215,0.50107336,-0.24145922,26.212334,49.077140982203645
734,108.3065806062449,158.02920424619043,0.037347037,0.008720215,0.49916682,-0.23665777,26.055378,49.077140982203645
735,107.6863469915921,158.924165162788,0.024808481,0.006159214,0.4742539,-0.23798506,25.974888,49.077140982203645
736,107.43414261733064,161.39736070581552,0.03838922,0.0065251603,0.49444094,-0.23182616,25.647827,49.077140982203645
737,108.57050012898047,166.25091021771178,0.036247022,0.007819808,0.4630311,-0.24263479,25.674377,49.077140982203645
738,110.83854379238353,171.06967356466882,0.039635364,0.010119952,0.46197897,-0.23595448,25.429296,49.077140982203645
739,111.72818027708801,172.8119089389259,0.035341017,0.015428815,0.45556918,-0.24394622,25.206907,49.077140982203645
740,109.76000653331168,172.07451448853146,0.025203342,0.01326796,0.46917105,-0.24998729,25.995481,49.077140982203645
741,107.21077310292138,171.83435740004012,0.02988136,0.013987727,0.4793255,-0.24948797,25.975006,49.077140982203645
742,107.20549024863058,173.0813049034814,0.029713467,0.013832892,0.4905315,-0.24785566,26.452295,49.077140982203645
743,109.09925838201839,174.09429108284252,0.034394592,0.019124966,0.47739163,-0.25036877,25.700209,49.077140982203645
744,109.82908594249194,173.79970712152888,0.03811375,0.01876959,0.48179108,-0.25023508,25.685844,49.077140982203645
745,109.22771433809115,173.50035319126778,0.037271794,0.018410174,0.47320175,-0.25089204,25.549225,49.077140982203645
746,109.93968445673629,174.66708859186622,0.035768833,0.01778368,0.47684008,-0.25312534,25.786142,49.077140982203645
747,112.5825141647502,176.36233658267463,0.020058952,0.010158816,0.43761635,-0.25144485,25.041464,49.077140982203645
748,116.6594467200494,174.6452119110016,-0.012264329,0.0066181235,0.42876336,-0.26907215,25.12889,49.077140982203645
749,125.5963786972071,165.42867846838044,-0.01754179,0.0052283364,0.42732134,-0.27533895,25.085897,49.077140982203645
750,141.81777438533308,151.086271044833,-0.013519179,0.00464475,0.42738292,-0.27543968,25.055264,49.077140982203645
751,157.51066808292757,139.6345382291798,-0.027612928,0.0008102429,0.39231053,-0.28223285,24.072056,49.077140982203645
752,161.71412314193043,133.58151281978644,-0.02979617,-0.00038802114,0.39251262,-0.28221482,23.977795,49.077140982203645
753,155.62770425281528,128.1928533545656,-0.02695379,-0.001942904,0.38284007,-0.28491884,23.723738,49.077140982203645
754,150.66629712102218,121.52417271906555,-0.028663198,0.008908319,0.38205594,-0.30757546,24.211723,49.077140982203645
755,153.09455996141156,116.83860113403853,-0.035336662,0.0022647004,0.37254882,-0.32477558,24.708147,49.077140982203645
756,158.32334673922537,116.59990075748783,-0.020933865,-6.4670196e-05,0.3826865,-0.32380676,24.741798,49.077140982203645
757,159.1979757079148,120.41740734379815,-0.021281468,-0.00055218395,0.38172388,-0.32216856,24.608492,49.077140982203645
758,154.80260176333013,127.23620698366777,-0.022439312,-0.0012675979,0.3832772,-0.320549,24.589733,49.077140982203645
759,148.6976792240583,135.85669882095058,0.0033752865,0.004336945,0.42705396,-0.31380683,26.871534,49.077140982203645
760,141.90728423626337,143.79188534861538,-0.0016571736,0.005251344,0.43387854,-0.30859247,26.71096,49.077140982203645
761,136.62402784627247,148.20490044580274,-0.012373148,0.0043994384,0.42647007,-0.30738583,26.373077,49.077140982203645
762,141.35138664485285,149.18671363641604,-0.012320293,0.0044041025,0.4251064,-0.3090747,26.36282,49.077140982203645
763,155.92387184266792,148.991453485012,0.017938517,0.003108833,0.3833711,-0.30415168,24.401642,49.077140982203645
764,161.78479256371006,147.57497230345848,-0.006267412,0.0014877253,0.37650427,-0.3139775,24.338884,49.077140982203645
765,147.1944452361353,144.25109419461768,0.012943366,0.001772212,0.3651814,-0.3083708,23.87713,49.077140982203645
766,126.88372116058504,140.60354209591267,0.01051699,0.0012962021,0.36456516,-0.3092656,23.966713,49.077140982203645
767,119.64750352501252,137.68286575190373,-0.042116463,-0.0038363726,0.29511806,-0.31297234,21.74293,49.077140982203645
768,123.58483308658347,135.39357541463366,-0.03681537,-0.00068401167,0.2983497,-0.311576,21.79992,49.077140982203645
769,125.3508570231675,133.4862207203087,-0.02918429,0.0010216647,0.31815186,-0.3094997,22.08552,49.077140982203645
770,120.61839376824797,131.29300569968953,-0.031512417,0.0012315318,0.3166551,-0.30450487,21.814436,49.077140982203645
771,115.43855747056416,129.45142967029895,-0.029273832,-0.0024963317,0.2887064,-0.31767645,20.720894,49.077140982203645
772,113.92799558046433,129.06944069627727,-0.027760923,-0.0026859895,0.28481996,-0.3212781,20.84594,49.077140982203645
773,114.68688864850023,128.4671540034291,-0.02821175,-0.0030917327,0.27779144,-0.32490894,20.851772,49.077140982203645
774,116.29713186807177,125.64323189800817,-0.030526197,-0.0051123654,0.2771665,-0.3291296,20.924564,49.077140982203645
775,118.10996029069419,123.13448316929399,-0.028071837,0.00014861708,0.25522155,-0.31547052,20.0932,49.077140982203645
776,118.42050603683192,125.31985827136532,-0.01950677,-0.00015203713,0.2643139,-0.31303048,19.806627,49.077140982203645
777,116.37678969564504,131.441808150867,-0.02341434,0.0022280125,0.26675522,-0.31021887,19.832897,49.077140982203645
778,113.6577676260294,135.75397388996944,-0.024230802,0.0034489732,0.26971823,-0.30951837,19.871279,49.077140982203645
779,112.16923056010309,134.92801571437553,-0.013811439,0.003984057,0.24751396,-0.29008406,18.77377,49.077140982203645
780,111.39680332596433,131.51238245649205,-0.018264977,0.0053452402,0.24614844,-0.29818773,18.804731,49.077140982203645
781,110.08235519683953,129.09079160920217,-0.020647824,0.0044146734,0.23479757,-0.29989743,18.516361,49.077140982203645
782,108.21386906789418,127.87158964900874,-0.029826017,0.0012194063,0.22917935,-0.31201285,18.928026,49.077140982203645
783,106.09132690253894,126.44559888422722,-0.03296501,0.0074361395,0.20911106,-0.29352182,18.106892,49.077140982203645
784,103.9356470612625,124.2553865406907,-0.030866336,0.007626108,0.21551839,-0.2960418,18.09238,49.077140982203645
785,100.9853507605577,121.335627747587,-0.0251281,0.007658754,0.2340035,-0.2902364,18.334091,49.077140982203645
786,96.15509482732587,118.45667661072274,-0.025374966,0.007556463,0.2357956,-0.29042917,18.319777,49.077140982203645
787,93.70080738827812,117.5935178226,-0.016814873,0.0055765603,0.22138658,-0.27447057,17.052332,49.077140982203645
788,101.74181706833141,120.4642800825888,-0.008862304,0.0058343085,0.23609968,-0.2691822,17.112978,49.077140982203645
789,118.88073902718078,126.2697930770573,-0.008025322,0.0061334083,0.23011395,-0.2684988,16.914354,49.077140982203645
790,131.20525372165045,131.4120265866284,-0.0065267147,0.0067138853,0.23311739,-0.26871398,16.994331,49.077140982203645
791,129.5727122947107,132.16886314654866,0.0030239534,0.00937469,0.23328218,-0.24040398,16.116505,49.077140982203645
792,121.02882556921756,128.30980321554944,0.0068730735,0.00993558,0.23071961,-0.23517378,15.780514,49.077140982203645
793,117.51733023172564,124.15314926381295,0.003983435,0.009773904,0.23211749,-0.23521015,15.7276,49.077140982203645
794,121.12116086103208,124.24788027227585,0.0020389766,0.008991023,0.22577545,-0.23328061,15.501251,49.077140982203645
795,125.6044457295571,128.12185747202713,0.021567509,0.01821896,0.24790262,-0.22702192,15.310167,49.077140982203645
796,127.50487747780666,132.0509665707405,0.028357258,0.020426143,0.25150797,-0.22599839,15.082063,49.077140982203645
797,128.88297062091428,134.16235104640194,0.030261297,0.02098983,0.24971898,-0.22459802,15.012723,49.077140982203645
798,130.96604559641162,135.00623543644,0.029808605,0.02084308,0.24391234,-0.22518596,14.862916,49.077140982203645
799,132.36478007263915,135.98530840305085,0.024752516,0.023585655,0.22900212,-0.22235695,14.43457,49.077140982203645
800,132.78756710495404,138.69861205826854,0.027507218,0.022793755,0.21749456,-0.21564183,13.989031,49.077140982203645
801,133.38009744858655,142.8960625577633,0.024756247,0.026114943,0.21484433,-0.22222264,14.275104,49.077140982203645
802,134.44778893443163,145.4208774985858,0.026498612,0.025654167,0.21690631,-0.22393951,14.239989,49.077140982203645
803,135.56394276719672,144.12886237111394,0.026782786,0.02618925,0.17983785,-0.21724086,13.561259,49.077140982203645
804,136.8120160015531,141.41241189802557,0.028444314,0.021364482,0.18842967,-0.23222663,13.978417,49.077140982203645
805,138.29126733747552,140.7248009996964,0.029529404,0.02115275,0.19458142,-0.23240197,13.988805,49.077140982203645
806,139.15301138974215,141.23278258052358,0.032007392,0.021429773,0.19606633,-0.24109171,14.136078,49.077140982203645
807,138.45970899289472,139.75993428216142,0.031125639,0.02169716,0.16013521,-0.231782,13.167099,49.077140982203645
808,136.8822667335185,136.68348902786536,0.033935063,0.022154516,0.16664451,-0.23197074,12.789078,49.077140982203645
809,136.27281384084742,135.0589157119883,0.037500005,0.020152848,0.16759281,-0.23934065,12.953539,49.077140982203645
810,137.44792259493568,135.33223329170357,0.040331192,0.017835293,0.16631494,-0.24386819,13.179922,49.077140982203645
811,139.63329557013455,135.96231323198776,0.042307366,0.01683788,0.16125202,-0.24815445,13.259099,49.077140982203645
812,141.88921660999026,137.37115439052113,0.038162254,0.015416068,0.13873,-0.2493123,13.125222,49.077140982203645
813,143.671734381675,140.66250981936602,0.030320993,0.013631419,0.13563266,-0.2463869,13.031797,49.077140982203645
814,144.21588378867406,144.34224663174808,0.029078579,0.0135424975,0.13584161,-0.24965835,13.091123,49.077140982203645
815,143.98815985797182,146.3445540536952,-0.018791666,0.011239866,-0.008885933,-0.25315487,12.182578,49.077140982203645
816,145.8120080293315,147.46766596673103,-0.014895286,0.007576673,0.0731395,-0.2580207,12.47317,49.077140982203645
817,150.28100141366866,149.63402839032992,0.022226648,0.008069161,0.093474545,-0.252631,12.460411,49.077140982203645
818,154.03854483127688,152.70107535159124,0.032063358,0.006721969,0.07867129,-0.26148367,12.825166,49.077140982203645
819,156.06402525628178,155.2158129262474,-0.032828208,0.012431601,-0.09720614,-0.25513726,12.509946,49.077140982203645
820,158.82507027084088,156.92366623266065,-0.038223192,0.01234641,-0.108381644,-0.24752796,12.063472,49.077140982203645
821,162.8313900110302,158.7384458721671,-0.037689663,0.011586225,-0.10575131,-0.24644846,11.950581,49.077140982203645
822,165.98503052357466,160.9038610923911,-0.041020177,0.01247917,-0.11942843,-0.24448442,11.840014,49.077140982203645
823,167.14060304753446,162.9982268047117,-0.054245234,0.014293978,-0.14746296,-0.23036425,11.554838,49.077140982203645
824,167.16116903746055,164.97973904605306,-0.052308235,0.015155522,-0.13903096,-0.22065625,11.279306,49.077140982203645
825,166.97316514851525,166.9345244472364,-0.051362436,0.020970242,-0.14261518,-0.20067222,10.583781,49.077140982203645
826,166.38157170254848,168.69360553838402,-0.050549705,0.01942904,-0.14227505,-0.20118834,10.686676,49.077140982203645
828,163.96400907665975,169.88976025778848,0.092948474,0.06080988,0.39424816,-1.2975738,68.56198,49.077140982203645
829,157.42645622899474,170.1754153701262,0.090111695,0.070703484,0.37789017,-1.2575402,66.75248,49.077140982203645
830,148.09601234911042,169.49096302559036,0.08913869,0.07157094,0.41455832,-1.1926268,63.986137,49.077140982203645
831,143.13574554101578,168.31266697582012,0.092988744,0.051474676,0.41808423,-1.1726749,62.589104,49.077140982203645
832,147.32503174534955,167.92465219398576,0.06958015,0.04057868,0.39316136,-1.1339039,59.954216,49.077140982203645
833,156.2555087598764,168.6384249985772,0.07351213,0.043089002,0.40094525,-1.1386356,59.651184,49.077140982203645
834,161.59728207048613,168.34054235416096,0.07120592,0.041656,0.40661725,-1.1252486,58.963345,49.077140982203645
835,160.799273775835,166.28334614352877,0.07783633,0.044221666,0.4242576,-1.1366566,59.31016,49.077140982203645
836,158.65490670687402,165.68797259658407,0.081871375,0.031216426,0.44020736,-1.1289158,59.079853,49.077140982203645
837,159.44961999878637,168.76322750004064,0.08567277,0.027907986,0.45661384,-1.1384711,59.41041,49.077140982203645
838,161.97490175930403,173.0599114543449,0.09284199,0.033301108,0.46222475,-1.14581,59.99267,49.077140982203645
839,163.2413459672575,175.25072502827481,0.09525266,0.028579561,0.4553366,-1.1538755,60.28599,49.077140982203645
840,162.83847463045277,174.3889193203503,0.095805936,0.022117516,0.44682983,-1.1593665,60.525963,49.077140982203645
841,162.30707743528262,171.25238787964815,0.09867848,0.02075882,0.4435287,-1.1717278,60.866833,49.077140982203645
842,162.52046669507519,167.66219610582826,0.09827724,0.03781807,0.4408769,-1.193295,62.03413,49.077140982203645
843,163.05305665015166,165.4088446505487,0.10585857,0.028909441,0.44286427,-1.201578,62.54316,49.077140982203645
844,163.46560841138384,164.74491094987442,0.09493849,0.04231296,0.42946076,-1.2306912,64.02909,49.077140982203645
845,163.94850634652818,164.79461640822333,0.094673276,0.01758656,0.42807642,-1.207218,62.813877,49.077140982203645
846,164.56652718156906,164.9453767052998,0.095067516,0.0362265,0.4286418,-1.1955942,63.059406,49.077140982203645
847,164.90878417789784,165.05511254537774,0.10635713,0.035343193,0.45152122,-1.2064971,63.378696,49.077140982203645
848,164.783139253131,165.01396352591323,0.09771278,0.04557725,0.44090086,-1.2172681,63.90326,49.077140982203645
849,164.4565982579326,165.01228156337103,0.09216373,0.048789617,0.43733683,-1.2233579,63.872963,49.077140982203645
850,164.1441564205873,165.58002786744552,0.09205056,0.05199266,0.43593025,-1.2183613,63.785755,49.077140982203645
851,163.8725143832351,166.50823971874834,0.108560264,0.040879644,0.4554204,-1.2066535,63.336884,49.077140982203645
