frame,track_id,x1,y1,x2,y2,conf
126270,1,800.20386,350.5022,964.4474,526.6913,0.7272132
126270,2,49.638027,251.43631,112.439575,443.03177,0.6769279
126271,1,789.39056,349.06067,948.0975,519.2241,0.8100423
126272,1,775.4554,344.86633,932.7479,513.4801,0.7090598
126273,1,771.47345,343.64136,928.22723,511.67154,0.7028095
126273,10,0.29518244,259.1903,33.2737,440.4386,0.55861354
126273,13,972.3995,263.61,1043.1335,335.33917,0.32689312
126274,1,761.6183,340.69553,918.4401,508.3727,0.8256777
126275,1,743.91815,339.14056,901.96924,507.9375,0.8201937
126276,1,714.81055,338.85278,874.27246,507.87857,0.8506688
126276,4,1089.6443,290.0057,1132.6339,347.82617,0.6806723
126277,1,678.48895,337.85345,837.03784,503.6502,0.21133798
126278,9,1045.4124,279.17853,1096.8961,339.39612,0.5818119
126279,9,1040.4229,276.50092,1092.2349,337.78012,0.5727288
126280,9,1032.2382,268.83978,1083.3108,329.95123,0.66303825
126281,9,1021.2921,263.0219,1073.5087,326.27505,0.73439044
126281,1,638.02313,324.0687,782.5729,477.1914,0.7876902
126282,9,1010.5667,265.0576,1060.7836,326.41577,0.6765673
126282,1,626.6573,324.91742,769.96155,477.59595,0.786096
126283,9,1002.5925,264.7133,1053.8282,327.76584,0.7341993
126283,1,612.49615,324.2327,757.02875,477.81653,0.85681134
126284,9,999.0042,260.9024,1051.3997,325.79956,0.7231297
126284,1,598.47,321.19144,745.83734,476.08463,0.8569836
126284,42,859.7311,258.4964,903.6,319.61716,0.48788235
126285,9,997.99554,259.5607,1050.6039,325.12408,0.72284806
126285,1,593.3367,320.12894,742.6256,475.5148,0.8558579
126285,42,859.5191,258.00803,903.29785,318.9569,0.4669491
126285,45,389.81012,295.2014,451.6697,372.5878,0.5637383
126286,9,997.6714,259.3978,1050.0942,325.2547,0.62964976
126286,13,941.2227,265.61017,992.7221,323.34158,0.45919535
126286,1,586.4573,319.31607,734.76843,471.49826,0.8668637
126286,42,855.9033,256.5053,901.0358,319.21713,0.53368336
126286,45,372.69687,291.2247,442.39487,378.11118,0.23143707
126287,9,1000.79944,258.0721,1052.9885,324.29437,0.6125995
126287,13,942.8341,264.86163,994.2375,322.66998,0.47220773
126287,1,579.6206,316.184,726.7953,466.13965,0.8047548
126287,42,856.7858,255.59636,902.31964,318.74863,0.5547052
126288,13,950.5955,260.56082,1002.46875,318.8887,0.4615007
126288,1,575.5142,310.52722,723.3825,460.93887,0.7201113
126289,1,572.248,308.7683,719.0945,458.40872,0.71719384
126289,56,89.6232,212.91783,137.23735,274.27274,0.40030926
126289,59,870.8488,250.78206,922.99384,314.25836,0.47399178
126291,65,303.50192,164.14864,608.22253,572.8633,0.910842
126291,66,994.72723,34.779068,1109.217,141.81938,0.8102062
126291,67,1237.6185,4.0957856,1279.6583,134.6614,0.5131661
126291,68,1027.5339,34.68941,1108.2311,140.13644,0.3584638
126292,65,294.4834,166.99597,596.97174,572.4713,0.92066616
126292,66,986.32214,35.285053,1098.9265,140.46222,0.8195675
126292,67,1231.2147,3.0894272,1273.5193,133.50012,0.45675278
126292,68,1020.9191,35.46589,1100.1405,138.93655,0.3717954
126293,65,282.09058,171.3964,583.3013,574.41986,0.93046033
126293,66,973.01654,35.23856,1083.4078,138.10359,0.74697775
126293,68,1008.1014,35.44789,1086.3391,137.57416,0.3564227
126294,65,267.50705,174.92014,568.553,576.261,0.93460387
126294,66,956.46405,36.860573,1065.282,137.9714,0.81163144
126294,68,990.1848,37.28796,1067.2361,137.61847,0.450341
126295,65,250.8642,176.57774,553.29834,576.9246,0.93570143
126295,66,936.34607,40.988518,1042.6083,139.24022,0.77354896
126295,68,968.9623,40.70924,1044.6937,139.0088,0.31669557
126296,65,235.90979,175.87178,542.4359,577.4012,0.931603
126296,66,913.77814,44.828415,1017.97736,140.352,0.7679386
126296,68,948.00336,44.95073,1021.87146,140.39166,0.16546725
126297,65,230.01274,175.56364,540.27203,577.5089,0.9327951
126297,66,906.46655,46.050854,1010.6896,140.73921,0.7678062
126297,68,941.4071,46.3259,1014.9299,140.86339,0.16210693
126298,65,217.07324,175.0479,534.08057,579.04614,0.9331498
126298,66,884.42706,49.150112,987.7711,142.11195,0.72587365
126298,68,917.9516,49.647846,990.0826,141.32281,0.33468565
126299,65,201.86946,171.38379,529.5704,580.8471,0.94225067
126299,66,854.75085,51.865944,957.7216,143.64748,0.7613235
126299,68,888.142,52.440693,959.90753,142.6286,0.13618489
126300,65,186.44014,164.77335,528.34375,583.58093,0.9396055
126300,66,823.28937,55.0842,924.2746,144.03827,0.75297093
126300,68,855.87195,55.036606,926.82184,143.00406,0.16561432
126300,76,1039.9633,2.0693054,1179.0632,139.32756,0.6490204
126301,65,179.91269,160.29852,530.17804,580.8359,0.9300481
126301,66,791.2081,57.572124,891.4297,144.68825,0.7371754
126301,76,1005.8772,1.8869241,1145.7712,139.82289,0.62963885
126302,65,183.90416,154.89984,539.9843,575.1469,0.92322564
126302,66,761.89484,59.718548,859.7139,143.55539,0.72239214
126302,76,977.479,2.3476532,1115.1898,138.44408,0.6004798
126303,65,183.98502,152.88943,545.7256,573.0257,0.9229027
126303,66,751.99994,60.379723,849.8251,143.12303,0.7231028
126303,76,969.8047,2.501993,1106.5173,138.00241,0.60146815
126303,78,1196.3912,3.317517,1279.5372,134.32652,0.35128564
126304,65,202.4111,147.23459,569.1422,570.74524,0.9239423
126304,66,732.7776,61.59598,830.27954,142.83553,0.7083112
126304,76,946.89435,2.3238504,1082.6757,137.28813,0.6414305
126304,78,1188.8276,2.6326582,1271.9811,133.03578,0.108878225
126305,65,228.95607,143.35635,595.7002,566.6861,0.9031495
126305,66,712.1643,63.68097,807.2868,141.21004,0.6375472
126305,76,916.85333,1.9034654,1051.8158,135.78242,0.6944693
126305,78,1166.4791,2.1880226,1251.1652,131.9168,0.3818749
126305,79,1002.0329,145.00876,1227.0911,499.96747,0.5800653
126306,65,263.64386,139.87726,627.38745,563.1974,0.90776175
126306,66,696.3083,65.57513,786.833,137.45718,0.63079375
126306,76,891.75275,1.7920702,1025.0503,133.40355,0.661805
126306,78,1150.8733,2.2728775,1236.072,129.38113,0.5889825
126306,68,730.28864,65.14024,789.896,135.72864,0.35526162
126307,65,305.61755,131.82254,663.66156,554.2611,0.89348745
126307,66,682.36847,68.08457,769.57495,135.18001,0.62889284
126307,76,873.28455,1.9096738,1003.5498,130.02116,0.68491405
126307,78,1140.6742,2.274919,1227.6509,126.39743,0.5103701
126307,68,714.2677,67.652855,772.9822,134.02736,0.4026967
126308,65,350.90253,127.09479,701.74445,550.6092,0.8728107
126308,76,856.384,1.69951,984.4055,126.60473,0.6889347
126308,78,1128.306,1.8269252,1217.5571,122.70508,0.42833558
126308,68,701.3124,70.04381,757.75653,130.06622,0.5286752
126309,65,369.84412,125.436966,713.5468,549.33527,0.8735187
126309,76,850.99066,1.6267377,978.8953,125.44648,0.6884536
126309,78,1123.1333,1.6806667,1216.445,121.53642,0.42060414
126309,68,697.30164,70.76541,754.63055,128.74678,0.53142047
126309,85,698.1737,142.61891,1051.3541,484.63406,0.68584436
126310,65,410.64737,122.6921,742.281,544.4856,0.8393192
126310,76,845.42773,1.8697003,970.33673,121.92597,0.68051547
126310,78,1115.956,2.1516478,1211.8846,117.68805,0.563877
126310,85,647.3569,141.93729,1026.9178,510.47644,0.6353244
126311,65,456.9914,115.200294,769.6852,525.77124,0.69687474
126311,76,836.4905,1.6085331,958.11646,116.82525,0.69299626
126311,78,1103.0813,1.996003,1201.662,113.66028,0.54101485
126311,85,639.5204,140.91293,979.7485,472.63608,0.5963302
126312,65,524.8228,118.09367,852.45544,547.2321,0.8102165
126312,76,830.14154,1.799564,948.85016,112.51916,0.6790661
126312,78,1091.701,1.8673627,1192.082,108.577354,0.48783582
126313,65,543.9077,117.01811,868.9309,548.4961,0.8550409
126313,76,824.504,2.196406,940.0249,108.13002,0.6063646
126313,78,1080.2289,2.0334117,1181.5142,103.14835,0.4290059
126314,65,530.0177,118.09593,853.6644,546.3945,0.909539
126314,76,820.34375,1.731529,933.7882,103.90639,0.6681383
126314,78,1069.1051,1.7717005,1172.7224,99.22653,0.50937676
126315,65,523.49725,118.61735,847.1007,545.6342,0.90954566
126315,76,818.8428,1.5658818,932.8197,102.54575,0.66852766
126315,78,1063.869,1.691344,1171.9237,98.02126,0.5091056
126316,65,516.0203,121.71017,842.2921,541.032,0.8764835
126316,76,816.52094,1.2236496,930.37286,100.51136,0.7300624
126316,78,1058.6876,2.2676234,1168.8295,95.53546,0.5067763
126317,65,510.60406,125.22723,844.1857,536.72125,0.7209753
126317,76,815.87286,0.9866814,928.76086,97.85224,0.70568377
126317,78,1052.0708,3.082669,1164.1471,93.888626,0.42030597
126318,65,599.30334,135.26349,917.79596,535.2477,0.83645105
126318,76,816.0854,1.0168806,927.94324,95.46112,0.68064815
126318,78,1046.4006,2.4975588,1161.3713,92.11374,0.40429154
126318,85,391.12256,124.74855,730.7427,458.7374,0.8529818
126319,65,638.31476,141.86438,948.724,536.028,0.71746546
126319,76,815.7916,1.0793827,927.834,94.28676,0.71213424
126319,78,1039.909,2.2967188,1158.3877,91.686584,0.562265
126319,85,375.53152,122.610054,711.44403,454.54855,0.80449355
126320,65,661.49396,150.45085,962.80585,533.7313,0.84999526
126320,76,815.59155,1.0461768,928.76843,93.98229,0.73455465
126320,78,1034.9552,2.4082415,1155.9407,91.226265,0.564749
126320,85,370.50934,121.398155,703.0937,449.83768,0.8525661
126321,65,669.20483,153.58406,966.988,532.97205,0.8498434
126321,76,815.29956,1.0365773,929.7955,93.961685,0.7345982
126321,78,1032.4706,2.4488823,1156.2949,91.15228,0.5647307
126321,85,369.76355,121.05722,701.21783,448.18997,0.8525261
126322,65,676.5994,158.75545,971.9356,533.89624,0.90383255
126322,76,816.8013,0.8522876,932.4399,93.726845,0.74032557
126322,78,1029.2749,2.1898422,1156.1359,91.3588,0.71369165
126322,85,364.15103,120.364174,693.76483,446.90475,0.8820901
126323,65,683.23883,164.24869,975.8585,532.4389,0.90800697
126323,76,819.57947,0.9986987,936.06116,93.79031,0.73092693
126323,78,1026.8562,2.0589635,1156.1207,91.62757,0.6842381
126323,85,366.71255,119.87275,692.2726,446.38208,0.88737476
126324,65,685.3783,168.20389,979.73926,534.1048,0.9035431
126324,76,825.4003,1.2577946,941.4889,93.05554,0.7158694
126324,78,1025.4368,2.0328987,1156.0663,91.54085,0.6574902
126324,85,365.25638,120.19182,686.5402,446.64478,0.8979309
126325,65,685.26434,168.1341,982.5031,531.8135,0.9076645
126325,76,831.75867,1.3112739,948.4118,92.99841,0.73978716
126325,78,1025.4015,2.0315826,1156.7561,91.35983,0.6662542
126325,85,364.08163,121.30448,680.45374,446.78177,0.9102138
126326,65,681.44196,163.4379,987.1025,530.586,0.8951943
126326,76,840.4884,1.4952967,956.8126,92.30747,0.7032159
126326,78,1027.351,1.9843366,1158.9872,91.04093,0.6231301
126326,85,368.914,122.35041,682.02515,449.48373,0.72866875
126327,65,678.01935,161.621,989.9226,530.16876,0.895167
126327,76,843.5329,1.563211,960.2114,92.09787,0.7033374
126327,78,1028.0,1.9682486,1160.1614,90.96296,0.62409854
126327,85,372.59024,122.79027,681.8774,450.55753,0.72850055
126328,65,676.8771,158.57983,994.66547,528.3928,0.7334105
126328,76,851.91705,1.0890453,969.0094,91.78034,0.6881427
126328,78,1033.2496,1.7498281,1164.5487,89.64286,0.5891829
126328,85,387.56384,124.3239,687.7965,448.12424,0.768479
126329,65,670.60065,151.93732,999.16016,528.55927,0.84431136
126329,76,862.5473,1.3210257,978.1077,90.42571,0.74674636
126329,78,1039.7476,2.0818276,1169.7671,88.698364,0.37414753
126329,85,401.347,126.80926,692.828,446.66846,0.77739483
126330,65,662.73627,144.54445,997.6447,523.41376,0.71165675
126330,76,875.4129,1.5736587,988.4732,87.96519,0.71976304
126330,78,1048.2682,2.2344055,1176.8728,87.38513,0.37592
126330,85,413.7089,128.7028,694.2759,442.11774,0.6272614
126331,65,587.1561,135.95598,944.16675,517.01904,0.889289
126331,76,889.1449,1.3557973,1000.72,86.09114,0.7638391
126331,78,1061.3455,2.1232955,1191.1632,86.29931,0.46570012
126331,85,417.70267,129.1045,688.1052,438.72806,0.20502445
126332,65,551.1226,130.72592,919.6977,507.56723,0.89760923
126332,76,903.0157,1.8106906,1012.5765,84.39264,0.6619647
126332,78,1071.7444,2.3580241,1201.995,85.100334,0.34184918
126333,65,533.3216,128.7611,914.46893,504.1443,0.89839643
126333,76,907.07306,1.8183429,1016.7729,84.02044,0.66381997
126333,78,1074.8203,2.4685912,1206.6707,84.70321,0.32835957
126334,65,514.3138,126.48341,904.0681,504.07755,0.9185556
126334,76,917.1054,1.4929963,1026.9689,83.391205,0.6389069
126334,78,1079.7865,1.901488,1212.4923,83.6686,0.48822445
126335,65,497.27597,121.77642,893.3493,505.90338,0.9058815
126335,76,926.4244,1.4524264,1036.9447,83.47021,0.73107255
126335,78,1086.97,2.024827,1219.9971,83.14942,0.48515514
126336,65,486.62857,115.33864,870.693,492.94937,0.89377826
126336,76,935.9322,1.5169417,1046.5111,83.33742,0.5790012
126336,78,1094.2479,2.0694425,1226.901,82.155266,0.32875785
126337,65,483.07275,112.97725,858.95215,490.80524,0.86231405
126337,76,943.3298,1.7104238,1054.2263,83.508286,0.56824094
126337,78,1100.5309,2.7327466,1233.2631,82.31569,0.2217441
126338,65,498.082,111.95041,871.87317,495.77155,0.5265778
126338,76,953.38586,2.2915633,1063.5182,84.09376,0.61251575
126338,78,1104.6615,2.6665545,1238.5059,82.73731,0.23823313
126339,65,506.52518,112.35661,874.1874,497.25864,0.47301129
126339,76,957.3978,2.49685,1066.8612,84.36823,0.6183266
126339,78,1104.9294,2.589611,1239.332,82.96335,0.22943984
126339,92,710.0322,108.23026,844.4618,419.66644,0.5571102
126339,93,547.1687,121.91245,759.5849,503.0527,0.40484437
126340,76,957.0446,2.5940182,1067.7205,85.6059,0.65623677
126340,78,1106.1816,2.4748185,1242.6166,84.28589,0.34764257
126340,92,687.4502,105.92525,826.32324,423.64566,0.5917056
126340,93,523.8123,125.487366,731.18085,498.73236,0.8395675
126341,76,955.2374,1.6013736,1068.5876,87.08819,0.6858701
126341,78,1102.1925,2.438318,1240.185,86.31997,0.40290308
126341,92,687.1503,106.424446,829.5145,424.79538,0.8695901
126341,93,499.71866,127.64055,705.2992,499.0911,0.87906325
126341,94,0.0,3.1913667,238.45671,83.305466,0.35009235
126342,76,951.8177,0.9789416,1068.3699,89.69869,0.7258834
126342,78,1100.9161,1.7791053,1241.7524,88.48077,0.59015125
126342,92,703.47253,107.993355,849.1754,426.37637,0.8964356
126342,93,470.682,129.22055,682.93787,513.9846,0.90041554
126342,94,0.0,3.7989304,244.49127,85.61526,0.2856125
126343,76,949.2461,1.5164754,1066.1996,91.54086,0.75947434
126343,78,1098.5513,1.4356779,1241.22,90.43722,0.671845
126343,92,726.0153,110.445595,873.4681,426.1854,0.89557046
126343,93,445.11377,131.42908,658.16034,518.3861,0.8714553
126343,94,0.0,3.4674296,249.46689,87.50754,0.26319712
126344,76,945.1499,1.9760752,1062.7008,93.59098,0.6987794
126344,78,1094.3607,1.5207031,1237.0358,91.749466,0.3952119
126344,92,745.853,113.21541,895.8054,428.17535,0.89361084
126344,93,421.55466,137.52376,631.7329,518.45416,0.88267905
126344,94,0.0,3.3620918,258.6833,92.61395,0.33472705
126345,76,943.85815,2.1533601,1060.8325,94.362175,0.69860613
126345,78,1093.1847,1.5561814,1234.8083,92.24887,0.39694175
126345,92,751.4774,114.15007,904.3348,428.82266,0.89358664
126345,93,414.12317,139.60869,623.52216,518.26715,0.88274676
126345,94,0.0,3.3245547,261.34213,94.31272,0.3449972
126346,76,938.7477,1.395232,1056.1576,94.95562,0.727969
126346,78,1089.5887,1.6680919,1231.797,94.00951,0.42187268
126346,92,776.12744,119.26583,927.92114,429.00833,0.8813953
126346,93,397.47427,145.23492,606.0915,520.45776,0.90487534
126346,94,0.0,3.2457612,261.241,92.56735,0.11572009
126347,76,934.8498,0.99500734,1052.3094,95.8077,0.7536378
126347,78,1086.9795,2.173106,1226.8298,94.07534,0.12878788
126347,92,798.0313,124.661446,950.0632,433.5329,0.8943239
126347,93,383.3396,154.05142,590.3035,522.85046,0.9055295
126347,94,0.0,3.2386603,264.04736,92.1015,0.3333611
126348,76,931.0187,0.32130012,1049.6516,97.51237,0.7188218
126348,78,1082.4673,2.415481,1223.8447,96.32788,0.26504767
126348,92,812.4438,129.92267,964.73456,438.22766,0.8911051
126348,93,367.79547,163.5058,573.5248,524.84094,0.91025776
126348,94,0.0,3.096345,273.00418,97.66728,0.39134565
126349,76,927.7397,0.7192901,1046.1514,99.13854,0.68991697
126349,78,1079.1934,2.5471375,1222.2544,98.3131,0.2938448
126349,92,824.9436,137.17223,975.4581,439.99396,0.8867089
126349,93,355.05908,174.94217,559.0958,527.16205,0.91901356
126349,94,0.0,3.2359622,278.94662,101.72875,0.37340233
126350,76,924.41724,1.1215781,1041.9525,100.391594,0.68989867
126350,78,1074.7089,2.3948152,1217.9408,99.20413,0.4992557
126350,92,835.7475,144.47002,986.1038,444.12796,0.8967209
126350,93,344.41858,184.88164,547.4787,528.4552,0.9210325
126350,94,0.0,3.3332045,283.7107,103.72826,0.29493195
126350,98,3.3003736,0.33590087,83.86457,106.548546,0.3494275
126351,76,923.7494,1.6078411,1039.5566,100.871216,0.68759537
126351,78,1073.313,2.3217978,1215.9032,99.55727,0.53420013
126351,92,838.8053,147.01886,989.8801,445.42612,0.8980961
126351,93,340.15918,188.35551,545.3846,529.01733,0.9211883
126351,94,0.0,3.3686216,285.7892,105.368866,0.22215039
126351,98,3.914586,0.23409353,85.13302,107.12628,0.35872135
126352,76,921.1202,1.7015433,1035.7443,101.515594,0.7499739
126352,78,1068.6726,1.5648195,1211.9084,100.40563,0.6141372
126352,92,844.5853,152.72015,994.671,445.33206,0.8733466
126352,93,335.18533,192.75291,540.9678,527.3966,0.91624725
126352,94,0.0,3.4342048,285.6894,104.92756,0.2842606
126352,98,5.2360826,3.0115182,85.06582,107.66059,0.35680836
126353,76,916.67236,1.3382872,1031.1208,102.361336,0.77135426
126353,78,1062.7036,2.1070044,1204.3922,101.20739,0.5602308
126353,92,851.51666,159.68373,1000.42535,445.2696,0.87877744
126353,93,332.239,199.41014,537.94904,526.5231,0.9208528
126353,94,0.0,3.4018176,287.0442,105.21011,0.45369872
126353,98,6.6605706,3.9313323,86.96384,108.52167,0.43852344
126354,76,912.9542,1.360028,1026.5718,103.0824,0.7749658
126354,78,1057.5049,2.1638606,1197.737,101.69295,0.6070099
126354,92,854.62054,164.99289,1002.85486,444.01492,0.87690806
126354,93,330.90237,205.72449,537.14075,525.67035,0.9257446
126354,94,0.0,3.572637,289.30673,106.19823,0.4613225
126354,98,9.767983,4.780516,91.62037,110.104195,0.5000076
126355,76,910.51917,1.1814144,1022.9903,103.43401,0.739484
126355,78,1052.8434,2.725141,1190.8883,102.06593,0.45008546
126355,92,853.17523,170.26599,1001.58966,442.7502,0.8958723
126355,93,332.39432,209.21252,540.84674,523.8084,0.9323507
126355,94,0.0,3.8681242,291.34326,106.739624,0.30281514
126355,98,12.2270775,5.9281454,95.83171,111.70111,0.4018611
126356,76,908.02264,1.000913,1018.59985,103.19086,0.7082579
126356,78,1049.5012,2.7333598,1186.1117,102.36415,0.65886164
126356,92,846.13983,173.68892,996.797,440.90936,0.8890908
126356,93,335.82806,208.20538,550.2078,523.092,0.9174451
126356,94,0.0,3.8624372,294.99603,107.977745,0.2122916
126356,98,14.848599,6.8970413,100.2377,112.523674,0.5423442
126357,76,907.6142,0.93301916,1016.48334,103.06974,0.7082579
126357,78,1048.8237,2.7343066,1183.8885,102.45151,0.65886164
126357,92,841.8291,174.74983,996.1506,440.2013,0.8890908
126357,93,335.72552,207.6485,555.5647,522.8115,0.9174451
126357,94,0.0,3.8584585,296.0613,108.3997,0.2122916
126357,98,15.069018,7.2010083,102.376236,112.77719,0.5423442
126358,76,904.7818,1.4233313,1011.876,102.94527,0.750636
126358,78,1045.283,2.5881605,1178.738,102.323685,0.6982364
126358,92,832.3935,177.36563,990.4992,440.13177,0.9049153
126358,93,340.59375,204.17804,568.32306,521.61597,0.9107787
126358,94,0.0,3.5222569,297.99673,108.56933,0.3170912
126358,98,16.083357,6.208859,106.33592,112.59041,0.36021855
126359,76,903.28394,1.8572832,1008.6388,103.00906,0.71557397
126359,78,1042.1088,2.7463803,1173.3523,101.86604,0.6310254
126359,92,818.07404,178.73154,982.3323,441.80356,0.89706784
126359,93,346.67303,198.7727,585.6918,522.6534,0.9167552
126359,94,0.0,3.3391204,301.20862,109.66573,0.5511996
126359,98,16.014187,5.222723,110.292465,113.51909,0.23493418
126360,76,900.94226,2.023275,1005.5934,103.79776,0.7610102
126360,78,1038.6964,2.5491614,1168.8655,101.96683,0.72938204
126360,92,799.65265,179.56537,970.9207,442.1887,0.8675322
126360,93,358.58453,194.9005,607.7341,522.6159,0.918181
126360,94,1.6903577,3.3015506,303.14087,109.07017,0.3396859
126360,98,18.973396,5.5962763,116.2502,113.651985,0.32177866
126361,76,897.4168,2.0087235,1002.0172,105.05237,0.8221023
126361,78,1034.684,2.0573628,1164.8208,102.81174,0.7234416
126361,92,779.60315,178.56108,959.73615,443.2619,0.81758386
126361,93,375.22836,190.45108,633.1541,519.0787,0.8642986
126361,94,4.8904653,3.3897321,304.8975,108.30526,0.23652615
126361,98,20.08706,6.2305117,119.58307,112.844765,0.20790695
126362,76,895.4689,2.3183196,998.7559,105.61373,0.78610307
126362,78,1029.7224,1.9240603,1159.6073,103.696686,0.69573104
126362,92,756.2945,174.72523,949.8694,447.5203,0.57573754
126362,93,397.53836,184.67195,660.8093,509.82068,0.338847
126362,94,6.444463,3.599366,309.15335,109.30735,0.27456123
126362,98,21.296623,7.930491,123.3524,113.37768,0.18834053
126362,65,479.31964,170.53346,870.3967,506.20654,0.66937274
126363,76,895.2336,2.414342,997.19,105.806564,0.78597933
126363,78,1028.3723,1.8739722,1157.3081,104.0182,0.6951032
126363,92,745.4421,173.19423,948.50006,449.07758,0.5761212
126363,93,403.72134,182.44656,673.2752,506.3311,0.33950529
126363,94,6.7667165,3.6763892,310.71985,109.69049,0.2827689
126363,98,20.616793,8.54161,125.70554,113.58906,0.18914111
126363,65,458.07236,171.70325,892.1315,506.58698,0.66893137
126364,76,893.11584,3.0763507,993.9631,106.57734,0.7604255
126364,78,1024.2799,1.8034415,1153.4957,105.64413,0.641588
126364,92,732.4775,175.61902,939.9163,449.04523,0.24738197
126364,93,432.9058,179.74623,703.6197,496.28442,0.14856017
126364,94,5.392246,3.6781945,312.52573,110.66144,0.5551539
126364,98,17.818674,11.451484,123.68463,114.2486,0.13076386
126364,65,461.58755,175.75795,905.7634,498.89328,0.7678902
126365,76,889.21155,2.5863163,990.9367,108.39658,0.7411065
126365,78,1019.5549,1.2861502,1149.1567,107.236275,0.70085686
126365,94,5.8139253,3.724085,314.90283,111.14191,0.60521704
126365,98,17.353714,14.219225,124.09605,114.69668,0.11816595
126365,65,479.24786,177.06323,908.74176,481.90268,0.8430694
126365,101,3.1605077,56.692776,89.53572,118.016815,0.38821158
126366,76,886.9999,2.745715,988.7002,110.02182,0.7479523
126366,78,1015.11615,1.0350999,1144.3219,108.574875,0.76268816
126366,94,5.309435,3.7711568,320.27396,113.30054,0.655191
126366,98,18.011368,13.0887785,131.4859,116.68241,0.11441114
126366,65,485.82544,170.83842,921.6165,485.88882,0.8917362
126367,76,883.64764,3.3029358,984.09717,110.67421,0.7706092
126367,78,1010.5118,1.8523601,1138.4569,110.14443,0.7312318
126367,94,2.9958127,4.144637,322.56653,115.29914,0.6109533
126367,98,13.631706,13.918886,130.70786,118.8773,0.11359639
126367,65,497.2744,171.32962,928.63055,497.56784,0.7848583
126368,76,880.26276,3.6830227,980.6294,112.50294,0.7938642
126368,78,1006.7201,2.464121,1133.0906,111.40916,0.7631951
126368,94,2.792465,4.358397,324.5671,116.2194,0.5525777
126368,65,501.19455,173.86841,916.3613,505.77203,0.8349816
126369,76,879.4532,3.821746,978.9997,113.16961,0.7940251
126369,78,1006.054,2.693778,1130.5544,111.85792,0.7656133
126369,94,2.7057657,4.396161,325.2091,116.449295,0.53891367
126369,65,507.93408,174.79068,906.0977,508.99533,0.83519685
126370,76,877.535,3.967898,976.87604,114.56267,0.7791713
126370,78,1002.79266,3.1142561,1126.3665,113.23606,0.78488845
126370,94,1.926291,4.4560194,328.89737,118.21166,0.56087154
126370,65,512.8792,178.4635,898.39795,511.26666,0.838543
126371,76,875.23834,3.563538,974.76575,116.014496,0.75794613
126371,78,999.99493,4.0647154,1121.9044,114.54464,0.76405627
126371,94,1.2756379,3.8256948,331.66434,118.89655,0.37830105
126371,92,676.72723,180.63461,915.1771,510.7485,0.7301028
126371,93,511.8871,181.27486,726.50446,437.3234,0.7279366
126372,76,872.3318,2.9946673,971.6958,117.1112,0.72940826
126372,78,997.29645,5.4535756,1116.7262,115.2916,0.7758519
126372,94,15.250745,4.017379,346.30603,120.91716,0.41472697
126372,92,695.9711,184.65523,925.5913,513.9231,0.6946839
126372,93,493.72992,182.3729,696.317,430.67908,0.84993684
126373,76,870.2909,3.062462,968.64606,117.89373,0.7620421
126373,78,994.527,6.6482778,1111.8074,116.010826,0.7552849
126373,94,23.951323,4.1206183,353.06003,121.85424,0.37263808
126373,92,719.75366,186.50595,947.9241,521.4669,0.859647
126373,93,469.58737,184.49855,659.05756,424.01172,0.8168917
126374,76,869.00903,3.19961,966.06604,118.37969,0.7625517
126374,78,991.94226,7.7612386,1106.9082,116.461136,0.6595521
126374,94,34.024437,4.1411657,357.62625,121.41384,0.38780284
126374,92,744.8909,190.64246,967.8297,521.97296,0.8816858
126374,93,443.46683,186.03012,626.26215,424.36118,0.8077607
126375,76,869.0455,3.2399156,964.74603,118.5302,0.76303566
126375,78,991.51953,8.171452,1104.7361,116.59028,0.6556355
126375,94,37.614857,4.11964,357.07053,121.14545,0.36132526
126375,92,755.4536,192.19986,975.0459,522.05426,0.88236
126375,93,435.58984,186.57994,613.4582,424.85376,0.808152
126376,76,867.34985,2.9822855,962.5668,119.26816,0.80258906
126376,78,989.92706,9.436344,1101.192,117.187805,0.6734809
126376,94,46.64603,4.2557693,360.13376,120.55981,0.33355707
126376,92,774.37744,196.59435,990.2353,522.4333,0.90285003
126376,93,416.7922,188.89938,593.08594,430.67825,0.82915175
126377,76,864.77026,2.1917613,959.71277,119.696014,0.8135571
126377,78,988.53625,11.706347,1096.6781,117.48397,0.7141517
126377,94,28.476501,3.7106228,345.00543,120.12987,0.33782908
126377,92,793.84973,203.28261,1006.0211,523.7372,0.8798172
126377,93,391.05484,192.3383,566.5273,436.11758,0.87151617
126378,76,863.10693,1.9161736,957.0605,119.828064,0.83716154
126378,78,986.5415,13.180954,1092.4435,117.707405,0.70967764
126378,94,49.268642,3.9948254,362.51715,120.90425,0.3250701
126378,92,811.0753,210.12878,1021.19806,525.9274,0.89619327
126378,93,364.62167,197.09657,539.9077,442.1618,0.8991479
126378,101,0.0,30.701052,95.29316,127.30237,0.5275123
126379,76,861.3864,1.398797,954.67523,120.11125,0.8464412
126379,78,984.4558,15.074634,1087.8665,117.96751,0.71387863
126379,94,35.42722,3.5602264,349.5406,119.756676,0.45296928
126379,92,827.9058,218.9073,1034.3678,527.0526,0.90035814
126379,93,342.34564,199.92342,514.9962,441.23035,0.87076557
126380,76,860.2481,0.9203018,952.59064,120.23018,0.826622
126380,78,981.7558,15.992132,1083.4755,117.99718,0.62255245
126380,94,33.015175,3.4168968,349.38638,119.793495,0.4569993
126380,92,840.62885,226.89792,1044.4708,527.4178,0.8911287
126380,93,321.5525,203.78615,492.61285,441.5141,0.8454656
126381,76,860.2771,0.7402579,951.4933,120.251366,0.82620233
126381,78,981.0703,16.292675,1081.7603,117.9903,0.62071323
126381,94,31.53447,3.3708553,349.52975,119.728226,0.44250122
126381,92,844.4661,229.76894,1048.5465,527.4041,0.8915041
126381,93,314.15195,205.1451,485.17642,441.6329,0.8453442
126381,106,0.099975854,32.738403,61.011055,114.787674,0.34806073
126382,76,859.3216,0.7005822,949.441,120.24401,0.82238895
126382,78,980.54083,16.850739,1079.7949,117.825806,0.68128026
126382,94,28.131084,3.6574373,351.12875,121.24431,0.5346286
126382,92,849.8726,235.57246,1052.7972,527.5529,0.8917531
126382,93,302.7714,209.36313,472.55945,441.5947,0.8432106
126382,106,6.1983275,34.543232,69.911,119.93947,0.19248746
126383,76,857.9328,0.70297337,947.1231,120.063576,0.84254074
126383,78,979.395,17.755192,1077.403,117.95992,0.7532871
126383,94,33.982697,3.3431432,359.75906,122.10076,0.5180861
126383,92,854.9293,239.83772,1056.4547,524.8825,0.8869661
126383,93,288.6383,211.7972,460.22702,443.78128,0.90591216
126384,76,856.60394,0.5874072,944.8855,119.79144,0.8402166
126384,78,978.0641,18.180264,1074.7905,117.61754,0.763865
126384,94,40.748436,3.213535,366.79343,122.21335,0.36785376
126384,92,856.78235,243.3534,1059.9191,526.09283,0.89380455
126384,93,275.26266,213.74982,447.5567,443.51584,0.89235795
126385,76,856.0793,0.5188477,943.28625,119.2512,0.8389403
126385,78,976.74884,18.620342,1071.9961,117.10557,0.73995316
126385,94,44.983192,3.4752173,372.21527,123.15311,0.5983796
126385,92,852.5361,246.52731,1058.1915,526.8233,0.8912948
126385,93,265.21515,214.82379,439.36267,442.90228,0.89777774
126385,106,0.0,9.175754,85.60542,127.738686,0.61328846
126386,76,856.2784,0.49403405,942.5187,118.815735,0.83197767
126386,78,975.90674,19.249842,1069.6074,116.73991,0.7221566
126386,94,53.14094,3.5493567,376.98038,122.202614,0.46140718
126386,92,843.1932,247.68367,1052.3035,524.88043,0.90658283
126386,93,258.52997,213.88776,435.5984,441.86227,0.8796796
126386,106,0.0,5.0926943,88.40306,128.24574,0.62201875
126387,76,856.6017,0.48963025,942.11774,118.64204,0.83197767
126387,78,975.8377,19.454086,1068.6774,116.59637,0.7221566
126387,94,56.331604,3.578539,378.51385,121.8199,0.46140718
126387,92,838.0067,247.95352,1051.4556,524.09406,0.90658283
126387,93,255.7008,213.46973,435.50067,441.4844,0.8796796
126387,106,0.0,3.695987,89.16717,128.30756,0.62201875
126388,76,857.7161,0.50760597,942.16156,118.03893,0.82432485
126388,78,977.6298,19.743692,1068.5532,115.6749,0.6753367
126388,94,61.63818,3.7986248,382.5483,121.63043,0.42241263
126388,92,833.71643,246.30153,1052.1229,523.2007,0.9059721
126388,93,253.47643,212.40276,436.53415,440.87106,0.88390607
126388,106,0.0,3.220243,89.783134,127.2628,0.60777265
126389,76,859.2291,0.5833559,942.49176,117.40446,0.8301085
126389,78,977.8043,19.786375,1067.4359,114.90855,0.701747
126389,94,70.16474,3.9446592,388.77838,121.21464,0.5264633
126389,92,824.4243,242.16563,1050.2003,522.8206,0.9115711
126389,93,251.78702,209.65805,441.4731,442.91565,0.87653774
126389,106,3.3484306,2.6568656,95.233795,126.12896,0.6485987
126390,76,861.62463,0.48777676,943.665,116.694115,0.8348915
126390,78,977.3285,19.134071,1067.2202,115.034904,0.6802403
126390,94,79.21644,3.9214935,394.9879,120.51765,0.63396907
126390,92,810.4827,237.88948,1044.4484,522.2904,0.9074048
126390,93,254.22276,206.06442,449.48462,442.12024,0.87451583
126390,106,7.734489,2.7278073,101.17155,126.03089,0.8120909
126391,76,864.013,0.47541952,945.11664,116.31684,0.84913003
126391,78,977.9424,19.088343,1067.1736,114.853935,0.7107044
126391,94,89.32586,3.3924334,403.5516,119.8119,0.48811933
126391,92,792.9168,234.45717,1034.8427,521.6009,0.9142018
126391,93,260.57507,201.71338,460.4266,438.27448,0.8793689
126391,106,13.408472,4.4080644,107.98602,125.36671,0.78416324
126392,76,866.2479,0.6635051,946.0821,115.42093,0.86577606
126392,78,979.2973,19.611755,1067.0281,114.252304,0.7245945
126392,94,98.55461,3.4444685,409.74768,119.12035,0.45824805
126392,92,767.28394,228.50114,1015.88324,515.4549,0.91249883
126392,93,270.4543,198.25949,473.90143,433.60992,0.90235406
126392,106,20.469105,5.0173492,115.46477,124.63478,0.67676854
126393,76,867.23663,0.7369392,946.3288,115.089424,0.86578006
126393,78,979.9705,19.792833,1066.9205,114.03048,0.724595
126393,94,102.11785,3.4658844,411.6316,118.86176,0.45825934
126393,92,755.8305,226.21773,1010.5476,513.109,0.9124991
126393,93,273.18433,196.9651,480.40872,431.86804,0.9023575
126393,106,22.699396,5.354618,118.563614,124.325294,0.67675686
126394,76,870.12,1.1637185,948.05774,114.57246,0.8433425
126394,78,981.731,20.27607,1067.3021,113.04049,0.74967575
126394,94,111.999664,3.490786,418.92892,118.335365,0.25653914
126394,92,739.9594,222.80037,1000.44696,511.733,0.90415525
126394,93,282.64426,193.27882,494.93964,429.58997,0.9142215
126394,106,27.954695,5.019832,123.57063,122.89869,0.60829735
126395,76,872.9895,1.3117175,949.58203,113.139046,0.81773883
126395,78,983.2064,19.307404,1068.3169,111.56911,0.73656154
126395,94,121.940865,3.9242616,423.62076,117.0337,0.46245372
126395,92,716.1341,218.53282,975.2008,503.05844,0.898368
126395,93,298.49387,191.5464,511.99875,426.07236,0.88929105
126395,106,37.930748,5.3305783,133.92845,121.95306,0.61569995
126396,76,875.47217,1.5266359,950.7791,111.63424,0.8143927
126396,78,986.2018,19.198206,1070.0592,110.27115,0.6975768
126396,94,134.32486,3.2930505,430.0155,114.34981,0.25719503
126396,92,688.1996,214.08751,947.4381,497.86316,0.8950435
126396,93,322.2388,189.24927,536.43616,423.68405,0.8735007
126396,106,52.050312,5.2884297,149.19795,121.00835,0.70506984
126396,112,5.409514,6.1477966,34.1351,121.16905,0.61507624
126397,76,879.668,2.033444,953.3998,110.40371,0.7932509
126397,78,988.3398,18.742605,1071.0118,108.61523,0.6659564
126397,94,148.46458,3.7675242,438.50262,113.15466,0.5582434
126397,92,658.2593,209.86926,913.47925,491.3248,0.89564514
126397,93,353.27383,186.25014,563.81805,418.7371,0.87719834
126397,106,63.281315,5.6661897,160.49754,119.094635,0.7636862
126397,112,9.113758,6.790473,38.11186,121.301895,0.6601017
126398,76,883.304,2.1599522,955.25287,108.43236,0.76818305
126398,78,989.79346,17.723042,1071.2988,106.319695,0.6710371
126398,94,171.34282,4.0927935,453.4836,111.746925,0.51186615
126398,92,623.17053,204.16049,878.1122,491.06378,0.88245493
126398,93,381.53992,181.51494,590.22327,416.15463,0.8849668
126398,106,73.79106,5.865613,170.96445,116.90251,0.5722938
126398,101,0.0,4.243785,95.88466,117.99882,0.73103297
126399,76,884.69867,2.2030506,955.82043,107.72741,0.76829803
126399,78,990.31464,17.340784,1071.4182,105.493935,0.67080796
126399,94,180.39423,4.233095,457.89197,111.24384,0.5079928
126399,92,611.90344,202.09006,863.91583,491.0477,0.88259274
126399,93,392.88718,179.80101,598.8335,415.25125,0.88474137
126399,106,76.93454,5.9920754,175.10492,116.09151,0.57256114
126399,101,0.0,3.7171762,89.603096,117.83466,0.7313644
126400,76,886.04376,2.022731,956.20056,106.27183,0.7645899
126400,78,991.38275,16.761356,1071.7932,104.04054,0.7439269
126400,94,180.58496,3.8041441,454.5598,109.612686,0.3655946
126400,92,587.1982,198.32607,836.9565,492.72858,0.8854257
126400,93,414.321,177.20374,614.96277,412.6696,0.86899936
126400,106,87.97289,5.38147,188.07991,115.2646,0.7186642
126400,101,0.0,4.652009,88.056404,117.04055,0.7670821
126401,76,887.9966,1.944447,956.6939,103.894035,0.76763296
126401,78,991.82574,15.547678,1072.2587,102.86932,0.69448555
126401,94,181.66023,3.7736087,454.86014,108.967125,0.5895165
126401,92,557.4273,195.49348,801.8192,494.68402,0.78731865
126401,93,438.17212,175.85768,630.93195,410.29364,0.7932767
126401,106,96.294395,4.435882,197.78159,114.04042,0.74279714
126401,101,0.0,5.6709476,93.095345,115.296234,0.7366798
126402,76,890.0187,2.0095623,957.4282,101.94762,0.80020064
126402,78,992.13727,14.966564,1072.172,101.80747,0.7146444
126402,94,187.47694,3.582535,459.35123,108.0574,0.62036234
126402,92,526.4921,184.67763,769.2507,494.33887,0.76444346
126402,93,462.6138,177.7993,642.5714,406.22867,0.5579607
126402,106,105.32493,4.560343,207.11299,112.3343,0.72288936
126402,101,6.181194,5.376842,100.7314,114.28601,0.72643167
126403,76,891.98773,2.2695622,958.0803,99.93938,0.80519587
126403,78,992.71594,13.931794,1072.1211,100.064125,0.72049564
126403,94,194.0194,3.5466366,464.19012,107.267166,0.5979332
126403,92,496.60944,179.65036,734.76447,491.77698,0.6233744
126403,93,470.175,176.37044,671.9914,445.80652,0.17758143
126403,106,111.52659,5.0454116,210.93225,110.47805,0.586851
126403,101,19.587952,5.1006484,110.06741,112.88431,0.80126464
126404,76,893.88324,2.3272378,959.1357,98.525764,0.8171763
126404,78,993.25433,12.598276,1072.3849,98.54253,0.7431702
126404,94,203.52585,3.346384,469.83237,105.718994,0.5801721
126404,93,489.33212,178.4022,704.6587,475.78595,0.87252027
126404,106,124.6078,4.5279455,224.66454,108.853065,0.75876415
126404,101,32.430584,5.3395553,119.22914,111.534546,0.7831873
126404,115,197.88808,4.4478517,333.95718,105.9106,0.37766945
126405,76,894.47,2.3451948,959.5341,98.05944,0.81732845
126405,78,993.4613,12.119443,1072.4578,98.01727,0.7432706
126405,94,206.8718,3.2710052,471.64368,105.177,0.58089054
126405,93,498.9544,179.28993,715.5947,488.12262,0.8727022
126405,106,128.70631,4.3602195,229.9151,108.286804,0.75875574
126405,101,37.627735,5.4569325,121.99816,111.06129,0.78319705
126405,115,199.80064,4.5764613,335.12292,105.478355,0.3772243
126406,76,895.96533,2.1268694,960.44806,96.93324,0.8082684
126406,78,994.3516,11.340705,1072.6119,96.522194,0.7399158
126406,94,217.93855,3.9422626,475.82397,102.917145,0.33313543
126406,93,495.28616,178.90694,706.4588,487.7141,0.8172052
126406,106,134.51935,4.2954316,234.99504,106.52411,0.7045598
126406,101,47.11626,4.850421,128.91174,109.647835,0.74088854
126406,115,209.65587,4.6581917,343.9169,104.73913,0.39121073
126407,76,898.0411,2.021598,961.7011,95.84625,0.7885208
126407,78,995.25665,9.92921,1073.2994,95.08418,0.73420537
126407,94,243.26265,4.0771165,490.73135,99.972084,0.33567816
126407,93,485.87924,178.93292,698.15137,490.37704,0.88756317
126407,106,143.4743,4.11455,243.39484,105.26599,0.6339788
126407,101,59.39621,4.607636,138.69466,107.774345,0.7525429
126407,115,218.86815,4.654019,352.0112,103.86154,0.31055367
126408,76,900.7608,1.8877718,963.93884,94.93347,0.76732045
126408,78,996.40765,8.461826,1074.379,93.74889,0.6963493
126408,93,481.79886,181.17351,697.0845,492.99872,0.88379914
126408,106,153.96307,4.035154,253.83806,104.31587,0.6417136
126408,101,70.3409,4.4435263,147.00537,106.25162,0.78320265
126408,115,229.9201,4.58748,360.48294,101.782684,0.3835331
126409,76,902.7592,1.5359398,965.87555,94.20098,0.79374015
126409,78,997.5947,7.7172885,1074.987,92.63239,0.6821019
126409,93,476.6251,186.4748,694.3767,492.53125,0.9029632
126409,106,157.7511,3.9925613,255.85132,103.52172,0.7147648
126409,101,83.4292,4.3549285,158.23474,105.060196,0.74041224
126409,115,238.86874,4.551839,368.14404,100.7998,0.35518014
126410,76,905.1403,1.2854267,967.9738,93.40511,0.7976578
126410,78,998.70905,6.9101686,1075.0834,91.051254,0.6944688
126410,93,469.37036,189.28181,693.82886,492.35278,0.9127378
126410,106,165.43523,3.162157,261.87317,102.24879,0.59813523
126410,101,97.796486,4.570684,171.5058,104.267204,0.7527536
126410,115,250.8568,4.091993,378.69986,99.05336,0.22782466
126410,94,312.73938,3.7738423,535.00916,93.182976,0.3826667
126411,76,905.9304,1.193535,968.7338,93.15195,0.7976625
126411,78,999.18085,6.636408,1075.0265,90.50533,0.6941989
126411,93,464.11093,190.35121,695.569,492.1288,0.91275
126411,106,168.3251,2.867466,263.51617,101.81377,0.5978382
126411,101,102.93965,4.6668673,176.08627,104.01541,0.752637
126411,115,254.63669,3.9267192,382.23804,98.48174,0.22764686
126411,94,324.7614,3.7218983,537.8459,92.35175,0.38281232
126412,76,907.6543,0.37381655,969.95844,91.81766,0.7770632
126412,78,999.0615,5.145094,1075.1562,89.80731,0.71490204
126412,93,460.4542,190.68091,699.68616,490.15103,0.89399415
126412,106,177.14296,3.2294278,270.18704,100.8301,0.61343616
126412,101,111.38997,5.1914973,182.04834,102.45147,0.7869377
126412,115,260.37408,4.9479685,385.73813,97.61347,0.23048048
126412,94,332.32068,3.674042,537.87604,91.361275,0.3281841
126413,76,909.4881,0.42971787,970.6789,90.18814,0.7980085
126413,78,999.683,3.2638319,1075.6183,88.45134,0.741562
126413,93,455.92746,189.92459,704.2813,488.29205,0.8999489
126413,106,187.81812,3.520621,278.37665,98.83851,0.64934677
126413,101,121.78295,4.657499,191.26395,101.231865,0.7847727
126413,94,347.3148,3.3216796,543.10754,89.10509,0.4503955
126414,76,911.31757,0.4075403,971.2748,87.902626,0.77335984
126414,78,1000.121,1.8240232,1075.0266,86.3905,0.7680134
126414,93,450.65417,189.33444,708.7607,487.06183,0.8975087
126414,106,202.97823,3.3600597,292.1456,96.76049,0.6510138
126414,101,134.30902,4.653482,202.03035,99.285866,0.77352494
126414,94,351.5089,3.5454361,544.1014,89.256645,0.31203294
126415,76,913.64655,0.7251044,972.30695,86.00126,0.7522012
126415,78,1000.321,0.88830364,1074.194,84.79033,0.7701393
126415,93,447.0564,188.53499,713.14233,483.50073,0.91494477
126415,106,213.06795,3.6663032,299.6551,94.25733,0.60837036
126415,101,144.88411,4.7153535,210.38596,97.245964,0.81571364
126415,94,351.52045,3.1187809,540.4232,87.4179,0.36331803
126415,122,2.0250185,2.5156708,30.543636,97.89847,0.44733948
126416,76,916.3034,0.36422327,973.9997,84.04344,0.7681068
126416,78,1000.5478,0.71514636,1072.8353,83.12368,0.7239063
126416,93,443.511,186.86024,717.1834,479.63297,0.91885865
126416,106,222.79016,3.1208055,306.89175,91.37579,0.63824314
126416,101,157.4585,3.950493,221.72276,94.94309,0.7499195
126416,94,355.26547,3.6098175,540.00336,85.98135,0.21984407
126416,122,6.8730044,2.268436,35.605076,97.28711,0.49267697
126417,76,917.16284,0.23563863,974.61194,83.38084,0.7682252
126417,78,1000.6865,0.68826467,1072.254,82.552605,0.7241161
126417,93,439.55402,186.22992,721.03204,478.12085,0.91882443
126417,106,226.03914,2.9295409,309.15155,90.38419,0.63830894
126417,101,161.7616,3.6776593,225.52563,94.15035,0.7501185
126417,94,356.2351,3.8063822,539.5903,85.50047,0.22009727
126417,122,8.318495,2.1865487,37.47757,97.08401,0.49303755
126418,76,918.8559,1.7269936,974.1854,81.58081,0.75672525
126418,78,1001.3161,1.0543472,1070.8915,80.57099,0.68817896
126418,93,435.87665,182.79901,723.89233,473.64328,0.92277116
126418,106,232.0713,2.4450262,314.3682,89.149605,0.67242634
126418,101,170.88913,4.02357,232.96565,92.12792,0.72153103
126418,94,383.46442,3.2837965,554.8696,81.344185,0.2478514
126418,122,14.093558,2.0893378,43.57615,94.20568,0.5786055
126419,76,919.4614,2.0334206,973.70544,79.51989,0.64140815
126419,78,1002.6666,1.520041,1069.9767,78.15668,0.651056
126419,93,431.4314,179.16913,726.6993,471.01572,0.9188969
126419,106,242.03592,3.6628299,322.76437,87.231285,0.44692686
126419,101,179.37534,3.6015892,239.78398,89.79439,0.75294834
126419,94,395.6919,3.5994542,558.66034,78.715775,0.17690437
126419,122,22.17418,2.014663,52.642223,92.26284,0.5619794
126420,76,921.93896,2.592707,974.51227,77.25693,0.68281615
126420,78,1003.4548,2.1509206,1068.4341,75.67098,0.6681402
126420,93,429.47055,176.417,728.1574,466.5143,0.9275539
126420,106,248.85492,2.9182458,327.4817,84.61393,0.5496879
126420,101,189.76715,3.9674647,247.94667,87.05596,0.69285715
126420,94,405.14673,4.0811806,560.50037,76.08812,0.22165756
126420,122,33.085915,1.8107873,64.54822,90.69869,0.6204394
126421,76,924.5534,2.4996324,975.2547,74.07184,0.68659604
126421,78,1003.94415,2.6360302,1066.5516,73.07716,0.71858466
126421,93,425.30518,172.6484,727.131,463.4716,0.9163986
126421,106,258.0676,1.9681929,335.3345,81.75536,0.5789245
126421,101,200.30748,2.7397792,257.59256,84.708405,0.73369694
126421,94,415.72385,4.226096,564.49225,73.39166,0.2102387
126421,122,44.68893,1.4208437,77.0416,87.95481,0.60960245
126422,76,926.10596,2.31006,975.35583,71.16882,0.7381466
126422,78,1004.4274,2.6763043,1064.7014,69.90416,0.7077557
126422,93,420.42926,168.99907,723.312,461.21896,0.8881155
126422,106,265.2074,1.9197782,340.72885,79.89521,0.54307616
126422,101,211.34003,2.467998,267.2208,82.0033,0.7532375
126422,94,428.04803,4.212429,570.1705,70.74497,0.29970583
126422,122,57.2665,1.0539254,90.88652,85.38076,0.6398713
126423,76,926.4511,2.231339,975.4938,70.216354,0.7367565
126423,78,1004.4386,2.7036133,1064.2068,68.84837,0.7080089
126423,93,418.6498,167.66682,721.7144,460.40652,0.88804924
126423,106,267.417,1.9100796,342.4001,79.31677,0.5403918
126423,101,214.89471,2.3836906,270.4651,81.09568,0.7522174
126423,94,432.18637,4.2087393,571.64636,69.89944,0.3017078
126423,122,60.67604,0.93752617,96.106705,84.553375,0.6377756
126424,76,927.08,2.2643566,975.4875,68.6628,0.7304259
126424,78,1004.12915,2.461434,1062.8804,67.04265,0.74405676
126424,93,443.45108,165.33209,729.3278,448.197,0.8148914
126424,106,268.884,1.1498067,341.20285,77.43147,0.46472368
126424,101,220.65971,1.7828541,274.78928,78.45019,0.7551787
126424,94,440.11377,3.7678201,575.1266,67.89082,0.25219747
126424,122,67.64627,1.6085584,103.948006,83.259415,0.5287097
126425,76,928.12024,1.8344964,975.9465,66.83552,0.69516146
126425,78,1003.83026,2.2850559,1061.8264,65.61502,0.71178156
126425,93,451.46042,162.35031,730.8561,440.18884,0.8338706
126425,106,281.99884,1.396559,352.74142,75.37696,0.4301005
126425,101,229.43834,1.1610051,282.876,76.50952,0.73508257
126425,94,451.09238,4.0867133,579.67474,65.45264,0.16712095
126425,122,77.62106,1.9020582,114.86954,80.87847,0.5637922
126426,76,929.5953,1.5583287,976.9219,65.255775,0.6866581
126426,78,1003.6446,1.9929421,1061.0167,64.19118,0.7099327
126426,93,477.59277,172.42299,744.8864,439.61713,0.82213265
126426,106,293.8761,2.1315095,362.4571,73.00308,0.4304658
126426,101,238.40207,1.4937489,290.82254,74.90513,0.67704785
126426,122,86.337654,1.9166117,124.49117,79.13061,0.5462742
126427,76,930.9199,1.2358725,977.9116,63.83427,0.6370113
126427,78,1003.72644,1.6332014,1060.2821,62.52555,0.6819596
126427,93,512.8777,175.35345,764.7068,427.1434,0.8078732
126427,106,303.13977,2.1695457,370.86194,71.32658,0.42271113
126427,101,247.79576,1.8629131,299.15717,73.33087,0.77712536
126427,122,96.37875,2.0655844,134.98305,77.06297,0.4916486
126427,133,455.5815,157.85461,596.71783,359.90735,0.86355877
126428,76,932.4784,1.0178373,978.946,62.448402,0.5566461
126428,78,1003.9032,1.5378319,1059.8491,61.34088,0.6348565
126428,93,546.0535,174.2216,794.1859,425.72162,0.8815144
126428,106,304.16193,1.5382694,369.09268,69.17163,0.3832431
126428,101,257.46518,1.968335,308.23523,71.810295,0.61204034
126428,122,107.3634,2.4358149,146.64594,75.04273,0.4862031
126428,133,438.46112,156.27794,579.63,358.2374,0.8705567
126429,76,932.8633,0.9190791,979.38434,61.99909,0.55534995
126429,78,1003.84546,1.5107852,1059.8419,60.98032,0.63599485
126429,93,558.45795,173.8272,803.4884,425.30515,0.88162017
126429,106,304.51102,1.3157529,367.84372,68.47071,0.38022247
126429,101,260.46738,2.0102994,311.36313,71.317696,0.6086831
126429,122,110.39728,2.6347883,151.00056,74.390274,0.4847126
126429,133,432.7578,155.75798,574.04895,357.68945,0.87050253
126429,135,0.18514942,3.2089143,40.121735,80.38793,0.39352134
126430,76,934.03955,0.6159459,980.2625,61.124527,0.54017663
126430,78,1005.69806,1.4596078,1060.6951,59.752216,0.5642183
126430,93,582.6397,171.63493,829.81915,431.4271,0.8714622
126430,106,311.4383,1.5745978,373.31464,68.09844,0.47242996
126430,101,266.8177,1.3803746,317.38934,70.09196,0.66530186
126430,122,116.78235,1.8659782,158.69385,73.88961,0.51831865
126430,133,415.65646,153.77567,553.2083,350.76996,0.87046605
126430,135,5.1053185,2.6402514,45.285038,79.821594,0.18287528
126431,76,934.45447,0.29377696,980.5685,60.560528,0.5598836
126431,78,1004.77454,1.016328,1060.0726,59.19622,0.5824441
126431,93,615.42596,168.02194,858.09845,430.9988,0.8898633
126431,106,323.9774,1.614881,385.9811,67.64746,0.5320966
126431,101,275.06628,2.388013,324.14484,68.53836,0.68110615
126431,122,126.856125,2.3498368,169.27545,72.97284,0.4168437
126431,133,394.63467,154.07822,529.11957,348.26984,0.869994
126432,76,934.5428,0.10642367,980.34564,59.724045,0.5485123
126432,93,649.8336,165.46904,887.74646,433.93076,0.8718426
126432,106,330.42102,1.873756,391.12567,66.53865,0.4249288
126432,101,282.60794,2.3325574,331.48322,67.98195,0.71698475
126432,122,135.28453,1.7521967,178.37393,71.73721,0.50645447
126432,133,378.919,154.91226,506.54352,340.87125,0.8836523
126432,144,375.1765,5.858096,432.82474,65.046646,0.35308632
126433,76,934.6195,0.041883383,979.9968,58.860985,0.51389897
126433,93,681.1924,164.68431,910.2586,434.052,0.86955315
126433,106,338.58194,1.6688427,399.39697,65.85256,0.46754828
126433,101,289.9531,2.442901,338.75153,67.659996,0.6168945
126433,122,143.83301,1.6269332,187.69048,71.42695,0.49794143
126433,133,365.95584,155.15257,489.79825,337.15872,0.89208066
126433,144,380.1232,6.368471,436.6526,64.52583,0.23970295
126433,146,2.73445,4.681421,42.14869,273.2339,0.7407385
126434,76,934.4613,0.13572879,979.71234,58.53177,0.5313901
126434,93,711.7716,163.36742,932.3629,433.96167,0.87317425
126434,106,346.49973,0.9655877,407.81424,65.09605,0.44627956
126434,101,296.70523,1.6426129,345.70312,67.33172,0.66562814
126434,122,152.2467,1.2042998,196.35103,70.295746,0.49665323
126434,133,348.9247,155.27493,474.8052,341.76544,0.8569364
126434,144,389.73813,6.389115,446.12814,64.434685,0.23112147
126434,146,6.470611,3.5698361,45.49591,267.43738,0.81451464
126435,76,934.34357,0.20138507,979.72144,58.511684,0.5348834
126435,93,725.77185,163.43874,938.76526,435.2548,0.8645994
126435,106,349.17377,0.72061723,411.13507,64.93271,0.44857088
126435,101,299.06512,1.3310875,348.10233,67.220795,0.6603287
126435,122,154.9232,1.0795766,199.64122,70.05497,0.4957777
126435,133,344.86618,155.35667,470.1614,342.60342,0.85149324
126435,144,396.14407,5.9744716,452.12436,63.672546,0.23562397
126435,146,7.6147623,3.2397914,46.845863,265.58707,0.8177633
126435,148,44.291237,3.2539093,89.894485,77.40379,0.3367108
126435,149,407.3498,5.741403,467.11444,64.4587,0.32547325
126436,76,933.9496,0.45920047,979.294,58.660625,0.51882064
126436,93,743.75256,166.27887,951.74457,439.70032,0.8667562
126436,106,348.36905,1.3409681,409.58365,65.63222,0.47273254
126436,101,302.97592,1.4696668,351.93573,67.34821,0.7139327
126436,122,160.98836,0.8226716,206.62276,70.5708,0.3992147
126436,133,333.6663,156.51216,456.2903,340.0363,0.8748151
126436,144,395.3455,6.274559,451.42743,64.21597,0.37109032
126436,146,10.520473,1.937417,50.697693,264.99768,0.866163
126436,149,402.91614,5.6364365,462.90735,64.44219,0.1927626
126437,76,932.48157,1.3652794,978.4134,60.021587,0.50919825
126437,78,999.91516,0.050656106,1056.2561,58.07663,0.69440126
126437,93,763.95184,168.71655,966.0794,440.58636,0.84542143
126437,106,354.05603,1.622143,415.1901,66.02705,0.5101861
126437,101,309.13345,1.3668941,358.71463,67.99524,0.73146594
126437,122,168.97711,0.24895242,215.82379,70.68141,0.48425847
126437,133,319.52246,157.22148,444.17773,343.5792,0.8774338
126437,144,398.13574,7.038722,453.65564,64.876526,0.2960303
126437,146,13.453796,1.525116,54.893265,264.3596,0.88359034
126437,149,404.26706,6.091391,465.26572,65.8314,0.18590844
126437,148,51.108536,2.9928093,97.679596,77.72711,0.3834857
126438,76,931.26086,2.2276773,977.1961,60.809803,0.584983
126438,78,997.73157,0.6748628,1055.2053,60.172,0.69474673
126438,93,785.2731,171.29436,979.0672,436.65823,0.8839092
126438,106,357.5415,1.4154968,418.57254,66.75326,0.4515423
126438,101,314.5797,1.4207623,364.72147,68.87733,0.7753795
126438,122,175.89314,0.4636267,224.02628,72.2156,0.51339936
126438,133,307.09253,160.9001,431.77945,346.43503,0.86377215
126438,146,16.165953,0.95935255,59.48159,264.30972,0.88007045
126439,76,929.24023,2.6527722,976.41187,62.715355,0.5941861
126439,78,994.86774,2.24734,1051.9674,61.490303,0.6452373
126439,93,801.8125,173.66774,995.5908,442.65973,0.8699281
126439,106,362.46875,1.8118653,423.94992,68.16545,0.48817307
126439,101,319.29718,2.263953,369.42908,70.19218,0.66156656
126439,122,182.13654,0.29175928,230.84518,72.669,0.41430864
126439,133,295.21085,166.86661,418.18597,347.886,0.87561435
126439,146,18.819437,0.2583723,64.3785,262.84628,0.876004
126440,76,926.78204,2.964128,974.5841,63.931557,0.6357844
126440,78,991.78937,2.8029027,1049.445,62.930485,0.63344544
126440,93,818.45337,181.66374,1007.6547,445.8248,0.86797476
126440,106,370.1861,2.4145083,433.32455,70.04865,0.5307321
126440,101,324.51746,1.9771098,375.62317,71.8732,0.6751903
126440,122,189.45631,1.7195319,238.1366,73.954666,0.57985353
126440,133,282.9766,170.54898,407.45682,351.81982,0.88455695
126440,146,21.156368,2.1393278,69.62273,264.6021,0.8757135
126441,76,925.87146,3.0852458,973.87195,64.397194,0.6411418
126441,78,990.7067,2.9634578,1048.4545,63.4692,0.63115466
126441,93,824.2655,184.68077,1011.16205,447.00616,0.86845917
126441,106,372.67215,2.6532364,436.7527,70.79516,0.5319142
126441,101,326.3713,1.8879502,377.5612,72.52529,0.6772941
126441,122,191.9147,2.2757795,240.62735,74.46047,0.58032185
126441,133,278.57236,171.87259,404.37698,353.25348,0.8844465
126441,146,20.937954,2.8489249,72.3499,265.29184,0.8757806
126442,76,924.05927,2.472637,973.2749,65.62996,0.70066565
126442,78,989.123,1.9629973,1048.6136,65.05056,0.6808767
126442,93,834.3473,192.587,1016.97235,449.53128,0.8646946
126442,106,372.70425,3.3990915,436.6186,72.16929,0.5101875
126442,101,330.8931,3.458233,381.27805,73.37537,0.78100884
126442,122,195.41435,1.8908564,245.15013,76.161354,0.5916715
126442,133,271.35223,174.6851,397.81003,354.13776,0.9063578
126442,146,21.948032,2.2373254,76.656364,264.32605,0.85088813
126443,76,922.752,2.352811,973.03174,67.35449,0.68193597
126443,78,986.8349,2.3617191,1047.2152,66.98093,0.6382348
126443,93,845.6356,200.3327,1024.0231,450.89392,0.8844599
126443,106,376.03043,4.480573,438.89676,73.93133,0.5633402
126443,101,335.9543,4.5211186,386.70044,75.461555,0.71845186
126443,122,201.76808,1.5074863,252.37404,77.427795,0.5837675
126443,133,265.783,177.7514,393.3791,355.7434,0.89757025
126443,146,27.060762,2.4998665,85.27247,265.0062,0.8686142
126444,76,921.04913,1.6350563,972.4262,68.95575,0.71534526
126444,78,984.9177,1.8240885,1046.2467,68.51093,0.69316274
126444,93,853.89087,206.75653,1030.0977,453.94016,0.8984575
126444,106,386.74008,6.296822,450.15707,75.68524,0.59228647
126444,101,340.94653,4.8819585,392.21802,77.27993,0.77686626
126444,122,208.13667,0.9418401,259.8965,79.27285,0.58742154
126444,133,260.69086,180.14847,390.1564,357.46686,0.9032273
126444,146,33.53892,4.3684382,94.45107,264.3264,0.8857511
126445,76,919.8295,1.2455394,971.7912,70.12444,0.7899386
126445,78,982.9864,1.4638419,1044.5087,69.46999,0.71258754
126445,93,860.0721,213.4535,1033.9149,455.98087,0.9053414
126445,106,390.22647,6.2407355,453.45856,76.63419,0.7018406
126445,101,346.23096,5.6190853,397.1569,78.258224,0.74667174
126445,122,215.07402,0.69790864,267.5069,81.18788,0.59870815
126445,133,257.48825,181.36421,389.47375,358.9274,0.90417516
126445,146,40.889687,7.0291595,104.18038,263.94153,0.8802275
126445,156,2.8433793,7.637137,50.81131,101.78276,0.37031746
126446,76,918.656,1.2658594,970.812,71.14445,0.80348176
126446,78,981.6414,1.6895586,1042.691,70.255226,0.77212316
126446,93,864.1498,219.2073,1035.5431,455.87006,0.9034568
126446,106,395.39667,6.5404186,458.8832,77.73729,0.6876784
126446,101,351.81577,6.3933015,402.6542,79.63776,0.68188
126446,122,221.80745,0.21727692,274.82846,82.848335,0.62959194
126446,133,256.14062,181.18146,391.1704,359.3935,0.89197385
126446,146,48.321655,7.39161,113.760735,261.76788,0.8592799
126446,156,0.7956212,11.504033,48.014908,104.172874,0.102837786
126446,159,112.57024,4.312448,171.81395,88.563965,0.44032237
126447,76,918.35284,1.2888081,970.2652,71.510376,0.80364853
126447,78,981.4288,1.7788548,1041.7792,70.55503,0.76818746
126447,93,864.619,221.10518,1036.3396,456.07834,0.90517765
126447,106,397.10812,6.630622,460.3871,78.170525,0.6845804
126447,101,353.883,6.672043,404.4199,80.151505,0.67983234
126447,122,224.33328,0.034283314,277.083,83.42931,0.63112754
126447,133,255.02362,181.0186,392.60028,359.51065,0.89273363
126447,146,49.9939,7.411754,117.89006,261.40106,0.85736436
126447,156,7.0454903,10.540389,55.086906,104.183395,0.17782824
126447,159,113.74251,4.2283187,173.16534,88.78764,0.43674508
126448,76,917.0172,1.2706801,968.91266,72.182976,0.7708255
126448,78,981.24176,2.8480494,1040.428,71.17102,0.7556241
126448,93,864.81323,224.71642,1035.5441,455.41476,0.90774083
126448,106,399.298,8.803414,460.1554,78.811554,0.60642904
126448,101,358.73007,6.8142796,409.02927,80.66104,0.7434699
126448,122,229.09253,0.0,280.97903,83.256134,0.6018999
126448,133,257.2652,180.1077,398.9004,360.5683,0.8919423
126448,146,54.343193,7.843077,124.294,261.11053,0.86168814
126448,156,10.600568,13.333095,57.265995,102.77945,0.20200679
126448,159,119.49566,5.1294904,178.51231,89.02388,0.41118047
126449,76,916.0054,1.2392848,967.6747,72.5618,0.72397333
126449,78,980.4621,3.7805285,1038.4053,71.54137,0.76869416
126449,93,859.64734,226.68216,1032.4673,456.69324,0.8897913
126449,106,404.72888,9.115014,464.86978,78.84013,0.634343
126449,101,363.84476,7.83584,413.31958,80.996284,0.7279531
126449,122,236.77287,1.0060216,287.59225,83.54904,0.5667234
126449,133,260.331,178.00714,406.34225,360.8102,0.89501625
126449,146,61.244823,11.176597,132.08778,260.43668,0.8909012
126449,156,9.632873,17.304245,55.629852,103.913895,0.1406862
126449,159,125.9716,5.6264305,185.18915,89.718704,0.43889898
126449,161,531.19244,2.4642181,641.2812,72.200745,0.40358004
126450,76,914.80084,1.6865029,966.3031,73.35355,0.64156693
126450,78,979.3923,4.7842584,1035.8076,71.56274,0.73648894
126450,93,853.87317,226.74574,1029.9646,456.74152,0.89647585
126450,106,408.45663,9.676087,467.07233,78.487785,0.6363709
126450,101,368.90042,7.1427894,418.43643,81.11523,0.6952285
126450,122,243.15904,1.6809285,292.95374,83.494995,0.604045
126450,133,266.05356,175.37225,416.5806,360.13904,0.89303994
126450,146,68.06766,12.16528,140.18048,259.22958,0.89001125
126450,156,7.9002414,19.59173,54.037685,105.14164,0.3086878
126450,159,133.53801,7.203952,192.09741,90.04966,0.39474016
126450,161,533.9157,2.5279906,643.9085,72.226944,0.387176
126451,76,913.8765,1.9218261,964.8972,73.4664,0.63786954
126451,78,977.54114,6.1343327,1032.2626,71.420616,0.682098
126451,93,845.4388,225.89044,1026.6827,457.48102,0.9054178
126451,106,414.7194,11.033921,471.9759,78.33251,0.5933532
126451,101,374.297,7.12304,423.6237,81.19088,0.7153853
126451,122,250.08368,2.8052056,298.42142,82.873436,0.62111366
126451,133,273.59525,172.90303,426.91946,357.44128,0.88607335
126451,146,75.53221,13.486407,148.20767,256.78998,0.85555065
126451,156,9.820336,20.086458,57.771152,106.69643,0.37359974
126451,159,142.84843,6.8340993,201.0545,89.36243,0.3769634
126451,161,537.2716,2.949179,646.4423,72.17102,0.39512998
126452,76,912.55676,1.1316775,962.8072,72.45346,0.67264605
126452,78,975.4453,6.464467,1029.5974,71.46945,0.6962305
126452,93,829.8964,223.93295,1017.0314,457.61536,0.9021036
126452,106,420.43997,12.783496,475.85135,78.10882,0.59913063
126452,101,379.1497,8.998009,426.46417,80.58016,0.7092318
126452,122,256.76382,3.3168101,304.04446,82.29045,0.6120494
126452,133,282.1734,168.94121,440.4337,355.58133,0.8876673
126452,146,81.52892,13.43596,155.19054,254.8719,0.82913
126452,156,13.854963,20.636488,61.68717,106.203,0.3451932
126452,159,150.53326,7.3910565,208.35664,89.0158,0.36358178
126452,161,538.9919,3.0781837,648.03827,72.25366,0.40785682
126452,168,3.4873233,78.55394,27.244831,299.89386,0.71638095
126453,76,912.25256,0.8298275,961.878,72.04873,0.6726919
126453,78,974.80524,6.5738015,1028.568,71.47337,0.6962695
126453,93,822.767,223.11479,1014.43976,457.6383,0.9021171
126453,106,422.41107,13.407148,477.06088,78.01018,0.5991692
126453,101,380.84467,9.703259,427.205,80.32372,0.70925754
126453,122,259.12802,3.501089,305.80356,82.06006,0.61209065
126453,133,284.595,167.44865,446.43036,354.87656,0.8876692
126453,146,83.10313,13.385822,157.98164,254.19708,0.829134
126453,156,15.104786,20.746925,63.215057,105.98718,0.34522986
126453,159,152.92572,7.56868,210.79333,88.88662,0.3636099
126453,161,539.47,3.1107118,648.4467,72.27987,0.4073464
126453,168,4.0362687,77.51493,28.026632,299.5433,0.71638495
126453,172,170.3802,11.293037,209.71115,87.71304,0.31674573
126454,76,911.5549,1.0176556,960.12897,71.52124,0.67626286
126454,78,973.6794,6.6946507,1026.6888,71.16357,0.7082139
126454,93,809.7904,221.05002,1006.98,456.90778,0.90935045
126454,106,425.76117,12.781841,480.13553,77.44907,0.6835756
126454,101,384.11777,8.742072,430.82532,80.460754,0.6510087
126454,122,263.07474,3.054896,309.47058,81.801735,0.6455839
126454,133,292.62347,166.23267,457.95718,354.88165,0.87748617
126454,146,88.07772,14.214322,163.29822,251.7802,0.88037044
126454,156,21.87152,20.955355,70.698135,105.63029,0.41812685
126454,159,158.33484,8.231022,215.75179,88.822556,0.38334233
126454,161,541.8714,3.1877227,650.9021,72.58103,0.4575534
126454,168,7.3207498,62.652695,33.091694,296.84412,0.7846481
126455,76,910.755,1.6386371,958.314,71.518555,0.6492055
126455,78,971.94476,7.09501,1024.2186,71.12525,0.69411683
126455,93,791.2777,217.41003,994.6407,454.98877,0.89533865
126455,106,427.25833,12.397008,481.312,77.443146,0.5889538
126455,101,387.83618,7.979187,434.6249,80.41499,0.6589544
126455,122,268.59442,3.8379488,314.40237,81.96091,0.59938115
126455,133,304.6682,162.59404,472.89062,353.4039,0.8813664
126455,146,94.122665,14.726656,169.72717,249.9184,0.86667705
126455,159,163.44884,9.576024,220.40805,89.07352,0.37276328
126455,161,544.2296,2.906837,653.1281,72.51848,0.37815806
126455,168,12.122245,61.075882,38.94381,295.40497,0.8262504
126456,76,908.9244,2.4581742,955.83215,71.74173,0.671635
126456,78,969.1595,7.562942,1020.8408,71.46539,0.6720808
126456,93,768.91876,213.56445,978.58234,452.75473,0.8984692
126456,106,430.67792,13.288963,483.91232,78.075226,0.54877245
126456,101,392.55408,8.475808,438.6557,80.24354,0.662218
126456,122,274.8542,4.950308,319.7391,81.88535,0.5752869
126456,133,322.61108,160.47105,490.46848,351.58487,0.86388683
126456,146,100.161156,15.011922,176.11218,247.652,0.85846555
126456,159,168.35878,11.250622,225.33412,90.0334,0.3685473
126456,161,545.7112,2.8270159,654.68024,72.723114,0.24839841
126456,168,17.355528,62.797745,45.423576,292.46484,0.83995986
126457,76,907.4245,3.4899435,953.76746,72.3396,0.68762106
126457,78,966.6136,8.480934,1017.45654,71.78435,0.5704513
126457,93,742.73425,210.40594,957.3167,450.60965,0.8972985
126457,106,434.71515,15.241489,486.11682,78.29736,0.5722761
126457,101,396.98676,12.641272,440.7335,80.7743,0.60793674
126457,122,279.42368,5.537078,323.73044,82.17835,0.6239208
126457,133,342.34842,160.80687,508.2891,351.92117,0.89509326
126457,146,106.19797,15.120552,182.726,246.30907,0.8422845
126457,159,177.43253,12.555509,233.26056,90.13959,0.3306372
126457,168,21.403177,57.95717,52.275845,290.91473,0.8373083
126458,76,905.21375,4.3634553,951.28296,73.492165,0.59209573
126458,78,963.4327,10.463318,1013.5023,73.218025,0.4445101
126458,93,714.3594,208.5486,932.56433,450.3481,0.8797225
126458,106,438.77,17.86045,488.62952,79.42606,0.49901453
126458,101,401.68445,15.806332,443.81818,81.48652,0.5337478
126458,122,286.3889,7.5283465,330.0025,82.99548,0.4938012
126458,133,364.2919,161.657,525.3151,350.4963,0.8778226
126458,146,111.92906,17.092163,188.47469,246.02983,0.82737255
126458,159,182.83607,13.74945,238.25296,90.65703,0.20261301
126458,168,25.50929,54.690987,59.986954,290.5266,0.752807
126459,76,904.5516,4.682141,950.2715,73.914536,0.59312344
126459,78,962.4022,11.18747,1012.01215,73.74172,0.4455412
126459,93,703.2723,207.85191,924.0021,450.239,0.8794896
126459,106,440.19443,18.796242,489.33282,79.83378,0.4999194
126459,101,403.2265,16.928322,444.7665,81.736,0.5343075
126459,122,288.7727,8.260704,332.12415,83.29633,0.49455464
126459,133,373.15866,162.01433,530.7738,349.96667,0.8778286
126459,146,113.61853,17.802835,190.59984,245.98047,0.8274649
126459,159,184.56348,14.154972,239.89134,90.839714,0.20316322
126459,168,25.763771,53.64801,63.721855,290.45358,0.7528623
126460,76,903.4237,5.6773453,948.7447,74.90458,0.62677115
126460,78,961.25916,12.381543,1009.5896,73.72,0.5618151
126460,93,678.9461,206.82832,901.85376,451.29544,0.8885795
126460,106,443.54044,18.659119,493.40088,80.573425,0.47787216
126460,101,406.18466,16.966835,448.115,82.5642,0.59874815
126460,122,292.5241,8.148439,336.58356,84.534386,0.52011096
126460,133,388.5862,163.42044,542.6662,351.62912,0.87388533
126460,146,117.70733,18.581621,195.30754,246.37128,0.8501611
126460,159,188.8127,15.416665,243.8069,91.03061,0.36084366
126460,168,30.059006,52.432682,71.71246,288.83047,0.79723734
126461,76,901.32117,6.5916424,947.12714,77.05849,0.5913155
126461,78,960.0554,14.677314,1007.19836,74.73395,0.5882985
126461,93,649.9168,205.187,875.3016,454.40512,0.91009444
126461,106,445.4059,18.248764,495.90955,81.90355,0.5909866
126461,101,410.04474,18.20081,451.72855,83.67029,0.67864555
126461,122,297.50772,10.853664,340.12527,84.93972,0.52189475
126461,133,408.2258,164.54591,556.8813,351.90857,0.865803
126461,146,124.46474,19.797592,202.13799,246.1568,0.840162
126461,159,193.84813,17.284954,248.51494,92.05756,0.2882839
126461,168,42.736504,53.33036,86.72205,287.8984,0.69534117
126461,176,4.3150225,13.036932,52.06324,261.2139,0.7333625
126462,76,900.31726,8.44548,945.72266,78.69364,0.5329753
126462,78,959.20795,17.313202,1005.4443,76.3934,0.5277085
126462,93,620.66693,204.23422,842.8105,454.24252,0.90703714
126462,106,451.74576,21.128359,501.0374,83.01316,0.40697923
126462,101,415.08978,19.661211,456.4689,84.96091,0.5264624
126462,122,304.1997,14.343178,345.6317,86.36371,0.42111215
126462,133,429.50272,168.25793,571.12585,353.47287,0.8620844
126462,146,131.55638,22.678467,209.42542,247.56506,0.80865705
126462,159,201.1973,20.422642,255.69098,94.241714,0.17270179
126462,168,46.910152,49.670044,95.48923,286.8967,0.6799951
126462,176,11.722815,16.077337,59.70708,263.713,0.56265813
126463,76,900.47406,11.033541,944.40186,79.175354,0.5586061
126463,78,958.758,18.531359,1004.5293,77.237465,0.5639011
126463,93,591.04486,202.7792,808.9558,453.63852,0.8970064
126463,106,457.834,23.463404,505.69427,83.84381,0.47845304
126463,101,420.73108,20.765123,461.7223,85.53403,0.57384515
126463,122,310.52426,16.114788,351.83438,87.94206,0.47883785
126463,133,446.9258,171.3139,581.49963,353.28006,0.8737347
126463,146,139.57861,26.427887,216.54575,247.15994,0.81754506
126463,159,207.26636,22.122812,261.09695,95.28433,0.10524735
126463,168,54.305237,48.457718,106.51785,286.09167,0.82992244
126463,176,23.75941,17.696075,71.02247,259.7703,0.39564452
126464,76,901.1867,12.707145,944.23364,79.788956,0.5752699
126464,78,958.3136,19.490055,1003.60516,77.94684,0.642748
126464,93,565.1208,203.04506,775.6544,453.02863,0.87640816
126464,106,460.8837,23.620527,508.63904,84.97449,0.5725125
126464,101,426.34723,22.28223,466.47095,85.883224,0.65119153
126464,122,316.88367,17.66673,357.70984,88.93087,0.5373374
126464,133,461.39993,173.73053,590.84467,354.19525,0.8705411
126464,146,146.25192,28.44349,223.07787,247.03218,0.857742
126464,159,220.0353,22.995293,273.34033,95.724266,0.21513955
126464,168,65.55867,49.300907,119.74765,281.78027,0.7892213
126464,176,34.284595,18.823364,80.865746,254.44498,0.55297446
126465,76,901.5282,13.31212,944.13654,79.99003,0.5739844
126465,78,958.41144,19.814175,1003.31714,78.13551,0.6527946
126465,93,557.22797,203.22807,761.2124,452.73233,0.87320626
126465,106,462.12503,23.646908,509.38556,85.39144,0.57350373
126465,101,428.19342,22.695875,468.02618,85.9766,0.6491835
126465,122,319.05093,18.272873,359.59134,89.32055,0.539966
126465,133,467.35904,174.59445,592.6593,354.40442,0.8666695
126465,146,148.42067,29.299997,225.51645,247.0446,0.853487
126465,159,224.52194,23.433525,277.39655,95.85152,0.20611715
126465,168,68.9208,50.17432,125.27528,279.42496,0.7958571
126465,176,36.888332,19.067102,83.88604,253.60143,0.55628103
126466,76,902.15314,14.503367,944.0784,80.42824,0.589604
126466,78,958.20197,20.699501,1002.9515,79.29513,0.6730367
126466,93,536.23975,199.41776,734.6138,451.65247,0.8336131
126466,106,466.52988,26.238892,511.61646,85.67789,0.42493448
126466,101,433.2936,24.71611,472.05212,86.49072,0.5464762
126466,122,325.20566,18.157707,366.12723,89.76201,0.47076264
126466,133,479.61798,178.67517,598.9147,352.85797,0.7886536
126466,146,156.08342,30.419981,232.33887,244.4532,0.84273654
126466,159,226.50418,23.120518,280.18704,95.88035,0.2580699
126466,168,77.61449,49.91178,136.52252,280.4,0.76866627
126466,176,46.01939,21.96196,93.99163,257.58282,0.4557327
126467,76,902.9133,15.272056,944.29584,80.7045,0.5791027
126467,78,958.0748,21.640533,1002.2171,79.867935,0.69814056
126467,93,506.34677,188.59616,707.8006,453.09946,0.5485183
126467,106,474.3633,28.01998,518.1557,85.862144,0.4796909
126467,101,438.5922,24.863462,477.5322,87.09377,0.6158918
126467,122,331.3843,19.527922,372.1624,90.4962,0.60588753
126467,133,497.1067,181.7788,600.6805,333.27316,0.31604654
126467,146,164.66069,32.634106,239.66258,241.30565,0.83227783
126467,159,232.62839,24.633558,286.11182,96.04229,0.39016694
126467,168,89.36518,49.872475,150.078,281.03598,0.83071774
126467,176,56.456852,21.613573,104.424515,253.78528,0.6162607
126468,76,903.8182,16.16259,944.4297,80.842316,0.57785296
126468,78,958.1286,22.346191,1001.6525,80.1606,0.6505948
126468,93,485.91815,186.71811,684.4787,454.6658,0.8514768
126468,106,478.1182,27.865198,522.0683,86.60385,0.5598202
126468,101,444.30844,25.97295,482.73264,87.618256,0.61879593
126468,122,340.10458,20.12959,380.42255,89.87014,0.48933402
126468,146,172.38228,32.65496,247.063,239.47589,0.812057
126468,159,240.68091,26.161694,293.66394,96.42089,0.28946328
126468,168,100.716156,52.19481,161.83238,280.1159,0.79394066
126468,176,66.12317,23.64383,114.161835,251.4418,0.6922626
126469,76,904.8387,17.783092,944.45026,81.139755,0.54100865
126469,93,476.22083,188.47734,667.84314,455.09393,0.86097026
126469,101,450.48392,26.707676,488.30618,87.40945,0.5647508
126469,122,346.2967,20.869299,386.58633,90.43221,0.54512364
126469,146,179.43764,32.12116,254.77872,239.95616,0.88204604
126469,159,248.99397,28.72089,301.5197,97.16375,0.28152373
126469,168,111.09719,52.843243,172.51631,276.50482,0.751954
126469,176,75.07169,23.492725,123.52056,249.96347,0.6049837
126470,76,905.72424,18.290684,944.57874,80.8549,0.53515047
126470,93,465.4294,190.54314,653.84924,455.89322,0.8595297
126470,101,456.1069,26.097216,494.22675,87.51531,0.6064046
126470,122,353.9211,21.594357,393.5783,89.87444,0.5188679
126470,146,188.92787,32.548153,263.71384,238.59409,0.8515108
126470,159,256.95572,29.246433,308.94815,96.50999,0.24362944
126470,168,120.90852,51.318947,183.1356,274.26416,0.7725526
126470,176,84.76801,24.710526,132.86388,246.0986,0.62727976
126471,76,906.1383,18.449533,944.5799,80.72923,0.5349772
126471,93,462.63086,191.38461,648.5918,456.18814,0.85954523
126471,101,458.07477,25.862741,496.22156,87.54145,0.6055633
126471,122,356.49023,21.822916,395.97943,89.643654,0.5196882
126471,146,192.17343,32.666805,266.82977,238.12302,0.85148776
126471,159,259.51804,29.386932,311.53827,96.2527,0.24402963
126471,168,123.95968,50.781315,187.03738,273.47952,0.77253807
126471,176,87.68235,25.105951,136.10855,244.75386,0.6273224
126472,76,906.6399,18.354904,944.963,80.71559,0.5422635
126472,93,458.24097,193.56432,643.97876,456.34958,0.8731503
126472,101,462.68796,26.768074,499.71237,86.847374,0.61484873
126472,122,361.1879,21.549744,400.46033,89.14276,0.53909254
126472,146,197.86098,32.844006,272.42007,237.61742,0.8233747
126472,159,265.8718,29.518646,318.04156,95.67361,0.29228362
126472,168,131.00049,52.862778,193.95166,270.74057,0.81465805
126472,176,95.427826,24.16496,144.67519,244.47424,0.6202159
126473,76,907.7808,18.009617,945.53815,79.664444,0.5285118
126473,93,451.04324,193.16133,640.94116,457.52972,0.86840075
126473,101,468.39667,27.389198,504.6337,86.016594,0.57285017
126473,122,367.505,21.639757,405.9774,88.44813,0.4799131
126473,146,205.53181,33.18671,278.49747,232.93636,0.79133785
126473,159,272.8234,28.80136,325.3929,95.27353,0.13660237
126473,168,136.68118,52.585583,200.49838,270.56192,0.7513998
126473,176,104.21095,23.03572,153.62157,241.46277,0.5155156
126474,76,908.9716,17.293812,945.9365,78.19336,0.52241755
126474,93,444.07593,193.07533,637.9039,456.11697,0.8914229
126474,101,473.7193,26.38081,509.86685,84.97993,0.6524882
126474,122,375.496,20.818016,413.3226,85.96861,0.51956505
126474,146,212.24034,31.614187,284.48807,228.90927,0.8604488
126474,159,280.37888,30.130424,331.93872,94.570274,0.17188348
126474,168,143.79572,50.880627,208.89323,269.95703,0.7908378
126474,176,112.0356,22.841717,162.23463,242.60747,0.49406517
126475,76,909.7627,16.199055,946.269,76.76999,0.53918195
126475,93,434.5723,191.83717,636.281,457.24258,0.8705117
126475,122,381.75616,20.794743,419.31473,85.30373,0.5876525
126475,146,220.68765,31.691757,291.92966,226.57793,0.8358697
126475,159,286.89233,26.728317,339.21088,92.44,0.16920489
126475,168,149.10614,50.38271,214.89563,268.08246,0.79313046
126475,176,121.495346,21.982101,171.24391,238.0535,0.4759038
126476,76,910.1919,15.23869,946.16,75.2406,0.56057173
126476,93,426.9239,190.79419,636.88995,457.75443,0.8738653
126476,122,388.46976,19.643562,425.76077,83.08403,0.5017383
126476,146,227.90753,30.276787,298.48157,223.62268,0.8084695
126476,159,297.98746,26.58415,348.59283,90.63149,0.15609372
126476,168,158.30087,53.632027,223.36972,265.45813,0.79802877
126476,176,128.73141,21.183212,179.0918,238.01196,0.43044797
126477,76,910.3922,14.872301,946.0684,74.68083,0.55964285
126477,93,422.6013,190.42125,639.4395,457.96426,0.8738121
126477,122,390.61224,19.201273,428.00613,82.27416,0.50100744
126477,146,230.33713,29.739088,300.63824,222.5964,0.808397
126477,159,301.96255,26.5145,351.74387,89.959274,0.15572849
126477,168,161.12856,54.879993,226.4795,264.5362,0.7979654
126477,176,130.97908,20.883724,181.82576,238.05617,0.43060035
126478,76,910.3933,13.978468,945.54913,73.174515,0.5806072
126478,93,415.77155,189.46681,639.29156,456.4569,0.89460146
126478,122,393.70996,18.33054,431.22693,81.783394,0.5735442
126478,146,238.12993,29.833775,307.6989,220.38744,0.7949967
126478,159,303.88202,25.197166,354.09912,89.332596,0.2420554
126478,168,164.7688,55.883873,229.75656,261.05643,0.8133489
126478,176,142.59866,21.22942,181.74138,177.95078,0.3911202
126479,76,910.27136,12.835807,945.2236,71.65178,0.607594
126479,93,407.0728,185.53397,641.15063,457.28113,0.86436456
126479,122,398.90454,17.884228,435.84656,80.732994,0.4383264
126479,146,244.2775,28.178272,312.99426,216.05879,0.7734313
126479,159,308.80057,23.437654,359.4686,88.43885,0.29147348
126479,168,170.13489,57.199936,234.71597,257.58182,0.8228341
126479,176,153.0149,19.331743,187.58965,149.03438,0.41348177
126480,76,910.2778,11.861007,944.7513,69.863045,0.5650611
126480,93,398.63678,181.92482,641.74304,456.77893,0.8953201
126480,122,406.89282,17.351744,443.7267,79.3799,0.53775185
126480,146,248.8381,27.654488,316.83502,214.13051,0.8202597
126480,159,314.8833,22.52467,365.01013,87.19133,0.23215634
126480,168,176.55313,55.269356,242.06056,255.31154,0.80416185
126480,176,161.60106,17.016552,197.44362,144.21732,0.21629383
126481,93,389.20328,179.77858,639.0468,456.6187,0.91054064
126481,122,411.17197,15.930242,447.58868,77.28079,0.5280417
126481,146,254.7729,26.692066,322.07382,211.23227,0.8195184
126481,159,321.19006,21.897392,371.11533,85.82702,0.30855688
126481,168,182.90353,57.70203,247.20772,250.94833,0.8305448
126481,176,168.61882,17.402246,204.09138,136.64783,0.36349902
126482,93,378.76358,177.79831,633.4237,456.34024,0.9119064
126482,122,416.34857,15.40077,452.05627,75.84506,0.4673238
126482,146,261.87668,24.385096,328.66266,207.50693,0.7934498
126482,159,329.64767,22.16324,377.3036,82.87719,0.20227586
126482,168,188.69733,55.957867,253.5655,247.77812,0.82593495
126482,176,178.87354,15.196009,215.55014,131.34291,0.4513088
126483,93,374.23575,177.08908,632.4211,456.2355,0.9120055
126483,122,418.08755,15.214813,453.45782,75.348724,0.46712747
126483,146,264.26205,23.541842,330.88672,206.21582,0.7934136
126483,159,332.44583,22.280184,379.38327,81.805214,0.20201302
126483,168,190.28136,55.315742,255.94353,246.70801,0.82588375
126483,176,181.22314,14.502665,219.61836,129.9946,0.45124188
126484,93,367.17017,174.55838,627.1805,455.18222,0.8878704
126484,122,423.47003,14.990539,458.38632,73.88706,0.5038542
126484,146,269.17688,23.363094,335.20694,205.78352,0.8310745
126484,168,193.59299,55.686874,259.9518,245.89572,0.7605889
126484,176,189.45357,14.873411,228.27785,124.65493,0.21421097
126485,93,354.7353,168.5394,616.98706,454.56726,0.88351244
126485,122,427.63138,14.782715,462.49573,73.65181,0.4649163
126485,146,276.1782,23.716476,340.68988,201.95894,0.78571165
126485,159,342.9991,21.367983,390.38373,80.93938,0.2731512
126485,168,199.32462,55.709538,265.9073,243.11,0.81345725
126486,93,354.124,167.35767,613.69446,453.07748,0.73959434
126486,122,432.40268,14.310792,467.11768,73.43878,0.41021383
126486,146,281.65466,23.932539,345.28384,199.92645,0.82687604
126486,168,205.35997,55.593502,272.27728,240.2324,0.83785695
126487,93,371.3798,187.07693,612.68384,452.33887,0.8119266
126487,146,286.79926,23.990543,349.86377,198.77975,0.8553287
126487,159,356.0582,22.100513,402.5977,80.9962,0.28129974
126487,168,209.68213,51.82066,278.64404,238.82788,0.8571908
126488,93,397.6701,200.89032,624.38354,451.50375,0.80011386
126488,122,442.00754,14.524696,475.9231,72.210464,0.46264175
126488,146,291.9177,24.09221,354.2701,197.09943,0.82058996
126488,159,359.04218,20.521599,406.16916,79.3978,0.32235286
126488,168,214.09718,48.624348,285.28076,237.9671,0.8091046
126488,184,413.88306,166.82442,510.0072,335.45483,0.74999684
126489,93,407.6749,205.85783,628.5298,451.2336,0.8005209
126489,122,443.63443,14.4268265,477.63358,72.17454,0.46265987
126489,146,293.6037,24.140749,355.6821,196.56061,0.82058424
126489,159,359.75436,19.925404,407.4369,78.81392,0.3224318
126489,168,215.1675,47.445328,287.9396,237.722,0.8090719
126489,184,412.2334,166.52585,508.82,335.8509,0.74988
