frame,track_id,d,h,width,label
6428,1,0.32873102901887713,213.11699999999996,151.30269999999996,A
6429,1,0.7530045798846121,215.19921999999997,152.5315599999999,A
6430,1,0.723556863174554,213.44519000000003,151.53840000000002,A
6431,1,0.7481657529141611,215.30289,152.54370000000017,A
6432,1,0.7197301755173666,211.87755999999996,150.24109999999996,A
6433,1,0.6924965935408804,215.88617999999997,153.56910000000016,A
6434,1,0.819941719419754,220.94065,157.09130000000005,A
6435,1,0.7571622358392696,231.92352000000005,165.1552999999999,A
6436,1,0.7542027568472028,240.29500000000002,171.53189999999995,A
6437,1,0.7881543697912876,241.85804999999993,173.75209999999993,A
6438,1,0.7831360411761589,254.2797,182.54430000000002,A
6439,1,0.7739749731670704,268.66712,194.2476999999999,A
6440,1,0.6283913703224079,286.09521,210.1300000000001,A
6441,1,0.5147853289688045,298.29765,224.28410000000008,A
6442,1,0.6389756031675352,308.25745,235.2125000000001,A
6443,1,0.4925366905248595,316.02483,239.31560000000013,A
6444,1,0.40624969420403145,318.08182000000005,249.69820000000004,
6445,1,0.42337572730868733,320.29963000000004,251.03965000000005,
6446,1,0.44801962593336275,326.71723000000003,255.13779999999997,
6447,1,0.4321901657591203,323.63583000000006,257.0036,
6448,1,0.39195616997761273,325.0982,260.66830000000004,
6449,1,0.3789903513134457,327.76529,262.4235699999999,
6450,1,0.42143679917919225,316.34833999999995,254.4775400000001,
6451,1,0.39270084566977903,303.06567,245.0629,
6452,1,0.39611981605246416,290.37523000000004,236.00429999999994,A
6453,1,0.3313793157033289,300.97222000000005,243.52846999999997,
6454,1,0.3653055510990916,300.7996,240.94304,A
6455,1,0.3682762455306606,300.92743,237.85384999999997,A
6456,1,0.25112534973226097,300.15156,234.46309999999994,A
6457,1,0.18091700885939535,299.0437,229.90179999999998,A
6458,1,0.21757332530094914,300.94129999999996,226.00160000000005,A
6459,1,0.23144932366228457,304.34256999999997,221.88274,A
6460,1,0.31266902359836857,307.30433,217.80735000000004,A
6461,1,0.26849245900985713,302.15436,207.96145,A
6462,1,0.3446173556964026,280.21203999999994,188.90944000000002,A
6463,1,0.33410883264359426,272.64375000000007,181.07882999999993,A
6464,1,0.2589293858979772,278.8517499999999,181.11699999999996,A
6465,1,0.3626997953917973,272.18949999999995,174.47816,A
6466,1,0.3038122360194437,291.95862999999997,184.45134000000007,A
6467,1,0.23167432772556518,296.53513,181.99143000000004,A
6468,1,0.2619962880036384,295.74017000000003,179.9973,A
6469,1,0.37690754383030833,287.96658,171.45909999999992,A
6470,1,0.38469212217870913,294.08246999999994,176.05880000000002,A
6471,1,0.3617042280635511,296.16971000000007,181.90229999999997,A
6472,1,0.4204283300028514,288.0086,178.45456999999988,A
6473,1,0.3518623860088489,285.65939999999995,179.24556999999993,A
6475,22,0.1265850260882399,691.20832,562.5073699999999,A
6475,23,-0.6662828230028357,543.90562,250.44167000000004,B
6476,22,0.08878813278210296,682.1540299999999,554.1168,A
6476,23,-0.6714846512359361,618.905216,284.4231,B
6477,22,0.019222982508903863,663.06906,537.10256,A
6477,23,-0.7100437424036764,642.1709900000001,295.49664999999993,B
6478,22,-0.027996625400710684,648.03877,523.8425299999999,A
6478,23,-0.7151390360715726,650.4588200000001,300.8616599999999,B
6479,22,-0.07504602019234324,697.05017,563.60492,
6479,23,-0.7230653518133904,652.4028900000001,305.21776,B
6480,22,-0.1078463496469168,723.4626599999999,586.5066400000001,
6480,23,-0.7428500443552823,652.583896,309.4559700000001,B
6481,22,-0.11743453684831762,741.97583,603.2469649999999,
6481,23,-0.7857561447479653,648.71694,312.80369999999994,B
6482,22,-0.0905770545630914,757.879,623.69032,
6482,23,-0.7362189366935996,641.9794400000001,316.02340000000015,B
6483,22,-0.09452289390555468,775.7934,644.6965399999999,
6483,23,-0.7018812127993962,637.9605399999999,321.8340999999999,B
6484,22,-0.18355798640920357,798.47067,668.568614,
6484,23,-0.6817041420888247,622.30403,323.18909999999994,B
6485,22,-0.19509615967669047,814.5161499999999,689.18921,
6485,23,-0.6117351422490798,615.8142799999999,325.89885000000004,B
6486,22,-0.09796019574183856,829.56374,730.4522999999999,
6486,23,-0.5352583408321371,598.5896,324.1166999999999,B
6487,22,-0.08160868514744912,846.11636,760.79178,
6488,22,-0.07498325798310351,870.92542,787.6220599999999,
6489,22,-0.07706537103818234,895.5177960000001,801.2494999999999,
6490,22,0.020640699662944795,895.4267399999999,779.70606,
6491,22,0.0381442582837187,903.2400160000001,763.00046,
6492,22,0.08809277470967192,909.792604,733.91112,
6493,22,0.10010045864699585,921.662784,711.53844,A
6493,24,-0.6482526412509244,498.96605999999997,334.6085,B
6494,22,0.15044849911669061,934.65158,692.6753199999999,A
6494,24,-0.5913793047045469,584.82903,391.80017,B
6495,22,0.2229382225753443,938.2133899999999,673.1237,A
6495,24,-0.6379346936557838,614.0887,410.913144,B
6496,22,0.13920712785035289,930.6291100000001,651.00924,A
6496,24,-0.6214667926504178,547.9769699999999,366.547414,B
6497,22,0.1781775805524088,913.7278999999999,630.281,A
6497,24,-0.5909135024491805,526.65678,332.5421,B
6498,22,0.1546970611518939,899.4099299999999,614.7497000000001,A
6498,24,-0.5349529929832404,544.1150600000001,292.3014,B
6499,22,0.15701626213427677,875.1525,594.7077,A
6499,24,-0.44958741913253497,530.8481999999999,255.72186,B
6500,22,0.15509141776491514,849.6617699999999,578.16536,A
6500,24,-0.17630367340923406,484.65064000000007,235.11139,B
6501,22,0.14816840613349508,823.08867,563.423,
6502,22,0.16525616813332777,804.9991799999999,554.7643,
6503,22,0.18747156618060473,786.1790000000001,549.5446000000001,
6504,22,0.1972496804211299,775.0221799999999,551.6624500000001,
6505,22,0.21918813602696624,774.10825,563.2932400000001,
6506,22,0.16736375707127477,778.67257,581.75523,
