frame,right_knee_angle,left_knee_angle,right_hip_x,right_hip_y,right_shoulder_x,right_shoulder_y,right_knee_filtered,left_knee_filtered
507,177.46378611938584,169.57064362330811,303.2456588745117,193.31581592559814,286.45946502685547,190.60285806655884,167.75684148560873,165.3747672160799
508,176.50482088241193,167.41043473445566,290.4458999633789,193.57671976089478,280.196475982666,196.95304155349731,171.03621179682264,161.58523635496906
563,95.69475573796049,80.3057124004931,61.961021423339844,145.16567945480347,97.60412216186523,134.75598335266113,172.98422425702802,160.54305491696581
564,129.06514864232093,126.44004521625489,66.42407894134521,148.30923914909363,99.30459976196289,141.91748142242432,165.3932747263582,153.58643837578515
565,179.8683614959621,174.2920394029987,88.32154273986816,147.89042830467224,101.73210144042969,141.093989610672,146.61036344418216,136.7307463308292
566,148.4106676238656,159.66630790717977,102.90369033813477,147.66254782676697,105.11638641357422,140.6386363506317,131.69471864286015,124.43348561105424
567,164.3205808032622,164.26740229192453,100.37919998168945,148.12153816223145,104.69862937927246,140.2829110622406,135.18460065513727,131.92471890531297
568,147.6731607691581,169.4264297200455,94.88711357116699,150.23757576942444,100.38537979125977,139.94236707687378,151.18926234590927,153.1699462950662
569,170.15481113063257,168.42180865832609,93.50462913513184,155.3077232837677,106.44121170043945,141.27536058425903,163.50652694945848,170.62180631794328
570,175.94381133509313,172.16732453469797,93.2547378540039,158.60756993293762,110.86627006530762,143.68351221084595,165.93404442128465,175.8248168478706
571,179.6522755441684,177.99644929460422,90.68540573120117,160.7166874408722,111.74698829650879,144.54809546470642,164.92828953986944,172.9705987789545
572,174.4656133117568,123.73235854792328,90.28940200805664,159.68921899795532,111.31571769714355,143.5384476184845,167.7591453276362,168.83087628659587
573,172.50784626860593,118.61949174432911,91.89519882202148,160.07266759872437,113.77202987670898,141.41655206680298,173.85904259418263,162.7455932524792
574,172.68594301609426,126.03633450205618,94.15127754211426,159.56525802612305,114.45135116577148,138.6232352256775,177.92920454701604,149.5960041118023
575,175.07918042575173,130.06189937657516,94.40166473388672,159.93715167045593,115.0794506072998,138.66596817970276,177.37123207588246,131.92240778890903
576,175.2773247604825,151.25423054175155,102.68815040588379,159.06294465065002,120.02973556518555,138.63075613975525,174.44793332739965,120.61437459309879
577,168.60339493868793,159.30910875781868,108.51604461669922,156.6526472568512,123.53033065795898,138.33365321159363,172.53034214035156,123.3320962715742
578,177.46647063231345,157.85119404733092,116.43884658813477,156.2492859363556,129.65049743652344,138.35394144058228,172.4275540319238,137.59587311398144
579,158.47460404544364,176.13302240235396,119.11598205566406,163.16463232040405,130.7636833190918,143.36326718330383,172.70654742742718,154.2112029979245
580,170.0174095061828,176.13727504255496,121.48519515991211,172.3448145389557,138.31575393676758,150.33351302146912,171.6583301285738,165.90268019470582
581,176.92123943275564,134.47801246437544,132.11894035339355,175.78606724739075,149.88759994506836,162.06576347351074,169.23434730588588,170.9039492008683
582,159.21214583033105,172.9684288314237,134.4196319580078,182.95079469680786,157.54213333129883,167.41129875183105,167.57334136649098,169.13673033318395
583,174.717057022282,178.54143875066967,136.99129104614258,177.11262345314026,156.96212768554688,158.23605179786682,167.85285928190322,163.10319846834048
584,153.01795696960224,178.25863282512822,141.86902046203613,182.50496864318848,160.35844802856445,158.7218427658081,168.40730768912383,160.46791465102342
585,159.91740765174936,170.4742864265999,142.3592185974121,177.9618537425995,156.33837699890137,149.11439538002014,167.04854355700041,165.89858496774966
586,159.96725856985623,176.6537628714592,146.99610710144043,178.13323616981506,160.55892944335938,147.73234963417053,163.37641092024123,174.50104620472965
587,170.0641284014944,173.83206431522666,155.0644874572754,178.74589562416077,166.81785583496094,146.9243609905243,159.65723352797914,178.98485002831782
588,176.08919729443954,156.122676353883,164.45682525634766,174.87199187278748,170.1190185546875,146.9267749786377,159.43802661200672,177.48405364005623
589,171.6345927875604,149.69722105855956,169.9635124206543,173.99592876434326,176.98123931884766,147.18971729278564,164.00985609281136,171.70136233459704
590,154.253440261147,177.67084672098738,171.12054824829102,178.1336224079132,186.94581985473633,148.677259683609,170.1400545230201,163.99175445863915
591,168.50099418152365,176.87953110393568,174.36721801757812,182.01961755752563,189.96295928955078,156.15045189857483,172.30955162304622,159.06418675788132
592,160.5004468953501,149.62906980912743,183.1861686706543,184.4852113723755,198.80962371826172,160.82226991653442,168.74387012632258,161.0199717202401
593,165.74757008277825,152.73888628176388,188.13884735107422,186.35417461395264,202.06457138061523,159.433411359787,163.4251593144729,166.03788360304273
594,164.00335595336796,125.27276411161934,194.73871231079102,188.0093765258789,217.64751434326172,161.3510298728943,160.88295885962734,165.19686805434628
595,163.8032741437054,125.34103517765323,200.14001846313477,190.62195539474487,224.28882598876953,165.90909004211426,161.7995196117389,154.66443203494012
596,169.74206820815107,119.0256112825419,207.52119064331055,193.77402305603027,241.39711380004883,166.64616107940674,164.08580917781129,138.6424320991766
597,172.1046009628704,127.19983325494594,217.84488677978516,194.9729061126709,256.68405532836914,164.89158868789673,166.1084681670984,124.76812467262323
598,176.6225999113502,132.46413578919507,230.6723976135254,194.80388402938843,266.2433433532715,165.2031970024109,168.09861290251442,118.68293809138304
599,171.70283488699815,128.39394866946665,242.91458129882812,194.89658117294312,275.36815643310547,166.0141146183014,170.7201144930462,120.87971773049719
600,163.7387251593772,120.87855807614183,250.97332000732422,194.46066856384277,289.0589904785156,166.3895058631897,173.08436966640534,126.77347781834195
601,152.25120631960587,124.39243703898944,264.1446304321289,189.97080087661743,297.31441497802734,164.99729990959167,172.70671213778198,130.20410783673776
602,138.35982267129296,126.73267193898008,272.1062660217285,189.80031967163086,308.093204498291,164.04881715774536,167.40738816337753,128.71030019031508
603,132.02299152306313,135.7204553603926,282.3561668395996,187.9107141494751,326.5669631958008,163.59886050224304,157.20919750641198,125.38071081157702
604,120.1754064698062,131.22689157617197,290.76473236083984,186.29422187805176,338.12339782714844,166.65873527526855,144.52809714186824,124.84820727879126
605,119.44513977739328,119.39883517277748,303.82640838623047,186.25843048095703,354.2646026611328,167.2958779335022,132.5771827877887,127.81503610035269
606,117.79627435249775,136.02508971526063,314.71561431884766,186.28098249435425,369.21932220458984,168.21224927902222,123.63719368512112,130.6050026778996
607,131.18960894643388,137.07022097225214,332.7157974243164,187.53501176834106,392.30236053466797,170.6085991859436,118.9113019027692,130.86060679546833
608,120.9905412241446,148.83574792817893,351.48521423339844,189.33724164962769,417.22484588623047,170.69494485855103,118.81825092295689,131.09824872241376
609,116.87522912495187,155.54946958892634,370.11837005615234,191.33849143981934,437.92022705078125,170.09058952331543,121.72655276652785,134.98966582892916
610,120.5180850788563,152.93801055180245,393.11458587646484,191.02538108825684,462.57957458496094,169.891676902771,123.82633247264081,142.78226787637942
627,175.57900712734119,177.68812387313238,99.56604957580566,124.21499848365784,161.14822387695312,116.86574578285217,124.26184636475092,151.70055578099903
628,176.95437223555632,175.6566450578419,98.91706466674805,124.45675134658813,163.66924285888672,116.03676080703735,129.39875536674109,159.84703781692374
629,174.78514108938384,173.81728611168924,95.10719299316406,125.65493702888489,154.90331649780273,122.42172718048096,145.24983444122614,167.4252721850104
630,179.96742908659115,175.90920812645462,95.31251907348633,125.6866192817688,155.9842872619629,121.94404721260071,166.65950490171997,173.78434301021167
631,179.91186276558275,179.22554018964064,94.05799865722656,123.30910921096802,151.36393547058105,117.17117428779602,181.89475565514036,177.18336053546398
635,30.363723701197422,33.37478784289288,267.879638671875,152.29490518569946,214.2168426513672,137.04237341880798,181.89204085864452,173.9760005513249
636,87.68661020716665,73.15538627419433,271.19455337524414,154.53245759010315,216.9339942932129,141.76794290542603,159.40348708989288,154.6441697156439
637,86.23245748861181,86.46732009503874,271.0489845275879,157.226060628891,218.93110275268555,147.32036232948303,117.01171468828936,115.62729589991574
679,131.32972437395279,116.60702085979997,276.5840530395508,161.05129837989807,230.7072639465332,173.53164911270142,78.38428720790284,76.53040819365096
680,133.20523318158237,132.5736234209631,276.6475296020508,161.63570880889893,230.97795486450195,173.5337197780609,70.1060557967171,64.87059971210277
681,157.44279705758413,177.8620898046831,274.1609764099121,163.2814371585846,231.48382186889648,174.04996991157532,94.22155790197309,86.86682916103895
682,177.5864409648117,175.22270346802145,268.17684173583984,165.12970447540283,231.42929077148438,174.05788779258728,130.61987740008647,126.26131586808337
683,173.06971037158985,175.87088040132667,258.6006736755371,166.97267174720764,228.5684585571289,172.5782310962677,159.61265082346014,162.2831235323141
684,166.23337810209102,176.16735989414227,248.68785858154297,171.55642747879028,227.40331649780273,172.1284031867981,174.26049344157724,182.1605857644645
685,173.11269465291983,159.1446232550292,252.21961975097656,171.3549506664276,226.64812088012695,170.29736638069153,176.85616408904409,184.64664206444817
743,163.38123563673585,177.77815513697539,285.647029876709,179.90466356277466,254.7904396057129,181.19744539260864,173.07687805209528,177.02486208474102
759,167.85327731134313,173.54662302014836,257.08385467529297,202.86091804504395,257.72207260131836,187.33867406845093,168.50495347530506,168.92398041078746
760,172.3488664298183,146.22402184756638,257.61539459228516,197.4004340171814,258.32895278930664,185.21657466888428,166.1519033854715,165.98454125759267
761,177.25700520368258,140.9484919596363,260.230770111084,194.42047834396362,263.1606674194336,182.86886930465698,166.73742063555022,165.4326566369893
762,171.22627956384983,131.28104089518604,262.6228332519531,191.08896017074585,266.21856689453125,179.59206819534302,169.75369216789494,160.1834024469771
763,179.84962198905347,130.86216020176533,263.7899398803711,189.52572584152222,268.11620712280273,178.44380378723145,173.4411982255025,148.47374867791444
764,177.5952102638638,144.92454123965993,263.6497116088867,192.05060720443726,273.81378173828125,174.58175539970398,176.01849381659613,136.10591182728513
765,153.0700755423774,130.17660315629712,269.66915130615234,187.6832413673401,280.15100479125977,173.43472480773926,176.61810293849123,130.02352511495005
766,157.23905319111472,156.45706666213934,274.7865676879883,182.18106508255005,279.4118118286133,171.1963677406311,173.847788737235,131.9256203255947
767,175.2886984143674,160.73508126902345,277.1195602416992,180.08971452713013,280.75748443603516,170.89738726615906,167.3934324842512,138.85051206976408
768,148.33928966497442,166.25657950245056,280.8196449279785,180.35349369049072,283.7520217895508,171.74598455429077,161.1117883813998,147.95659003412277
769,134.59960670035494,137.90625280152594,279.2742347717285,184.07240867614746,283.02799224853516,171.80606603622437,157.97145181098398,156.60743888375504
770,147.65444568368477,171.34514803564144,283.77161026000977,183.26622247695923,286.94347381591797,173.2188069820404,154.82919508916146,160.8306900262315
771,162.99345101154753,171.35003908396422,288.23680877685547,183.4265112876892,287.7897644042969,173.88821125030518,149.3129781075942,160.08634946699792
821,164.53803166471428,170.8877789118905,142.11015701293945,328.56335163116455,75.34544944763184,309.60747241973877,146.1175860940512,159.80735100163938
851,148.19580228512226,110.82214035571992,217.41071701049805,240.63210725784302,240.15682220458984,221.21864318847656,149.81076945412823,162.39231727520942
852,140.69307018864504,109.4813725765895,222.85154342651367,245.1872706413269,251.84764862060547,224.8889136314392,156.37674019500685,160.02830520126392
853,116.47773219215992,94.01113658203916,234.44454193115234,248.56524467468262,265.6410598754883,226.6032099723816,156.8723877484065,144.20659505636127
854,123.57930144554292,106.21303901713571,246.21160507202148,251.29753589630127,278.76155853271484,231.2294840812683,147.08348838535645,119.14783373452816
855,114.45120092962169,103.76570428922345,259.2863464355469,252.50107526779175,291.5413284301758,232.35723495483398,131.46683067647902,98.81549026867049
856,113.05273931702519,105.95860743268807,272.8615188598633,255.51611423492432,307.15259552001953,239.6644949913025,118.37517013834942,92.54718829722424
857,93.92306529692341,95.63350874548782,284.5762252807617,254.76934432983398,321.66316986083984,241.60637140274048,111.82768522864544,97.55383731182985
858,86.73299172883506,82.01399601706883,296.0921096801758,253.9018964767456,332.6808166503906,241.37385606765747,108.47469929161986,103.54567356924234
859,92.32981788483211,82.1503021586773,307.6942443847656,254.09969329833984,343.6996841430664,241.33739948272705,102.97941970512791,102.19956012419335
860,79.90851586409316,78.16737851824907,317.62542724609375,253.4230899810791,354.1221618652344,240.6491231918335,94.71739558619377,93.18954576838333
861,76.05028702920178,79.50264349595454,328.74683380126953,252.9694962501526,364.8383331298828,240.01946926116943,86.97191933780739,82.65543687764759
862,82.82757574085785,85.0084836259276,339.18041229248047,252.94153690338135,375.48240661621094,239.30063724517822,81.78985618161097,76.68086260491572
863,90.40220751931514,104.43703064851267,349.0687942504883,251.80245637893677,382.4211883544922,238.67952346801758,79.46576834976545,77.42234198994365
864,101.23416439626597,101.70100178013075,358.20056915283203,251.73671007156372,388.4043502807617,238.3846092224121,80.83581838943971,84.08898372251838
865,91.21470713535356,90.15293648074703,365.3990173339844,248.44924449920654,396.06433868408203,233.99250268936157,86.23912121369011,93.5191418313227
866,67.90888358477144,88.25703714649042,373.4675598144531,243.25371980667114,400.52074432373047,227.5000548362732,92.33659586513905,100.05051507526962
867,84.44701167030861,170.4836667178486,384.33448791503906,241.77715301513672,411.075439453125,228.72994422912598,93.10853258467277,101.60008199192603
868,91.6925518615511,175.94379883200483,393.8982391357422,238.99585247039795,416.1785888671875,224.25737142562866,87.21815047300122,107.11102122789966
869,85.52817241554497,178.97996328615613,403.24642181396484,238.93433332443237,427.46326446533203,225.33873081207275,81.13795184318796,127.59653583536227
870,86.89670612277558,175.03731283157384,408.7751770019531,237.09892988204956,433.1296157836914,223.35415363311768,80.85519282538667,158.46598344219066
871,93.60450754485578,176.56234069008084,414.12010192871094,232.60251760482788,434.05445098876953,215.30907154083252,85.10940190253007,182.386097880199
872,100.15563165362794,168.3956436476113,419.63645935058594,228.90825748443604,438.7191390991211,212.6391363143921,89.71095961279175,188.7181826045512
873,108.51647313689223,162.49176379297697,424.62684631347656,225.96980094909668,443.4971618652344,210.67968606948853,93.51188304905654,181.29012892355348
874,53.45698618230071,119.36575601705682,420.5225372314453,223.62990617752075,438.78700256347656,205.1978302001953,96.48988461589347,169.04744145734648
875,124.96162259368154,116.47770696753052,423.54320526123047,218.30194473266602,439.9408721923828,200.61037302017212,96.17313070536319,155.34912606848007
876,129.68063389735474,124.81714125980238,423.07323455810547,216.06133460998535,436.21341705322266,200.06710767745972,93.82518084434669,139.35482117216443
877,116.99353380051821,125.82514449069978,422.0424270629883,215.43693780899048,434.16934967041016,199.080011844635,97.79670222071414,124.35212285683704
878,107.73382885745677,130.65138509090835,422.1356201171875,213.33839893341064,432.8649139404297,198.06748867034912,110.32280906728937,117.07705005807412
879,112.13222206678645,132.50637338315266,420.0465393066406,212.8462028503418,432.2298812866211,197.45405673980713,121.26126627982214,119.50903034660105
880,130.71182433678183,128.40877641952312,421.8157196044922,214.93206024169922,436.88426971435547,199.69438791275024,122.49883228532615,126.79795339514374
881,123.7295510942809,126.61218550795833,421.8119430541992,214.6721649169922,434.5634078979492,201.08688354492188,118.32091556908676,132.35432035999105
882,134.21204403685914,112.6936010346837,420.8980941772461,214.83253955841064,433.59718322753906,201.37139081954956,117.5340050658824,132.5129651240163
883,142.24877271440153,125.47290485142076,420.2886962890625,213.93382787704468,433.19568634033203,199.35683727264404,122.91340283688751,127.72018240649142
884,134.89584632526612,141.70412619742427,415.2212905883789,209.34714317321777,419.48429107666016,195.14109134674072,131.20842864340435,122.19153789537165
885,139.29831401934464,159.23283196984283,417.1333312988281,210.6603741645813,423.7894821166992,197.18173742294312,137.96306586851338,122.31845738044592
886,136.2474654417098,143.52744625489348,413.6211395263672,208.36665630340576,416.73973083496094,193.2750678062439,140.5707696654165,131.3728115884657
887,150.0551923286982,148.71553906896384,414.8878479003906,208.34373950958252,421.52942657470703,194.57036018371582,139.89731150412675,144.59454410324804
888,171.44173621870215,161.49943854510772,411.1449432373047,202.39084482192993,409.72965240478516,191.21957302093506,140.11083346672484,153.54947647688692
889,177.7977849274558,164.3590023945438,411.2247848510742,201.63821697235107,408.41236114501953,191.11762762069702,146.0159515974748,155.937408173954
890,173.55244239953163,170.85528795964257,412.2716522216797,202.3199701309204,414.9507141113281,188.45906496047974,158.3844484123398,156.72462989486118
891,176.87291535813426,159.21590263280837,413.0249786376953,199.4923210144043,413.42430114746094,186.78699731826782,171.7948717331018,160.09366493632072
892,164.18393363685234,162.46519392537886,411.5030288696289,197.94612407684326,407.21946716308594,187.22481966018677,179.25914874659367,164.56263885766018
893,169.97385933830992,161.8626340044385,412.28099822998047,198.42671155929565,407.25608825683594,186.9007444381714,178.410224960792,166.32939433698954
894,173.286815822367,165.89929620477355,413.67481231689453,198.12825679779053,408.57872009277344,186.30668878555298,172.72266321955146,164.71591906333387
895,173.86727181431186,165.42261940586937,415.3423309326172,196.07338428497314,409.6451950073242,185.14546394348145,168.16005311573542,162.57347432339228
896,160.61838972575296,175.90534328399602,420.95008850097656,192.33436346054077,419.61299896240234,180.84204196929932,167.84519310128843,162.70863061722173
897,167.90596314801732,176.0888114777865,421.8311309814453,191.6299295425415,420.37425994873047,179.85962390899658,169.5119962391242,165.840309891767
898,167.43729049489434,177.71460740889182,420.2565002441406,191.24100923538208,414.83665466308594,180.12775897979736,169.49512789553378,170.8635566066048
899,172.65906255876314,165.07592730656853,419.58526611328125,189.63065385818481,413.55892181396484,178.0429208278656,167.7593646152068,175.31432112873807
900,170.0657191931231,161.66781556240593,419.07127380371094,187.53951787948608,413.2472610473633,175.96020698547363,166.95402784749004,176.2136599656128
901,171.83635519955462,161.45192522037192,418.9718246459961,184.7748041152954,412.93235778808594,173.89686942100525,168.32613102988861,172.27935540496927
902,174.21601556671516,167.79739841921665,418.54930877685547,182.77499198913574,412.8179931640625,172.77244448661804,170.69189420144738,165.88149891727886
903,170.64238493081996,154.80780583723825,418.6298370361328,183.03063869476318,412.9860305786133,171.647869348526,172.47016240963794,161.26480467969233
904,163.04038232670882,150.01705501525396,418.6927032470703,182.22580432891846,413.6784362792969,171.28808856010437,172.815003168241,159.75159758611912
905,161.2089677202313,174.50743527890793,420.7073974609375,181.3774538040161,416.309814453125,171.16685271263123,171.10555719307027,159.19160569957347
906,169.41447435832572,173.94371256365062,420.6032180786133,181.97359085083008,415.7910919189453,171.6969108581543,167.55086995531937,159.30785928351438
907,174.8174536057323,174.9316750097511,421.01062774658203,182.52548217773438,416.2645721435547,172.06278562545776,164.5226476214454,162.71513483274316
908,167.882034982705,163.49555587572127,421.866455078125,183.1721305847168,416.8527603149414,172.45040774345398,164.87369774803014,169.0735980538533
909,173.14832442631234,170.56691075786094,421.4854431152344,182.25239038467407,416.94095611572266,172.2129249572754,168.32688148423023,173.65953044055144
910,178.75204068481466,176.99015782719218,422.3514175415039,181.66226148605347,418.4199523925781,172.28538751602173,171.96147425597346,173.5274735372868
911,157.74525338148422,172.78735195191246,421.8710708618164,181.90252304077148,417.60570526123047,172.52928614616394,173.72440250218918,171.24887279140313
912,149.30720813197775,174.58101130655942,422.03338623046875,182.28925466537476,417.5292205810547,172.91255235671997,172.34424269897215,170.77292025840615
913,130.52955957535613,173.5349390807274,421.87110900878906,182.3413324356079,417.1005630493164,173.23837637901306,165.9054735373492,172.55039570034668
914,132.28700444003164,173.08408743819172,421.4889907836914,181.92252159118652,416.36390686035156,173.7028169631958,154.06828151921468,174.43023034525547
915,136.7355729920861,178.84260544164752,419.94983673095703,181.17064476013184,414.61524963378906,173.65059971809387,140.577114022655,175.02554084950987
916,132.76993371232422,178.1302044002578,418.8068389892578,180.672869682312,413.2172393798828,172.9865598678589,131.358944341451,174.98815484076704
917,131.79644734110215,175.95748777035973,418.3294677734375,180.58969974517822,412.59033203125,172.21313953399658,129.24282593009193,175.60558076194292
918,133.82161811145946,174.03912463362585,416.9209289550781,179.747314453125,410.83568572998047,172.3420250415802,131.58610345937024,176.7611346393029
919,132.88818992324997,179.18388134507487,416.31702423095703,179.35513257980347,409.75257873535156,172.18510508537292,133.9733128482242,177.25538050349846
920,138.2977710843032,176.89045541076956,416.0778045654297,178.89781594276428,409.25315856933594,172.06960916519165,134.58075229585043,176.8680643634208
921,150.15400183617075,167.90900036356177,414.94129180908203,177.7949023246765,408.3441162109375,171.17130517959595,134.79861349333095,176.31297145789142
922,160.9440318818897,172.77794659784976,414.0446472167969,177.2012758255005,408.2113265991211,170.66087007522583,137.51770988011742,175.417423539306
923,169.34898170178354,177.15849795167108,413.00045013427734,177.53207802772522,407.52418518066406,170.72001814842224,144.67782202192487,173.76192613409114
924,173.44374311121143,178.27201114894513,413.4941864013672,178.35554838180542,406.7439651489258,169.90062475204468,155.3260596101397,172.59697119782516
925,176.68174853853512,179.3525511942236,411.6400909423828,177.03210353851318,404.9774932861328,167.92963027954102,166.09080587060342,173.59442313319326
926,176.686978177636,174.2899080444051,409.9604034423828,176.6240108013153,403.7989044189453,167.75178909301758,173.75794680414495,176.2858225988761
927,173.37223782563606,172.87718305676407,408.0841827392578,176.76849603652954,401.7340087890625,168.07876110076904,177.2063203670266,178.2748631831393
928,170.28749792199534,179.92486946715113,406.0281753540039,176.18879556655884,400.1865768432617,167.39301681518555,177.1355501735705,177.9102893315389
929,171.85731684009698,179.99520300098672,403.42479705810547,176.3866889476776,397.22434997558594,167.35934972763062,174.9522601447434,176.32264854935616
930,174.61177333726218,175.8080896802705,404.54559326171875,174.5444941520691,400.7103729248047,163.82371544837952,172.40307184958317,175.92006190443988
931,175.93411203540123,164.90261454847155,399.6409225463867,175.49452185630798,392.7754592895508,165.88115215301514,171.26641808380577,176.7734248440987
932,171.70046046014625,170.1196306507494,396.97959899902344,175.4054296016693,390.14698028564453,166.38142704963684,172.16415853229532,176.27659754437596
933,176.4825743544063,164.03082581434876,394.27330017089844,175.27927994728088,387.8268051147461,166.43589735031128,173.92290207079122,172.93259752876318
934,161.70736125945925,164.2993824484556,393.1778335571289,174.51167464256287,387.5566864013672,165.77943205833435,174.68399640866087,168.35166177788878
935,171.96364630988543,179.10026057220918,389.3868637084961,174.53985929489136,383.12522888183594,166.04648351669312,173.3199013224991,165.30996035763349
962,161.65174400482687,168.28019997620498,250.5752944946289,184.79510307312012,246.07769012451172,151.93836450576782,170.21798010173768,165.68074582168902
963,175.986031018739,148.85423017832966,245.1881980895996,179.77038145065308,241.34632110595703,151.08894109725952,167.23774446043058,168.37435927430388
964,171.8255768839038,173.92975358137537,240.43703079223633,177.7101445198059,240.20751953125,144.52651977539062,166.46527399762357,169.1418876612904
965,165.95214229348338,141.9520826948539,237.63906478881836,175.2178680896759,235.63562393188477,146.21649384498596,168.32780609927818,165.66920914263994
966,172.0777929060391,159.16792694497641,234.6385383605957,171.5130615234375,231.62302017211914,145.98087787628174,170.76934502386538,160.0284685358475
967,174.6782558854893,157.30846330268537,226.60106658935547,170.79198718070984,227.1859359741211,146.50676250457764,171.6512455967723,155.22066803550877
968,179.53701313022083,152.48442435600302,222.77986526489258,167.83480882644653,224.93072509765625,146.8485724925995,171.64385499014423,153.1454608129661
969,178.99405032386568,144.4304435311425,219.13774490356445,170.75013399124146,225.75214385986328,147.06313848495483,172.8957441769363,153.49580213678058
970,177.029005521199,150.1162109425803,219.35626983642578,171.25015139579773,227.87921905517578,144.9612843990326,175.8054894299369,153.46759277788436
971,178.44468960003067,150.3638432258686,219.9012565612793,170.44269919395447,228.56983184814453,140.3358793258667,178.58343333087655,151.3718965484269
972,178.2964134610884,149.65166690760302,219.6403694152832,169.1814923286438,229.0614128112793,140.61802625656128,179.57266860079076,148.84085059357136
973,179.4022367237593,143.97474636447132,217.69372940063477,169.29744958877563,229.81809616088867,140.4291558265686,179.00362483368272,147.86576949695672
974,178.12231815627712,145.49146753567953,218.61427307128906,167.5972294807434,240.89014053344727,134.55554723739624,178.24198360423287,147.94975018686608
975,177.291807689542,147.29449405083878,219.67117309570312,161.65286421775818,241.9310760498047,135.90850710868835,178.0763364720842,147.51071275652515
976,169.0009328768445,156.11820840706386,227.20638275146484,161.90698742866516,246.97881698608398,137.55486845970154,177.99003937496173,146.68519357756185
977,170.90134521847614,161.3751491598,230.07917404174805,162.33505725860596,252.78682708740234,134.78800892829895,176.75104499565876,147.49883614996025
978,175.9966312377422,169.8053082209748,233.2168960571289,164.0110731124878,250.52017211914062,139.29120182991028,174.1170262507003,151.62942665201848
979,169.69604518823036,177.05775217909667,237.8023910522461,182.45267629623413,269.7059631347656,156.6517460346222,171.71169578058104,158.77277618158226
980,174.35919393798147,162.059303791125,233.7981414794922,180.36834239959717,260.92336654663086,148.8589632511139,171.08523449318264,166.65088719626965
981,156.80280188294128,175.52210000727254,233.32138061523438,193.2517647743225,261.732234954834,166.04542136192322,171.4814790845997,171.96648254959453
982,155.22788823480914,178.7199971970272,235.70375442504883,188.61034154891968,271.5468978881836,159.48896527290344,170.24729359105353,173.26604702922904
983,151.34459486766448,172.0170827522524,234.94701385498047,188.2535219192505,266.4231491088867,158.26290607452393,165.43883737633428,172.83673349212154
984,160.52185326172435,173.4958806871139,241.4309310913086,195.46967267990112,276.0484313964844,163.71217846870422,158.48705882432733,173.27877977640946
985,167.79790535084217,172.51201732772273,245.0582504272461,194.48661088943481,283.9690589904785,159.83596801757812,153.8155304762075,174.23436187148974
986,162.43714782159932,174.1561687523963,245.42829513549805,193.7643027305603,280.51504135131836,158.3833909034729,154.81766592993714,174.3529524368455
987,169.78578256702977,174.71968155717357,242.96133041381836,193.308584690094,276.7034912109375,154.71593141555786,160.31583329372177,173.7203385332373
988,138.91926499278256,169.2090319603321,243.4650421142578,182.80368089675903,274.2890930175781,140.54174423217773,165.2751088523522,173.2027561119859
989,168.69221350778957,177.57723910425796,251.49478912353516,181.04355096817017,283.64933013916016,141.36640548706055,165.04187836982163,173.04507345822333
990,153.9989525226613,155.64945851696518,249.97243881225586,181.6168999671936,284.3404006958008,144.51105952262878,160.08395424735525,172.6755376103012
991,141.16048786160871,132.52004615937358,248.21704864501953,179.62130427360535,280.443058013916,146.2902545928955,155.10695907387097,170.05585677119151
992,138.96478097174221,123.71622355561121,247.9742431640625,176.92375302314758,279.33101654052734,147.06773042678833,151.9558839571222,161.6304753150733
993,140.73742540761137,131.02706709375303,245.5986785888672,171.80384516716003,270.8864974975586,143.64273190498352,148.22899474896604,146.7765885600673
994,141.77758962263343,111.39841787867996,243.7497901916504,172.68654942512512,271.12560272216797,144.6546220779419,143.2270073436788,131.02052509412388
995,147.64263616382493,116.02720275162527,243.78276824951172,172.33245491981506,275.26988983154297,145.6153678894043,139.64985151452174,120.53842045796027
996,153.95716506962157,116.65931174367634,243.79207611083984,173.05850744247437,283.34503173828125,146.23981833457947,140.0276082019054,116.12767752663413
997,161.4724238499011,109.07721263044868,246.33525848388672,171.17254972457886,298.6725425720215,146.35064721107483,144.53171039723654,115.01934128136305
998,168.84384783799595,106.98013460222252,249.12118911743164,171.790874004364,311.329345703125,146.3845181465149,151.61366745590072,114.42014604068383
999,170.3318644196861,109.67298958613793,255.12954711914062,168.725323677063,314.2784118652344,148.73624682426453,159.3565690675012,112.61573651283989
1000,158.4245294156735,119.12761173236181,262.04931259155273,169.32090282440186,324.0537643432617,149.70432043075562,165.7302772170495,110.14679662014781
1001,145.45473913255606,138.52677122755443,267.1957015991211,169.3080711364746,328.87996673583984,150.48978924751282,168.00420377903916,110.1296571580847
1002,132.99760443262218,134.55830319156553,273.97525787353516,169.94157671928406,336.9557189941406,152.57734179496765,163.6156117676442,115.66463420037367
1003,127.69924801945449,130.90291261076695,281.63293838500977,171.96057200431824,343.86714935302734,158.71206879615784,152.7419218448227,125.70204219467036
1004,123.2526519584373,115.09876459139616,288.79955291748047,177.6196575164795,355.8812713623047,160.75091242790222,139.24775659088047,134.08878545446774
1005,113.83901195549346,104.87051646765296,295.14047622680664,184.93983507156372,360.0778579711914,167.912335395813,127.93446239037235,134.3016005471899
1006,110.84317268249397,109.3483458326485,304.25832748413086,188.18305492401123,365.33042907714844,174.2612099647522,120.7312735558733,125.3537816921197
1007,140.79190533624714,148.67997981531016,317.7970504760742,192.54630088806152,374.2432403564453,171.8194556236267,117.08909418631178,114.08177081968034
1008,131.93797919182862,155.02896570391394,326.0985565185547,194.51051473617554,383.2273864746094,173.57661366462708,117.74003018859365,111.69564799161752
1009,119.71268472175117,149.96319937907003,338.30677032470703,194.92754459381104,392.3286437988281,172.52384662628174,123.25532123186883,123.83682608483458
1010,114.81005753501388,141.3046677859131,347.7299499511719,195.2932047843933,401.92726135253906,171.95754647254944,129.12063877964638,143.02020996811143
1011,116.43742742194385,158.2196944972165,359.78431701660156,194.04831647872925,409.91817474365234,171.41844391822815,129.00294743501505,155.74993901773618
1012,139.64000315466623,158.3226035528647,364.53468322753906,193.13660144805908,415.85453033447266,170.66506505012512,123.2716568085991,157.19258211201307
1013,143.02503142566337,149.4005707295877,369.50305938720703,192.45989084243774,418.7533187866211,170.52212476730347,119.67081658340567,153.63394515154914
1014,122.0760908209974,132.57656290823635,383.70689392089844,189.67185258865356,425.00648498535156,166.21288776397705,123.99030470681917,151.22867038553107
1015,121.54878958813488,107.02389939466418,393.7500762939453,189.48763847351074,434.08695220947266,167.254239320755,132.05726345246563,148.188708679401
1016,126.19919891619654,103.5725698717018,393.4744644165039,191.36887550354004,434.9492645263672,171.8229854106903,134.8919710705137,138.9959630554652
1017,117.71363342369266,128.1991379441743,397.2154998779297,190.2936315536499,433.38855743408203,171.79233312606812,130.13247010673473,123.74169556578669
1018,116.60208751559897,124.62385788302528,393.4690475463867,190.12216329574585,432.0633316040039,172.78231501579285,122.89539472493013,111.16602428318642
1019,132.14380647007422,138.9380939408987,396.0840606689453,190.0982165336609,431.8714141845703,173.93460273742676,118.35920060677621,110.1369421992125
1020,134.0881978486116,136.36778675546708,393.2099151611328,191.16097211837769,428.60790252685547,175.2500331401825,118.74497730262887,120.08216907254764
1021,132.25539097469098,136.48097212830203,390.21575927734375,191.11908674240112,426.07303619384766,175.19189357757568,123.81910355815721,132.66431830376786
1022,142.9098424119163,134.16991532482828,387.6294708251953,191.02677583694458,411.98829650878906,180.22616386413574,130.79188832086209,140.1245959829863
1023,161.41064865101322,143.07185690920443,386.86954498291016,191.28527641296387,404.09698486328125,185.70703268051147,136.97963738293655,140.67958372179456
1024,174.36972370936112,151.51027784069845,384.7179412841797,189.18678045272827,393.90308380126953,188.69507789611816,143.49684210831688,138.45922159236963
1025,171.23864589961238,179.81342362958304,382.1527099609375,188.7873673439026,388.36803436279297,192.65045642852783,153.11486838963896,139.77099692561788
1026,167.80365171971488,171.3579803578767,373.5538101196289,189.31938886642456,381.0380554199219,194.21907663345337,164.63453787514905,148.48664345111726
1027,164.64410245905077,145.8536798502709,363.5128402709961,189.93934392929077,371.33533477783203,196.50442600250244,172.68326644560167,161.6763620997196
1028,175.6711520462513,159.68959137674585,354.2573547363281,189.95052337646484,370.9014129638672,193.41694593429565,173.87608012783033,170.05931193353234
1029,155.47355711976303,165.2628171692797,343.1953430175781,186.21830463409424,370.48961639404297,172.2782850265503,170.47075949286685,167.94996416592767
1030,162.84408005056434,171.7826044181407,337.70450592041016,184.74712371826172,367.6186752319336,169.48940992355347,166.46088485929715,160.89581221369252
1031,163.42146427196482,179.51325926852934,334.05120849609375,182.52983808517456,364.4558334350586,166.3858151435852,163.40441054592117,158.70163967919297
1032,176.23190430663678,172.7628628679923,333.77906799316406,180.3706169128418,349.81876373291016,168.17559957504272,161.9728014590868,164.46679167489546
1033,174.80258206382464,174.61939502021113,328.0109405517578,176.76499843597412,328.9600372314453,171.55701756477356,163.6261438263435,173.19301380038976
1034,175.96613889141278,171.38970691732905,324.09236907958984,179.02721643447876,336.34883880615234,174.55540537834167,168.51772805555078,178.27295902726578
1035,177.69518435163147,177.9052281407059,323.6486053466797,180.3901219367981,338.61427307128906,178.66039752960205,174.14718730060866,177.74891763247038
1036,179.0853205810473,179.32642936353878,320.1314926147461,176.20880484580994,328.6046600341797,177.3609209060669,177.72052168647315,174.90397572913426
1037,174.24026427092772,162.68221269725566,316.32442474365234,178.0285656452179,330.1746368408203,178.42581152915955,178.64139571086923,173.52988289823347
1038,170.16536337355296,166.05833543981353,313.34728240966797,185.63725233078003,321.9348907470703,192.32904195785522,177.74576682437436,173.35867034333677
1039,168.5100522568073,165.07768444221117,312.43417739868164,177.6047658920288,330.3510284423828,176.97177529335022,175.56948675485253,171.58383511013773
1040,173.66279276336678,178.7221807272459,318.61379623413086,179.53665375709534,345.0410461425781,177.09506034851074,172.63795320740783,168.18698451507655
1041,177.6568823610962,170.07434651732663,319.36885833740234,179.88970756530762,365.74024200439453,171.0114562511444,170.50899478252205,166.56260393450447
1042,179.6776040012081,172.44740333309713,318.89440536499023,178.05741548538208,367.34535217285156,168.43945384025574,171.0105929562459,168.5901429839145
1043,173.10649150191125,179.25372814259,317.29440689086914,178.24843168258667,367.4899673461914,170.9869408607483,174.0780418875164,172.24685839951107
1044,142.80492808501074,163.09889983213816,318.5008239746094,182.93452978134155,340.84766387939453,179.59428906440735,176.34555335757915,174.64640806373612
1045,165.90024177112804,157.91478790075848,323.45706939697266,182.8996181488037,331.73030853271484,179.6022605895996,173.1655705112267,174.10247296359063
1046,154.86446188140917,168.47925202053574,331.2118148803711,192.924063205719,336.5630340576172,195.59507131576538,164.50465786087102,170.10666650206204
1047,179.35021363777554,173.97083828584016,335.6041717529297,189.72283601760864,339.74437713623047,189.04166221618652,156.89767159116934,165.04214409868626
1048,176.64650319981152,178.50801859894327,334.7288131713867,189.5891547203064,332.1238327026367,186.45665645599365,156.99241444143928,163.60343765759967
1049,178.02749727799088,172.35975076971914,336.83265686035156,186.28098249435425,330.61878204345703,183.73161792755127,165.03163895780978,167.66747437926472
1050,178.51112256722845,171.08677745833174,338.39099884033203,189.37972784042358,332.39429473876953,187.817223072052,175.1567767021936,173.72519950221516
1051,176.28427519601948,156.17832721444796,337.57808685302734,193.19889307022095,333.26812744140625,192.38702058792114,181.1172760069597,176.3373949334249
1053,174.7295080567769,158.00767876681533,349.2000198364258,198.2885456085205,325.1388168334961,161.826092004776,181.25360334148905,172.82626846639334
1054,173.40578321307518,150.08775691188777,349.60166931152344,198.310067653656,325.40122985839844,164.53131437301636,178.05346203146985,164.87449024548582
1055,171.83769429574286,142.40502173610383,349.6653747558594,198.3713722229004,325.2242660522461,165.20402312278748,174.68694782873592,156.38681749316612
1057,143.3798520243981,110.75217363958852,254.28949356079102,158.97181391716003,293.61474990844727,151.07635617256165,171.9682056135371,149.00796229652877
1058,95.362075558225,105.93465744595733,266.3765335083008,158.3945596218109,299.81433868408203,152.17068672180176,166.06137162393352,140.01066880998582
1059,161.83909052666453,151.91385831771603,276.6847229003906,160.28581738471985,307.3250961303711,156.44781231880188,152.1647545871526,127.96041670231966
1060,169.77817285178284,148.60168092635578,279.49920654296875,157.17250227928162,308.19454193115234,154.60243105888367,135.93045884114056,119.75999137604234
1066,171.88643593623175,173.04752070051896,196.94929122924805,163.21476817131042,251.27307891845703,148.72227787971497,132.61901966296384,124.79514573325842
1067,179.85124698592102,172.75217193468066,194.54193115234375,165.2028214931488,250.43663024902344,166.4305865764618,147.67715412593688,142.6555945044117
1068,177.6735389380004,166.98673556895287,196.58191680908203,164.02718782424927,252.09579467773438,171.08917593955994,169.30233866313299,162.98679823394104
1069,172.03720514891285,168.75865075569814,204.1831398010254,147.45101809501648,257.8243064880371,145.97020268440247,183.02688443654054,175.27636056847686
1070,170.41318793068442,176.7690365793086,206.94219589233398,150.1414668560028,256.883602142334,151.85840249061584,184.22609375047477,176.66746845681405
1071,177.6836724490569,178.7591982364356,212.84317016601562,147.3177981376648,256.89809799194336,151.29395842552185,177.7692580537479,172.75449829307726
1072,173.3043057062004,174.72611964639637,216.09310150146484,149.0173316001892,256.74083709716797,157.36241340637207,171.61740254415417,170.92614224704445
1073,157.0631140834937,162.94985693120415,222.93987274169922,149.10622000694275,267.8744888305664,149.98441815376282,169.84571682040678,172.85178073520197
1074,172.50663419958786,177.30734689482955,232.2808837890625,144.3415868282318,276.6233253479004,143.68234276771545,170.19709566032256,174.6797980495507
1075,175.5659106289017,176.65475093611167,234.09486770629883,144.67856884002686,263.01305770874023,145.72628259658813,169.49212121836763,173.90733059978723
1076,164.71362441576431,150.78917007238405,237.99732208251953,144.40555214881897,257.128849029541,143.74483823776245,168.55969605078593,171.98858732311675
1077,163.04272797654977,154.26564327690025,238.34657669067383,145.6830883026123,255.06681442260742,144.3372631072998,168.78621327800212,169.31040907925836
1078,174.60656929390169,159.19774572894417,232.7230453491211,148.74451875686646,250.38307189941406,145.68504095077515,168.9144921396025,164.1504405981924
1079,106.55226225799136,68.83555634332397,213.51173400878906,155.3387725353241,247.67288208007812,153.55175614356995,166.66299264171357,155.49955904920205
1080,164.4648268572429,177.1037156414227,209.56903457641602,158.6793351173401,240.96439361572266,155.79419016838074,159.47873636953267,142.50157100056532
1081,125.69612674983762,51.11469089415376,207.6560401916504,160.639568567276,238.64835739135742,155.05457639694214,147.9895561576389,127.18924663720094
1082,58.89520043690291,74.88332938198297,205.13343811035156,163.01907420158386,236.75691604614258,156.20302319526672,136.04138969536154,112.85428064948243
1083,179.318142860284,64.0271582544595,209.11598205566406,162.49841451644897,239.29079055786133,155.30272364616394,124.15906726483898,97.0844378313771
1084,178.12596424833623,134.78730677909738,216.40214920043945,148.7087380886078,239.8514175415039,138.76097202301025,116.74207144274267,80.54568753837268
1085,154.74978283003898,122.44314864344997,214.8752784729004,147.13436722755432,234.5119857788086,137.36637353897095,125.7721676699268,75.43613067183709
1086,166.43035537026603,151.97629417874947,218.251953125,148.92665147781372,237.6087760925293,138.70567560195923,150.07142016589614,90.95264456771558
1093,104.53302656476092,154.07959919019055,218.7989616394043,142.85956978797913,200.19569396972656,139.57135319709778,169.41215470207712,119.66985708212242
1094,148.00685614515862,18.88152612861264,214.3570327758789,146.90715193748474,197.41374969482422,149.42161560058594,167.33718272593825,142.1133245380617
1095,40.579440705183835,26.36654083840172,210.7539176940918,146.01792454719543,196.1429214477539,145.7312822341919,145.65496507402972,136.88612758124813
1096,8.491225293980547,31.7721066258773,211.72361373901367,145.5709183216095,195.01291275024414,144.8993682861328,113.72307767086886,97.2004821416414
1098,151.12322139235968,136.82541986117184,200.90143203735352,141.64584875106812,220.72269439697266,118.88481616973877,78.99541486696141,47.734249202591904
1099,163.13830130354074,141.21886748294082,203.19143295288086,142.27420449256897,219.49552536010742,120.1678991317749,58.926149120034374,30.105174938979136
1100,173.90136575465647,157.68889492623742,207.1629524230957,141.49635314941406,214.13625717163086,124.70735549926758,75.8932596533957,62.0759940244553
1101,163.0372039312798,123.72943853174046,207.296142578125,142.12456941604614,215.1367950439453,124.83306527137756,124.69726626533185,118.88674182754295
1102,170.28447632822375,164.0418363496378,208.8190460205078,144.00301694869995,218.06062698364258,124.38759326934814,171.30097080325373,159.76778093533545
1103,118.71534657073607,170.46572807938756,211.84650421142578,143.83448839187622,220.20681381225586,123.897864818573,188.27857772584179,168.08502464600215
1104,152.8490404195224,170.11364343072543,212.29503631591797,148.8925015926361,222.26713180541992,124.77187871932983,174.9642654061675,159.5099237731764
1105,166.00030414299448,150.319288699857,212.83130645751953,147.7522838115692,221.79027557373047,124.29603338241577,150.56489922361615,155.17109221308203
1106,168.63737142347247,140.99898948672572,216.25286102294922,147.16196179389954,221.65943145751953,124.17855262756348,137.57831320391648,158.41930493712948
1107,169.6411352470868,147.54873375554357,223.98561477661133,147.57895946502686,227.63751983642578,125.45299887657166,144.5681121042904,159.77607365239683
1108,171.3871101150691,137.63943148811904,225.65433502197266,150.41667222976685,231.86500549316406,125.49713730812073,161.79509166146144,153.99703571175218
1109,176.20336633354808,135.8152568232692,229.58080291748047,151.1651909351349,239.7958755493164,125.95152497291565,174.8222822821575,144.93116450371613
1110,179.72851322870932,123.12308187733817,231.64297103881836,152.86199927330017,246.3996696472168,125.51563382148743,178.3873391346485,137.7245519897092
1111,172.06155139864262,119.09155249750496,233.2122802734375,161.21649026870728,253.64086151123047,125.62254667282104,176.60937349208928,132.900385698797
1112,175.06498801101435,100.56035539405607,240.85695266723633,157.7693796157837,261.79325103759766,123.80782842636108,174.7532577161837,127.7168290788825
1113,173.8249867530984,112.71678577219477,248.8054656982422,156.64628505706787,271.18358612060547,122.03538179397583,174.29818685414148,120.18850200034882
1114,179.47650505622846,129.75226717389538,263.08507919311523,148.0010426044464,284.1218566894531,116.78441047668457,174.55225478390847,112.4145229757518
1115,171.46579452449137,145.71562230439525,277.50736236572266,140.54248452186584,295.5032730102539,113.98288607597351,175.08065516711403,110.47770793690798
1116,160.22551855881704,156.78807076224595,285.78969955444336,141.47894024848938,305.6942367553711,116.2921392917633,175.1507806563339,118.93557070438719
1117,174.0749718601573,158.33495071247137,297.9103469848633,139.63772177696228,315.09708404541016,116.22803449630737,173.30359307448268,135.37148436033524
1118,165.14252112850386,174.9082007867507,309.96938705444336,133.79825234413147,330.24620056152344,103.42512130737305,169.76037228904624,152.28881572867385
1120,179.61667905839377,169.49033907826148,336.9778823852539,115.45469999313354,333.6668014526367,63.35167407989502,167.26746022761836,164.02343664081855
1121,160.04893040162833,177.9348283152807,337.89649963378906,117.50687956809998,333.72188568115234,64.5178234577179,167.7446703883753,170.1046595192932
1122,168.54972025701602,160.3001481546809,344.3396759033203,117.14600443840027,333.9097213745117,64.30600941181183,169.62714163714793,172.51321582570435
1123,178.98163381742418,178.47012268369588,347.6338577270508,117.36122488975525,333.5948181152344,63.60482633113861,170.25941673360197,172.52204698976067
1124,178.98104994563346,177.03605073943572,351.20445251464844,117.95486211776733,333.39420318603516,62.62134075164795,170.21621323477598,171.43940359823355
1125,178.97254550941375,167.15469751149453,355.6791305541992,118.73541712760925,333.61255645751953,62.56744980812073,172.1781614456918,171.36975083409638
1126,170.8420575271667,169.76561440690594,355.3813934326172,119.18460130691528,333.5230255126953,62.26481080055237,176.00505626475004,172.51066878841598
1127,178.79365516273518,176.63906255561886,359.1586685180664,123.18051338195801,335.79830169677734,73.84972214698792,178.5558295187661,172.9056515451135
1128,167.9295075408171,176.52791447870553,368.0577850341797,122.77575731277466,342.7301025390625,74.90628719329834,177.92893787393956,172.33721926067682
1138,149.9764730830347,177.16173759174578,411.3892364501953,141.38940811157227,393.59798431396484,127.05170273780823,174.5527158926268,172.7044972619349
1139,145.00901473881947,171.58909891295906,415.1625442504883,149.01530385017395,395.60375213623047,128.604154586792,168.40900507629445,174.5378547784006
1140,146.13314837590025,176.56474765525408,415.00465393066406,158.02989721298218,392.27298736572266,126.69264078140259,159.26372750461255,176.13823024408552
1141,154.41305246410928,175.67660009367904,407.7257537841797,153.9901900291443,383.99131774902344,124.2017912864685,149.86244301325698,176.1903611813137
1142,149.1807692502067,161.54769152611715,404.25830841064453,152.27445602416992,378.72127532958984,122.58966565132141,144.89162451939032,175.00656993369196
1143,136.08770696740706,160.8125850601841,402.8868865966797,153.60379099845886,378.8978958129883,125.23036479949951,145.51147121138655,172.62331408111243
1144,140.27556324463728,157.80981416697625,395.9088897705078,147.90268063545227,371.31053924560547,122.5916075706482,147.3568542311305,168.32665596451668
1145,139.35365616631248,170.37910359383827,397.28919982910156,157.89137721061707,372.5899124145508,123.3136260509491,145.88060264750538,163.14137036920243
1146,136.17540545589853,159.25384995110917,394.19883728027344,162.37019419670105,365.2817153930664,122.22399473190308,141.52908908759002,160.10907185543024
1147,147.49615389734433,164.0088864782706,384.0967559814453,158.06056022644043,360.966796875,124.87303018569946,137.91958761181067,160.6666902758742
1148,168.53024150447825,161.91876128780112,375.6735610961914,150.30539274215698,349.4120788574219,125.35352110862732,138.3005450187313,162.81064361640497
1149,148.9718529159898,152.035209647659,378.3376693725586,126.43315315246582,352.0061492919922,86.12296879291534,144.12846636237612,163.6594038896614
1150,143.4296805177386,142.01965573683,366.56494140625,108.91020655632019,346.98219299316406,43.527697920799255,152.4855958305503,161.51383856909632
1151,155.44369203822183,145.26151280631905,363.6983871459961,99.81148838996887,348.8666534423828,33.796547055244446,156.89040611874066,155.97789895424552
1152,166.22275484546773,177.6548849357336,356.80938720703125,104.30202126502991,347.95093536376953,34.19909566640854,155.29815034235466,149.67842329265804
1153,174.8819020331922,174.0024361561464,351.34803771972656,97.91441559791565,348.52222442626953,31.06098085641861,153.53663868031362,148.83054248397156
1154,173.91966792901874,178.3631604496587,348.3346176147461,100.72027444839478,346.38172149658203,36.51375085115433,157.68885962588627,157.21543644643572
1155,176.36629020568563,177.96152519771906,343.0528259277344,98.10696601867676,347.61695861816406,28.80769193172455,166.85922179729013,170.399979778778
1156,173.89381708271875,178.42276174536065,334.12647247314453,105.98216772079468,342.03285217285156,34.49075639247894,175.2281999702733,180.13420239863729
1157,176.48088937584257,178.93056262799035,321.64424896240234,113.10017108917236,336.4427947998047,42.531345784664154,178.62861026545306,182.70612660430297
1158,174.4632347726038,177.16368747266856,310.4123878479004,137.9296910762787,327.5690460205078,73.06894183158875,177.6002153245273,180.49921265856568
1159,173.49359734527258,171.71323989561313,306.9949722290039,141.19311332702637,315.20259857177734,80.4462879896164,175.2513592929714,177.5506930451902
1160,169.33383659186342,159.50965418838416,303.89699935913086,147.75094270706177,306.09203338623047,97.7234423160553,173.68825539682734,175.2614341745846
1161,169.7551039756674,147.72812893822095,303.5824203491211,153.1570315361023,300.34423828125,104.91095781326294,172.78470368611397,171.7553827223383
1162,169.9172375086055,148.73950934501144,304.90535736083984,151.46612405776978,297.21858978271484,101.10742449760437,171.66344987788767,164.85634997413905
1163,177.13518873517256,129.80550543934697,306.3874816894531,152.85855531692505,298.8580322265625,104.65582609176636,170.50755124147346,155.1436387918681
1164,173.03288858528364,136.88962856840723,304.05969619750977,148.2812476158142,298.12856674194336,106.21269822120667,170.52238768706582,145.2435836813715
1168,178.33103190263645,148.41893291233913,346.5936279296875,120.8624517917633,342.86388397216797,106.04671239852905,172.24572427675508,137.89216727364092
1169,178.08018065148264,163.45537332339958,365.9497833251953,129.7761082649231,360.2370071411133,106.62037253379822,174.78588839586237,136.11727760931313
1170,172.39360166897637,174.4255523701633,389.1570281982422,128.0037796497345,394.85679626464844,103.60532283782959,176.81196732356196,142.2414080618977
1171,178.53085058574118,156.21425964818295,408.8340759277344,121.61177515983582,417.7097702026367,100.97941875457764,177.43700130012814,154.37020336463638
1172,178.68588730777574,169.45833605108263,411.9791030883789,119.93546962738037,417.86930084228516,95.17290830612183,176.8566624767089,165.69401398387743
1173,179.39327804753248,171.4975122050463,421.88453674316406,118.20047736167908,424.8646545410156,91.53839707374573,176.44444429142803,170.42181107832596
1174,172.00471393617175,169.48485217949317,431.2904357910156,121.98493480682373,448.0365753173828,88.2854300737381,177.0153682320431,169.60540739847602
1175,175.95796045267252,157.61876875140695,443.16097259521484,120.4756772518158,451.78661346435547,88.00245702266693,177.5573522890166,167.80484201304228
1176,174.86394311918156,157.52613449115307,450.76744079589844,113.80340337753296,450.68382263183594,86.66340708732605,176.863749443756,166.3747622195647
1177,164.18829822463587,157.24130812532067,455.05401611328125,113.97408843040466,461.11019134521484,82.99452066421509,175.10327940713782,163.7666151389224
1178,163.26506282751342,176.81290118292898,478.72047424316406,126.03030681610107,502.4562072753906,92.07699537277222,172.59228773207164,160.4042982727355
1179,162.47765291079975,165.35904013174448,477.518310546875,124.76123571395874,489.2986297607422,91.24177694320679,169.0434852412011,159.66877630449366
1180,156.1495216662368,155.2120647153389,496.47621154785156,133.16272974014282,517.9682540893555,96.86778545379639,164.86173905444667,162.88003326598303
1181,177.99180466768104,150.97025022101406,490.2278137207031,130.05426406860352,498.93604278564453,86.7761778831482,161.65830064823888,165.8239070307435
1182,161.8869557741351,167.53824602121566,512.5709915161133,130.42617917060852,530.1327514648438,96.83985829353333,161.40295007469157,163.99208598453185
1183,179.94682149645413,169.745494376859,507.74646759033203,129.6206259727478,510.99170684814453,96.55450344085693,164.58331682091287,159.54165460371908
1184,177.12386241498828,169.03208879414282,504.68128204345703,128.9108383655548,501.7181396484375,100.35222172737122,169.47635781962057,158.61063519208136
1185,175.22978573178167,169.44279020125654,511.2025451660156,129.93829607963562,506.12754821777344,99.58008885383606,174.04837890169466,163.0526561947365
1186,177.09715221463716,175.8243967125062,510.97381591796875,139.9191176891327,504.13402557373047,99.14209485054016,177.01821241365823,169.05861360691796
1187,177.1284037277125,177.70479650690294,512.250862121582,140.58645129203796,499.8834228515625,107.51906275749207,177.85656899231165,172.9983438211847
1188,179.65384162056546,173.91584415300724,514.1595458984375,140.6324028968811,498.4056091308594,104.80708122253418,177.36621010072386,174.740289422894
1189,164.30920949102483,174.6953931764469,520.6132125854492,140.3375208377838,511.6463851928711,104.50106263160706,176.69713912030412,175.48123045132584
1190,177.9523550543747,170.20242003321525,516.247673034668,148.27183842658997,502.2208786010742,107.42615103721619,175.66639445545394,175.47873109115
1191,176.75176862424428,169.67285721409672,511.2866973876953,147.0253300666809,498.51966857910156,87.04203844070435,174.03929577858668,174.41495595951324
1192,179.5043182148456,171.72009236144984,510.6013488769531,150.11224150657654,498.6981964111328,87.85204410552979,173.31123830758622,172.47657981586036
1193,174.87626327338813,176.48667793179607,503.03382873535156,149.3934953212738,489.7709274291992,90.20080089569092,174.70450686142996,170.80675161193975
1194,169.48812756514528,179.11336525531325,484.200439453125,148.26147437095642,467.3192596435547,89.94776666164398,176.77746294469637,170.9541999883086
1195,159.85646173846285,179.79646314917085,469.8527526855469,147.4554705619812,454.8136520385742,90.56822061538696,176.5896910171995,173.46363335164114
1196,161.5188920877136,176.09400860152311,460.69019317626953,146.75244212150574,444.7388458251953,92.27526426315308,172.5346762786715,177.02803053553794
1197,160.67405475117695,176.3418726870099,449.620361328125,144.33271408081055,432.0183563232422,101.02983355522156,166.0666493288213,179.36753036625132
1198,165.37218610650902,175.67649141836498,436.77249908447266,143.00302505493164,416.9511032104492,107.12680578231812,160.76556159811454,179.21907071673334
1199,160.8477228517988,176.50309187888692,425.8995819091797,141.81538581848145,404.3021011352539,105.57792663574219,159.21189884418345,177.38946811437046
1200,155.26302887043616,176.628696687223,413.83914947509766,140.2552843093872,392.5079345703125,105.25123357772827,160.59841851888086,175.71784931141207
1201,161.0707997266739,169.1860987614406,399.2631149291992,136.37929916381836,380.9149932861328,111.39008045196533,161.77520672718762,175.12073438686056
1202,161.5993480246293,164.43856731469143,387.42767333984375,131.31370067596436,367.0792007446289,109.20777082443237,161.0118174821628,174.59397425685913
1203,166.18805714301683,178.66953444984742,376.48921966552734,129.74055290222168,356.61670684814453,113.21696519851685,159.77785173154385,172.76086989898928
1204,173.60158252965556,179.18519511300855,361.46114349365234,130.5272662639618,342.61653900146484,111.62551403045654,160.52057249301254,170.77132652653376
1205,176.8939202170897,178.77471985662874,350.57777404785156,129.06633138656616,329.1004943847656,110.54935812950134,164.2061286772134,171.49030284963072
1206,173.67311127335034,172.67900936752588,341.7661666870117,125.52390575408936,322.5048065185547,110.44889330863953,169.76290970191013,175.08411430927646
1207,179.37625685919176,176.36271065886808,333.20384979248047,126.63263440132141,313.7901306152344,110.78297853469849,174.78087160986362,178.23450508817035
1208,176.97836040561208,172.18002429183232,329.4298553466797,132.71212935447693,301.0929489135742,107.60680317878723,177.46764115893615,178.30732161149345
1209,169.19301159719575,173.08478654242546,310.0002098083496,148.0338728427887,277.04395294189453,103.25098156929016,177.8037819623713,175.93685956943202
1210,179.34875848271403,179.93210306524168,300.0742530822754,145.96235990524292,271.61169052124023,102.76784062385559,176.570557956777,173.55262601748578
1211,178.86134662255023,173.80212150977724,296.79874420166016,145.91983079910278,270.9865188598633,108.38993310928345,175.03477409293635,173.08910420072104
1212,178.73023721711087,179.72845009063897,284.94701385498047,146.13255143165588,264.9985694885254,120.09154200553894,174.93455468143821,174.64945189057414
1213,175.19692153584276,172.32111765963523,273.76468658447266,146.87660694122314,257.4532127380371,125.85945010185242,176.59522667040216,176.63549935398706
1214,174.7358373734486,174.4439730326949,266.1859130859375,147.2575557231903,251.58105850219727,120.75529217720032,178.18975451191002,177.3342107439561
1215,172.63469351479688,164.44015713726984,259.3851089477539,146.13130688667297,249.95405197143555,132.90410041809082,177.92625574432162,176.05016397561386
1216,175.0146051073341,164.67781550580787,257.4831199645996,151.2080204486847,246.44758224487305,130.73319554328918,175.94546267382142,172.96060443862754
1217,179.04311020954995,175.6475146365533,253.7264060974121,152.96220660209656,242.50186920166016,132.08673477172852,174.0011896677644,169.16416648679578
1218,175.68519424474428,170.03211333632305,247.69821166992188,159.00028824806213,240.34889221191406,132.1414303779602,173.79416462991705,166.9348071676263
1219,171.68025027953865,174.97457442450286,246.86212539672852,156.72840356826782,242.07975387573242,129.04547452926636,175.19269168680887,167.91337029584244
1220,169.20599047143293,163.17222719692163,247.9190444946289,156.1462676525116,242.11650848388672,128.90363931655884,176.10980645574963,170.7630489191802
1221,170.8766101590614,161.69838775845997,254.15218353271484,157.80935525894165,249.96719360351562,125.4676866531372,174.8110936672238,172.0799217744366
1222,170.12075909280526,159.56975282822984,259.05750274658203,157.0678210258484,261.0177230834961,119.41534638404846,171.95107100479473,169.65216591119054
1223,167.82912741691658,146.0604671583771,260.8180809020996,156.38318181037903,274.42739486694336,119.51977014541626,169.5701491055228,164.19420644187076
1224,175.44189599933682,131.86707010280415,274.08313751220703,155.88117957115173,293.0318832397461,116.84865474700928,168.83691442017368,157.30870159230062
1225,177.47851712428886,140.4219714881562,290.1222801208496,149.67978358268738,299.1328430175781,117.0010256767273,169.8227209879842,149.3486855408438
1226,173.08472052164524,144.25896594327506,302.32091903686523,141.07442021369934,315.8150863647461,99.46006536483765,172.1945062127556,141.51045743120542
1227,177.84990424431768,139.40316956501007,317.53835678100586,140.96453547477722,333.4326171875,96.5243124961853,174.86230498894417,137.06892979516095
1228,171.44826513920964,153.11012999048964,333.42529296875,139.43416357040405,352.57884979248047,93.77782702445984,176.35295525956477,137.82056011510306
1229,175.55612029982134,160.146187437856,346.9816589355469,134.5567488670349,360.5000686645508,93.98746848106384,176.13468121085464,142.4599423365133
1230,179.2389518827914,155.6505714975059,354.5555114746094,134.714537858963,364.46205139160156,97.89551138877869,175.05434137112107,148.93030835123648
1231,172.97890489134932,161.18904131052082,373.8283920288086,133.84640336036682,385.22571563720703,98.49125146865845,174.581466560467,155.20175573744567
1232,154.68113095598142,144.94056502878286,377.9861831665039,135.5772864818573,399.4527816772461,99.71707463264465,174.62068015840126,158.90446906584427
1233,161.73922931641758,149.56354231145372,404.2852020263672,135.9189784526825,423.5309600830078,99.67669129371643,172.55996859775595,158.36742152664203
1234,166.01642244247378,152.7415110323924,414.94773864746094,137.45150685310364,428.6385726928711,113.08664202690125,167.14133044067907,154.2442530515367
1235,155.74272153141953,172.77031493025387,418.96190643310547,132.33238220214844,437.2701644897461,103.88059258460999,161.44309673814072,150.43580982550807
1236,159.49836300178117,156.30919122706706,443.7369918823242,126.09912157058716,452.44300842285156,100.57470560073853,158.792209240871,151.5322880349163
1237,164.3859593902373,157.63393002357037,467.98473358154297,136.67281866073608,502.7296447753906,103.96968483924866,158.89209342277638,157.32779688845272
1238,158.1553920302388,170.11675883309806,468.9757537841797,133.65095615386963,483.3345031738281,101.67402505874634,159.96546282772354,162.6712300559556
1239,160.06205288522622,154.3430004475485,480.00484466552734,133.3457314968109,482.99793243408203,101.76687240600586,160.91077669740338,164.19051838884837
1240,179.70331829561752,162.6157287645581,489.20848846435547,133.45715045928955,492.8355026245117,100.68934321403503,161.5682858524684,162.94326904350288
1241,174.8962545635261,150.91218311434017,501.5415954589844,138.81077527999878,507.1727752685547,105.4313600063324,163.54064519637464,160.787446884774
1242,179.4247165282102,151.9253213615351,509.66064453125,139.8090398311615,507.75634765625,108.4681785106659,168.4533425665845,158.28688124667548
1243,177.61853534593158,154.57387238794,514.4214630126953,141.14306330680847,507.51033782958984,114.87682342529297,174.79362758679343,155.49912462920727
1244,179.83261466246788,169.3203418599092,527.3072052001953,145.05595564842224,518.1591033935547,117.79770612716675,179.27630244207467,153.53932143532361
1245,174.6797520195124,167.77103718509736,527.4755096435547,151.39538884162903,512.0803070068359,121.85190796852112,180.4289299281851,154.78493373652307
1246,172.9470608114901,173.38034743107812,532.5508499145508,152.9803168773651,515.4850387573242,126.4561665058136,179.03259090455717,160.1592095587601
1247,172.60059904674506,178.96016310743894,535.6638336181641,154.25307869911194,515.7218551635742,124.15092587471008,176.4788713944309,167.43549034520052
1248,177.43003676867454,173.51072824661892,542.3923873901367,157.3200237751007,525.6027221679688,127.41142988204956,174.0887026859936,173.50194279069603
1249,161.89654959938338,171.18544540821404,546.518669128418,160.25613069534302,524.3350219726562,131.3992953300476,172.75778754859192,176.5942224833227
1250,160.25979994778731,168.61259348990407,546.8048858642578,160.25793313980103,523.0374908447266,133.1265091896057,171.64315942701586,176.28329552194936
