Window_Index,Anomaly_Score,Hip_Velocity,Smoothed_Rolling,Smoothed_EMA
0,0.2483570765056163,4.7169258515899175,0.2483570765056163,0.2483570765056163
1,0.0691321505855923,4.915870935446928,0.15874461354560432,0.18861543453227497
2,0.3238442690503462,4.931457096694646,0.21377783204718492,0.23369171270496542
3,0.7615149282040127,4.839544546155676,0.35071210608639186,0.4096327845379812
4,0.1170766873616679,4.967742857666798,0.3039850223414471,0.31211408547921016
5,0.1170684784745902,5.080810171362908,0.2777273027352419,0.24709888314433687
6,0.7896064077536957,5.377237180242106,0.42182215416886254,0.4279347246807898
7,0.3837173645764544,5.034915562566368,0.4337967732740841,0.41319560464601135
8,0.234737192967476,5.0515100781445526,0.32844122622677685,0.35370946741983295
9,0.2712800217929823,4.985110816846767,0.3592818931130397,0.3262329855442161
10,0.2317088464062311,4.616245756940192,0.3822099666993679,0.2947249391648878
11,0.2328648767851284,4.994697224910157,0.27086166050565447,0.27410491837163464
12,0.120981135783017,5.012046041988206,0.21831441474696694,0.22306365750876211
13,0.956640122328899,5.492648422497057,0.3626950006192516,0.46758914578214106
14,0.8624589162565164,4.961527807043775,0.4809307795119584,0.5992124026069329
15,0.2811437646204863,5.0603094684667225,0.4908177631548094,0.4931895232781174
16,0.5064155601672119,4.993057646058952,0.5455278998312261,0.4975982022411489
17,0.1571236662976369,4.766264392476094,0.5527564059341501,0.3841066902599783
18,0.4540120377606054,5.228564562903004,0.4522307890204914,0.4074084727601873
19,0.7061518506676457,5.150386606537355,0.4209693759027172,0.5069895987293401
20,0.732824384460777,5.158206389408609,0.5113054998707753,0.5822678606398191
21,0.1128881502432678,4.818122509041052,0.4326000178859866,0.425807957174302
22,0.0337641023439619,5.28055886218722,0.40792810509525157,0.2951266722308553
23,0.7123740931067284,4.719629787441544,0.45960051616447617,0.43420914585614634
24,0.2721913622625913,5.117371418760054,0.3728084184834653,0.38020321799162804
25,0.055461294854933,5.438091125161995,0.23733580056229645,0.2719559102793964
26,0.5754967887111514,4.801892734973863,0.32985752825587317,0.3731362030899814
27,0.1878490091728359,4.886740454079446,0.360674509621648,0.3113738051175996
28,0.3003193449594025,5.019930273017528,0.2782635599921828,0.30768898506486725
29,0.1458468748966384,4.89930486917676,0.25299466251899216,0.253741615008791
30,0.3008533061146984,4.689867313786774,0.3020730647709453,0.2694455120440935
31,0.9261390922544688,5.013712594961206,0.37220152547960883,0.48834337211421863
32,0.0067486123689669,4.787539257254779,0.33598144611883496,0.3278117855324681
33,0.5288554644779502,5.094718486127037,0.38168867002254453,0.39482634518096216
34,0.4112724560515945,4.816115153153239,0.43477378625353574,0.4003083821378396
35,0.6104218249855111,5.309986881003508,0.49668749002769824,0.47034619642039677
36,0.1044317975023777,4.843349341532752,0.3323460310772801,0.3483747301143904
37,0.9798350619398878,4.935587696758865,0.5269633209914643,0.5588615073895562
38,0.6640930244492153,5.162703443473934,0.5540108329857173,0.5939386797427759
39,0.0984306179345617,4.753827136713209,0.4914424653623108,0.42876932580670457
40,0.3692332899977052,5.045491986920826,0.44320475836474954,0.40892398053703816
41,0.0856841405949852,5.261428550856485,0.439455226983271,0.3011773672230205
42,0.0578241411941202,4.678503353087755,0.2550530428341175,0.2200596252133871
43,0.1505518477946444,5.036926771706461,0.15234480750320334,0.1968903660738062
44,0.7392609951837137,5.0519765588496846,0.2805108829530337,0.3776805757771087
45,0.3599221041973543,5.156364574355462,0.27864864579296356,0.3717610852505239
46,0.2303193854798937,4.752609857824384,0.3075756947699453,0.32461385199364723
47,0.5285611131094579,4.7359086773831445,0.40172308915301275,0.39259627236558414
48,0.1718091447842307,5.10438831312338,0.40597454855093007,0.3190005631717997
49,0.881520077681367,5.059396934646637,0.4344263650504607,0.5065070680083221
50,0.1620419846973975,5.050098570069175,0.3948503411504693,0.3916853735713473
51,0.1925411402081582,5.069289641899395,0.3872946920961222,0.32530396245028426
52,0.3384610001529793,4.863995055684302,0.3492746695048265,0.329689641684516
53,0.3058381444204339,5.046450739432201,0.37608046943206713,0.3217391425964886
54,0.5154997612479755,5.058614494659737,0.3028764061453889,0.3863260154803176
55,0.4656400595580993,4.857129716394726,0.3635960211175292,0.4127640301729115
56,0.4196087616113192,5.373154902228952,0.40900954539816137,0.41504560731904744
57,0.1546061879256073,5.0947665841823575,0.37223858295268697,0.32823246752123414
58,0.1656317157017819,4.76173930055947,0.3441972972089566,0.2740322169147501
59,0.4877725635611796,5.131310721726766,0.33865185767159744,0.34527899913022664
60,0.2395871189226449,4.805063665954536,0.2934412695445065,0.31004837239436606
61,0.0928294883319085,5.15741692074849,0.22808541488862438,0.23764207770688023
62,0.5531674870030141,5.23171911580148,0.3077976747041058,0.34281721413892485
63,0.5981033120403354,4.835863536329658,0.39429199397181647,0.4279125801060617
64,0.406262911197099,5.192675225848864,0.37799006349900033,0.4206960238030742
65,0.6781200142854115,5.0825561853873,0.46569664257155363,0.50650402063052
66,0.0360050607901669,5.164412031998898,0.4543317570632054,0.34967103401706906
67,0.5017664489460121,5.379358596530789,0.4440515494518049,0.4003695056600501
68,0.180818012523817,4.950922376799426,0.36059448954850126,0.3271856746146391
69,0.3225598773025621,4.849252767128502,0.3438538827695939,0.3256437421772801
70,0.1806978027542069,4.822097114074896,0.24436944046335302,0.2773284290362557
71,0.8379838004743639,4.836837943006913,0.40476518840019243,0.4642135528489585
72,0.1558440540377343,4.98457965811718,0.33558070941853685,0.36142371991188377
73,0.989218379631141,5.0682303949633285,0.49726078284000164,0.5706886064849696
74,1.585734621010389,5.055338159866004,0.749895731581567,0.9090372779934428
75,0.7557788383945085,5.165436649807205,0.8649119387096273,0.8579511314604648
76,0.4573166375673614,4.940100378375582,0.7887785061282269,0.7244063001627637
77,0.6322622959225889,5.165706815431463,0.8840621545051978,0.6936916320827055
78,0.5976045261987857,4.7595686333524085,0.8057393838187267,0.6616625967880656
79,1.6144741124728603,5.294033833317924,0.8114872821112209,0.9792664353496638
80,0.7994911163325491,4.812633469553001,0.8202297376988291,0.9193413290106256
81,0.9371769754110456,4.453568488716743,0.9162018052675659,0.9252865444774323
82,1.5665332292673098,4.348321500387778,1.10305599193651,1.1390354394073916
83,1.1556868332747547,4.596494483048637,1.214672453351704,1.144585904029846
84,1.369764042825904,4.39280744293483,1.1657304394223127,1.219645283628532
85,1.285361280412958,4.517800098818419,1.2629044722383944,1.2415506158900074
86,1.561149334713106,4.407147524914709,1.3876989440988066,1.3480835221643737
87,1.3367893479332904,4.235434217468625,1.3417501678320025,1.3443187974206792
88,1.506259412228347,4.018141256386319,1.411864683622721,1.3982990023565685
89,1.566978544142885,3.822030555062828,1.4513075838861174,1.4545255162853408
90,1.4278491195016063,3.9731970095865954,1.4798051517038469,1.445633384024096
91,1.9325983573354104,4.171279758864695,1.5540949562283077,1.607955041794534
92,1.868267926249021,3.9803187488260408,1.6603906718914536,1.6947260032793632
93,1.7500379698506083,3.625852244257602,1.7091463834159062,1.7131633254697782
94,1.8512264903591824,3.847136185170237,1.7659959726591659,1.759184380432913
95,2.455895405100542,3.827063475945767,1.9716052297789528,1.9914213886554561
96,1.94116358680815,3.5107285127597736,1.9733182756735008,1.9746687880396876
97,1.992596601607186,3.655745021189105,1.9981840107451336,1.9806447258955204
98,1.933591211079851,3.5741417436892,2.0348946589909827,1.9649602209569639
99,2.1172935666875734,3.271405940433876,2.0881080742566605,2.015738002867167
